axis,axis_bin,axis_max,axis_min,err_0,err_1,err_2,par_0,par_1,par_2,sys_total_0,sys_total_1,sys_total_2,sys_1_par0,sys_1_par1,sys_1_par2,sys_2_par0,sys_2_par1,sys_2_par2,sys_9_par0,sys_9_par1,sys_9_par2,sys_5_par0,sys_5_par1,sys_5_par2,sys_6_par0,sys_6_par1,sys_6_par2,sys_8_par0,sys_8_par1,sys_8_par2,sys_7_par0,sys_7_par1,sys_7_par2,sys_4_par0,sys_4_par1,sys_4_par2,sys_3_par0,sys_3_par1,sys_3_par2,sys_10_par0,sys_10_par1,sys_10_par2,sys_11_par0,sys_11_par1,sys_11_par2
pt,0,0.202108156681,0.000284209789243,0.00559326726943,0.399494290352,0.481435269117,0.0235484410077,0.035529948771,-0.284410983324,0.00306521373593,0.25336966011,0.243006587521,0.0002891849726,0.10012396425,0.112204864621,0.0011353809386,0.143245501444,0.115988671779,0.00131389684975,0.00180967897177,0.0715687423944,0.00045607984066,0.061791241169,0.034218788147,0.0010243318975,0.0248736459762,0.000629901885986,0.000279659405351,0.0270362151787,0.00269675254822,0.000119661912322,0.00199564546347,0.0396605283022,0.00182188488543,0.0582007057965,0.0637357831001,0.000100756064057,0.133262205869,0.118209391832,0.000829288735986,0.0813972260803,0.0840523391962,0.000964138656855,0.0265591125935,0.0058953166008
pt,1,0.274544388056,0.202108156681,0.00605163909495,0.395408093929,0.481255292892,0.0253243763,-0.422031641006,0.0951746404171,0.00445477037365,0.13138136881,0.246964797147,0.0002556312829,0.055633693934,0.0054008513689,0.0012426320464,0.01177534461,0.0302713438869,0.00246035307646,0.00871726870537,0.118740737438,0.00137108564377,0.0621277391911,0.0160320587456,0.000486573204398,0.0343555808067,0.0517546385527,0.00137376226485,0.0642172396183,0.0176824387163,0.000942369922996,0.0276457071304,0.0408753696829,5.38676977157e-06,0.028662353754,0.0518447328359,0.00193660706282,0.0073764026165,0.167376466095,0.00148952566087,0.037991642952,0.100628653541,0.00114938430488,0.0412758886814,0.0140999007854
pt,2,0.328453010321,0.274544388056,0.00653849588707,0.372410237789,0.388941138983,0.0302749257535,0.14832597971,-0.380049437284,0.00561414516519,0.218808040793,0.145794703096,0.0003303196281,0.01217494905,0.006898730993,0.0001152567566,0.025074020028,0.003977119922,0.00321314670146,0.0437495037913,0.0185703635216,0.00148165971041,0.0478433817625,0.0159697532654,0.00198506936431,0.0352157503366,0.0706942379475,0.00333152152598,0.120795741677,0.0573533475399,0.000449767336249,0.0273848921061,0.0948676764965,3.08491289616e-05,0.0750836133957,0.0134894251823,0.00154833495617,0.0918778851628,0.010677665472,0.00105261616409,0.109994251281,0.00571617484093,0.000358445569873,0.0117256939411,0.0545635819435
pt,3,0.376168769598,0.328453010321,0.00489598838612,0.414820075035,0.458936572075,0.0334486216307,-0.0438248924911,-0.25222235918,0.00391173473148,0.145095638891,0.160978468449,0.0004554130137,0.0453714877372,0.06159594655,0.0011905990541,0.046679094434,0.116785898804,0.000329431146383,0.0395957306027,0.0215764939785,0.00121565908194,0.036311686039,0.0680567026138,0.00044134631753,0.0342634543777,0.0211529433727,0.00158650800586,0.0114324390888,0.0237917602062,0.00186447054148,0.0453598275781,0.0116579532623,0.00111700966954,0.0235898345709,0.0139196813107,0.000244736671448,0.0254033058882,0.00401526689529,0.00122615695,0.0816527679563,0.0171683877707,0.00175820291042,0.0519393160939,0.0415904372931
pt,4,0.422122508287,0.376168769598,0.00773474015296,0.363314300776,0.472039580345,0.0347511768341,0.0587815158069,-0.293545305729,0.00509545198696,0.149120260226,0.190510789623,0.0010825619101,0.0260149687529,0.112306267024,0.0013105981052,0.0316304564476,0.029334932566,0.00155864655972,0.0666261315346,0.00525397062302,0.000312726944685,0.00251137465239,0.00193944573402,0.000762693583965,0.0230434164405,0.0918788313866,0.00047105923295,0.029673397541,0.083464205265,0.00225453823805,0.0246125683188,0.00969848036766,0.00170477107167,0.0332066267729,0.0598680078983,0.00277598947287,0.102866325062,0.00647369027138,0.000702571123838,0.0408741123974,0.0133943557739,0.00188529491425,0.0272414608626,0.0590102523565
pt,5,0.469540512562,0.422122508287,0.00540761416778,0.42451697588,0.470168739557,0.0324129462242,-0.278343707323,-0.226338088512,0.00339920504452,0.219394123986,0.129487234617,0.0018627438694,0.024627268314,0.01552836597,0.0015221759677,0.063202500343,0.000941857696,7.78064131737e-05,0.117148280144,0.0619343072176,0.000905949622393,0.0549901127815,0.00488169491291,0.000220779329538,0.0109053552151,0.0646992176771,0.000118423253298,0.0291895270348,0.0284628868103,0.00129124894738,0.0419870018959,0.000937566161156,0.00151661410928,0.0786993801594,0.0198490321636,0.000396311283112,0.104658514261,0.0583196282387,7.36899673939e-05,0.0245557278395,0.0522161722183,0.000865019857883,0.0793803930283,0.0338606238365
pt,6,0.521940326691,0.469540512562,0.00731414277107,0.458594858646,0.466100484133,0.0345905646682,0.158424764872,-0.339538753033,0.00680849898074,0.326007697308,0.221921956272,0.0017391815782,0.106645196676,0.027861177922,0.0002128221095,0.108616217971,0.049782752991,0.00312237069011,0.130000367761,0.124652564526,0.00081530585885,0.07730217278,0.0120088756084,0.00160554796457,0.0360418856144,0.0164341628551,0.00234483554959,0.139998733997,0.117996454239,0.00135296955705,0.0440459549427,0.0094738304615,0.00159889832139,0.0199068486691,0.0185617804527,0.00415332615376,0.15150514245,0.120061486959,0.00031990557909,0.0295620411634,0.0338451266289,0.00174819678068,0.114768907428,0.0111588835716
pt,7,0.585257208347,0.521940326691,0.00702766794711,0.374757528305,0.432855367661,0.0347297526896,-0.197556704283,-0.339422315359,0.00705502804711,0.226985639659,0.206983481731,9.96291638e-05,0.036404445767,0.03632748127,0.0019746273756,0.044619143009,0.051405042409,0.000970546156168,0.0421461910009,0.021286457777,0.000641830265522,0.0442152619362,0.0128732025623,2.21841037273e-05,0.0752593129873,0.0547432899475,0.000537421554327,0.0722545534372,0.0762670040131,0.00589103996754,0.083791539073,0.105496793985,0.00193234160542,0.0667713358998,0.0798203349113,0.00201963633299,0.125625967979,0.0274224877357,0.000362243503332,0.00502255558968,0.097826808691,0.00125406309962,0.0793965384364,0.0403081178665
pt,8,0.674586963654,0.585257208347,0.00637527788058,0.367622941732,0.515403568745,0.0310477335006,-0.278699636459,-0.19807434082,0.00618878254227,0.190671622749,0.292037914981,0.0011698175222,0.034661084413,0.163805693388,0.0020473413169,0.040033936501,0.026296645403,0.000176252797246,0.0414518564939,0.0107201933861,0.000420499593019,0.000558644533157,0.111236423254,0.00159727036953,0.0641964226961,0.0439560264349,0.000581864267588,0.119290590286,0.0589278936386,0.000414066016674,0.0956267416477,0.0514634922147,0.000396944582462,0.0257707387209,0.0179468989372,0.00439447164536,0.0455124080181,0.118432223797,0.00285972096026,0.00652627646923,0.144983351231,0.00135086104274,0.0394840538502,0.0430381894112
pt,9,1.19308447838,0.674586963654,0.0043354537338,0.46184322238,0.526168167591,0.019339138642,-0.375558704138,-0.0260298103094,0.00358765838912,0.200468183735,0.231013800244,0.0009204633534,0.011366158724,0.0261962786316,0.0008766222745,0.079557716846,0.031554237008,0.00198845006526,0.0947433710098,0.122666884214,0.000348128378391,0.0659358203411,0.05703080073,0.000202119350433,0.0407228171825,0.10709823668,0.000887706875801,0.0365290641785,0.0559834130108,0.00166813097894,0.00513979792595,0.0792889092118,0.00156600214541,0.0431850552559,0.0154474377632,0.000680107623339,0.0462819635868,0.0680828336626,0.000207521021366,0.107907384634,0.00482476502657,0.000781623646617,0.0416524112225,0.08716481179
q2,0,1.17318458557,1.00000059605,0.00535408360884,0.425770908594,0.420640468597,0.0273231118917,-0.0868919938803,-0.345126569271,0.00686950877686,0.290664869509,0.248540923677,0.0006019156426,0.0932661646511,0.051752775907,2.51401216e-05,0.0543740019206,0.020755261183,0.00138338282704,0.0970387980342,0.0756378769875,0.000978410243988,0.0290673412383,0.0329363644123,0.00175256840885,0.174923416227,0.00488770008087,0.00086379610002,0.0523506253958,0.00055655837059,0.000986598432064,0.110249467194,0.0273841619492,0.000470977276564,0.054337112233,0.0317990779877,0.00484141334891,0.0660091787577,0.202886983752,0.00290671736002,0.019926674664,0.0720643252134,0.00265613570809,0.0967934802175,0.0609581768513
q2,1,1.2992051363,1.17318458557,0.00728965224698,0.438963264227,0.333233475685,0.0311719551682,-0.0290114935488,-0.564507424831,0.0074771463271,0.248419829661,0.308029156205,0.000121396035,0.089553227648,0.064691483974,0.0008433740586,0.001089967787,0.009050846099,0.00119549036026,0.0156931206584,0.0216820836067,0.000853983685374,0.0110011808574,0.0594164729118,0.00205774977803,0.062267549336,0.0372700691223,0.00158393010497,0.132479716092,0.00192004442215,0.00144591368735,0.0697936266661,0.0456799268723,0.0030321162194,0.0128857679665,0.105180621147,0.00341627188027,0.0706721842289,0.0364210903645,0.00183181837201,0.146175175905,0.120829552412,0.00446868874133,0.0222954535857,0.236951440573
q2,2,1.4161123991,1.2992051363,0.00579731492326,0.391091197729,0.52296257019,0.0261107068509,-0.353939980268,-0.13543535769,0.00504170363856,0.284631755821,0.244036644289,0.0006785895675,0.028623476625,0.019829273223,0.0006983038038,0.019488543272,0.007794797421,0.00131202675402,0.130901753902,0.103551760316,0.00174260698259,0.0173089206219,0.000686660408974,0.000204015523195,0.0868076980114,0.0821450352669,0.0007802862674,0.00299173593521,0.0174912214279,0.0034295655787,0.224607512355,0.0551934540272,0.000741319730878,0.00668504834175,0.099612750113,0.00154619291425,0.0502752661705,0.0942348912358,0.00192230194807,0.0356120467186,0.0253249183297,0.000815272331238,0.0234027802944,0.137230291963
q2,3,1.53989214897,1.4161123991,0.0062312418595,0.420784145594,0.481268495321,0.0282034054399,-0.166128858924,-0.229832574725,0.00643496300535,0.237583553229,0.241089904114,0.0011867024005,0.0339138954879,0.028848499059,0.0013821162283,0.087801434099,0.012597844005,0.000911809504032,0.00580662488937,0.0520097762346,2.09677964449e-05,0.141007192433,0.058707728982,0.0023048017174,0.0441242307425,0.00249204039574,0.0015175063163,0.0783471167088,0.0878322720528,0.00233045592904,0.0232507735491,0.0683570206165,0.00291895866394,0.00196228921413,0.0655270069838,0.000390311703086,0.0402500331402,0.0231799781322,0.00359972380102,0.0773660093546,0.126131236553,0.00160678848624,0.106933265924,0.133597142994
q2,4,1.67998671532,1.53989214897,0.00768603337929,0.446809738874,0.525232851505,0.0293595250696,-0.23092867434,-0.224660336971,0.0046913165444,0.19387292535,0.200719985309,0.000449988991,0.000232309103,0.073011219501,0.0029972027987,0.052310347557,0.002589702606,0.00162586010993,0.0467121303082,0.00628006458282,0.00022211112082,0.0134610235691,0.0143812894821,0.000261029228568,0.0254119038582,0.0446507483721,0.00187862850726,0.0635949969292,0.0938401967287,0.00128865800798,0.0768349766731,0.0861461162567,0.000422431156039,0.0208486318588,0.0469026565552,0.000765614211559,0.0843530297279,0.0093644708395,0.00200666114688,0.106935963035,0.110177025199,0.000284004956484,0.0539255142212,0.0453602522612
q2,5,1.84562065601,1.67998671532,0.00780055066571,0.388721317053,0.527883172035,0.0301333721727,-0.226530343294,-0.120444625616,0.00513316441687,0.210186476862,0.228966223436,0.0018829852343,0.017482221127,0.038876697421,0.000277319923,0.007447496057,0.033399775625,0.00061958655715,0.149568483233,0.125663870946,0.000693667680025,0.0547796785831,0.12193197757,0.0017914827913,0.0969536751509,0.0689048469067,0.000976784154773,0.0372911244631,0.0215191394091,0.00142469070852,0.0228213518858,0.0550870969892,0.00291556492448,0.0361658483744,0.0393342226744,0.000231796875596,0.0342657566071,0.0956089347601,0.00248496420681,0.0124198794365,0.0103023797274,0.0009691324085,0.0670663565397,0.0099922567606
q2,6,2.05102458,1.84562065601,0.00679204287007,0.363907068968,0.503205418587,0.033405456692,-0.0378896556795,-0.250142931938,0.00535590582671,0.139802142929,0.160490024204,1.86450779e-05,0.0133592514322,0.018880799413,0.0023149251938,0.0361881591379,0.000622943043,0.00192726030946,0.00590238720179,0.0658791512251,0.000632055103779,0.0749729666859,0.0769995003939,4.01064753532e-05,0.0600021015853,0.104310125113,0.00126054510474,0.0636142157018,0.000962138175964,0.000404950231314,0.0226462238279,0.0199492126703,0.00370435044169,0.0294473804533,0.0331846177578,0.000392057001591,0.0149458209053,0.0199826955795,0.00144615396857,0.0534865106456,0.0368350148201,0.00122099369764,0.0170175824314,0.031533241272
q2,7,2.32136573792,2.05102458,0.00551288481802,0.359531342983,0.499403208494,0.0278070215136,-0.226184993982,-0.211322441697,0.002716369871,0.165418158102,0.270578873635,0.0001863725484,0.044764384628,0.118483364582,0.001621382311,0.058480009436,0.00554279983,0.000769935548306,0.00790038704872,0.0819698274136,0.000229740515351,0.0540684312582,0.029081299901,0.000190095975995,0.0866418257356,0.176617220044,3.89274209738e-05,0.0556426793337,0.0873690843582,0.000862034037709,0.0695655047894,0.0774800479412,0.000103110447526,0.0449407100677,0.0199034512043,0.000374121591449,0.0039194971323,0.0170514136553,0.00148754939437,0.0156852602959,0.0745865106583,0.000961931422353,0.0350751131773,0.0223364979029
q2,8,2.73428564072,2.32136573792,0.00586579414085,0.376975446939,0.446846991777,0.0354117117822,-0.0356522426009,-0.234732553363,0.00375164037631,0.140354134396,0.195985191477,0.0014418549835,0.0668461024761,0.000539660454,4.18610871e-05,0.0479201823473,0.016714841127,0.00171187520027,0.0461850240827,0.0558362901211,0.000400006771088,0.00804907869315,0.00517100095749,0.00125857815146,0.042605499737,0.0280153155327,0.000706996768713,0.0555953141302,0.0622017681599,0.00235340744257,0.0681198621169,0.00813740491867,0.000335019081831,0.0253297612071,0.0576293170452,0.000660561025143,0.00217636488378,0.0499325990677,0.000515606254339,0.0224084481597,0.00395038723946,0.000683203339577,0.00646827183664,0.156320005655
q2,9,4.73682165146,2.73428564072,0.00641658995301,0.403359562159,0.596222519875,0.0284199118614,0.138318121433,-0.0796717852354,0.00504230823695,0.208232035504,0.223399579184,0.0004190970213,0.02195315063,0.010980129242,0.0001423750072,0.008319728077,0.0545550845567,0.00102800503373,0.0189489126205,0.0851097330451,0.000388672575355,0.0354660749435,0.011161185801,0.00262470915914,0.0565017983317,0.122113201767,0.000347359105945,0.0442983880639,0.0505193397403,0.00309748575091,0.175834566355,0.0590882543474,0.00221211835742,0.0226795747876,0.00385856162757,0.00109037384391,0.034776635468,0.070063970983,0.00102847069502,0.0364540219307,0.0138349700719,0.000526107847691,0.0454670190811,0.11563649209
x,0,0.143282440305,0.106729149818,0.00606628926471,0.48768594861,0.461590468884,0.0219954960048,-0.244364053011,-0.280112951994,0.00447854709206,0.359412155079,0.276680253212,0.0001973267645,0.072995215655,0.071308881044,0.0006368439644,0.047605276108,0.051682591438,0.000731321051717,0.121191307902,0.15421551466,0.0027869567275,0.0244160592556,0.142192944884,9.93404537439e-05,0.227610081434,0.0725097358227,0.000979507341981,0.0440793931484,0.0671727061272,0.00109925307333,0.110092625022,0.0227271020412,0.000255018472672,0.119988173246,0.0309714972973,0.000409506261349,0.0194575190544,0.0431254506111,0.0029006190598,0.097238175571,0.107364922762,0.000697808340192,0.127272576094,0.0127293765545
x,1,0.166495496035,0.143282440305,0.00611289869994,0.404615700245,0.464852929115,0.0219013784081,0.0279193073511,-0.36975184083,0.00605595239839,0.324307767702,0.368284671941,0.0018433090299,0.0430961381644,0.042328804731,0.0005732979626,0.0244728326797,0.063660800457,0.000601360574365,0.0475760772824,0.0684821903706,0.00108735635877,0.122931696475,0.0271408855915,0.00105400756001,0.055294284597,0.0475814044476,0.00247813016176,0.0510983420536,0.00791358947754,0.00370319187641,0.223749965429,0.236649081111,0.000446517020464,0.142741784453,0.000751554965973,0.00294895656407,0.0360204055905,0.100595682859,0.00065235607326,0.0747559405863,0.192078858614,0.00105694867671,0.0484764231369,0.137909352779
x,2,0.188544484973,0.166495496035,0.0058252629824,0.371004462242,0.412984341383,0.0363659188151,-0.228977158666,-0.273779302835,0.00529899259044,0.218825955912,0.297095222971,0.0007906481624,0.108886219561,0.120368510485,0.0005217604339,0.007391244173,0.009800314904,0.00102787837386,0.0500596016645,0.0270881205797,0.000530909746885,0.00390258431435,0.120629519224,0.000818375498056,0.115865580738,0.0514595210552,6.23799860478e-05,0.0854481756687,0.00629386305809,0.00267288461328,0.0501109659672,0.0737067013979,0.0032276622951,0.0984281599522,0.00717601180077,0.00174514204264,0.0129969120026,0.165426135063,0.000504773110151,0.00670695304871,0.0615171045065,0.00207545235753,0.0177038908005,0.138107463717
x,3,0.210731205344,0.188544484973,0.00783139746636,0.439100176096,0.326587617397,0.0307695455849,-0.18335147202,-0.572214782238,0.00428911480235,0.176353899936,0.189994845034,0.0010684281587,0.105648443103,0.06069868803,0.0005495212972,0.051342427731,0.075429141522,0.000631026923656,0.0159113407135,0.0452690720558,0.000552792102098,0.0194172859192,0.0435380339622,0.000833787024021,0.0227056741714,0.00447624921799,1.96807086468e-05,0.027061522007,0.0120943784714,0.000212959945202,0.0360946804285,0.0250045657158,0.00136845931411,0.076591655612,0.0522192716599,0.00309060886502,0.00754842162132,0.104349970818,0.000470500439405,0.0496814399958,0.0843622088432,0.00196528993547,0.0757010728121,0.0354261994362
x,4,0.233939141035,0.210731205344,0.00739264348522,0.392053067684,0.610633313656,0.0292446948588,-0.0772279202938,-0.13696461916,0.0055350014416,0.19032893257,0.290616847523,0.0002089440822,0.0399788022042,0.140296357684,0.000949351117,0.0885286703705,0.0652971714736,0.00210062973201,0.0245074313134,0.149288695306,0.000418826937675,0.0157016590238,0.0493689104915,0.00107223540545,0.0208137258887,0.0554963797331,0.00215669907629,0.00159293040633,0.0586436241865,0.00145199336112,0.0827164966613,0.0781985335052,0.00288705527782,0.03079328686,0.109018422663,0.00128579698503,0.0543662495911,0.0437891744077,0.00263041816652,0.106186164543,0.000146768987179,0.000535227358341,0.0590350031853,0.0966979644727
x,5,0.259004372358,0.233939141035,0.00644042342901,0.43631362915,0.579873979092,0.0290453694761,-0.326177984476,-0.0716591775417,0.00468932881551,0.27302261391,0.244183393224,0.0001940503716,0.094449132681,0.0269038975236,0.0010943971574,0.029520869256,0.0727764517069,0.0013363417238,0.168944239616,0.110105250031,0.000562265515327,0.0831880569458,0.0204714909196,0.000906825065613,0.111280977726,0.0750509798527,0.00129451975226,0.0767842829227,0.040244076401,0.00132556445897,0.0751472711563,0.130261495709,0.00341220758855,0.00801345705986,0.095611974597,0.000697176903486,0.0113954246044,0.0340628549457,0.000190135091543,0.0206037461758,0.0586468204856,0.00149395130575,0.0688610076904,0.055690035224
x,6,0.28756390214,0.259004372358,0.00634151278064,0.424602359533,0.534094274044,0.0313702151179,0.0484169758856,-0.286012500525,0.00457861876565,0.222826782673,0.228698318469,0.0001420676708,0.0215652813204,0.1299123317,0.000726338476,0.0262597948312,0.041640594602,0.00118122436106,0.0856837611645,0.121325463057,0.00123301520944,0.0143727138638,0.0908591449261,0.00043872371316,0.0261661335826,0.0108533501625,0.000213071703911,0.0252645537257,0.0814345777035,0.00165323168039,0.135744899511,0.0067920088768,0.00166169553995,0.0328924297355,0.0448107421398,0.00202886201441,0.0453985659406,0.0197025239468,0.00235711038113,0.107670338824,0.0387366116047,0.00144770368934,0.0803950838745,0.00492762029171
x,7,0.32276456356,0.28756390214,0.00681136129424,0.396476864815,0.546582221985,0.031488943845,-0.394160836935,-0.0872105956078,0.00424718453394,0.2308021779,0.209339645344,0.0001937057822,0.120184570551,0.165425308048,0.0016831867396,0.100567460061,0.0164923071857,0.00190545246005,0.123911827803,0.0549218654633,0.001808937639,0.0041306912899,0.0898017063737,0.000260738655925,0.00992828607559,0.0470728054643,0.000614635646343,0.0317820310593,0.02218092978,0.0017415676266,0.0294284820557,0.00437715649605,0.000173389911652,0.00922510027885,0.0391367375851,0.000366952270269,0.0733838677406,0.0142985880375,0.000673100352287,0.0677486658096,0.0236740708351,0.00204164907336,0.0361305475235,0.00901126861572
x,8,0.375025516748,0.32276456356,0.00546121550724,0.464586228132,0.536035358906,0.0261997915804,0.347063153982,-0.192989051342,0.00433793293623,0.16780715479,0.186437515041,0.0020946227014,0.058266490697,0.012585565448,0.0006251242012,0.060761749744,0.064105637371,0.00193688832223,0.0359744131565,0.0529996901751,3.95774841309e-05,0.00603604316711,0.00192750990391,0.000114358961582,0.0143350958824,0.0571308583021,0.00144068524241,0.0463355779648,0.0582244992256,0.00156454369426,0.0305125415325,0.0184832066298,0.000528864562511,0.0421963632107,0.0627057924867,7.60331749916e-05,0.0671125352383,0.0200778692961,0.00228648632765,0.0964306294918,0.0623189508915,0.000486196950078,0.0295751094818,0.111641794443
x,9,0.601937830448,0.375025516748,0.0072789369151,0.392560333014,0.613946139812,0.0260856747627,0.152282699943,0.10074390471,0.00309324756132,0.0772224590207,0.185295385494,0.0003812909126,0.024501144886,0.107339479029,0.000961907208,0.0198763310909,0.0008026175201,0.00211334787309,0.0409596264362,0.00726148486137,0.000367157161236,0.0047135874629,0.0371125862002,0.000702848657966,0.00677742809057,0.039053697139,0.000914281234145,0.00154883414507,0.0596717717126,0.000535530969501,0.00529401004314,0.123414091766,0.000755123794079,0.000470191240311,0.00532948970795,0.000285467132926,0.0428850054741,0.0104466192424,0.000642739236355,0.0348259955645,0.0236812606454,0.00110225751996,0.0118097811937,0.019147105515
z,0,0.239687526226,0.121260158718,0.00399706698954,0.447475761175,0.471513003111,0.0206855945289,-0.217043191195,-0.186391100287,0.00248830631841,0.146135147878,0.232559089682,0.0001216735691,0.040268719196,0.024434059859,0.0004437640309,0.067316323519,0.106424838305,0.000939190387726,0.0505851507187,0.139017403126,4.81009483337e-05,0.0234834253788,0.0185303017497,0.000136014074087,0.0466015040874,0.0330418497324,0.00163993239403,0.0138982385397,0.0981012880802,0.000400368124247,0.0262459516525,0.0617361366749,0.000970169901848,0.0703941732645,0.0250263661146,0.00049189478159,0.0614964216948,0.0693941861391,0.000633997842669,0.00423762202263,0.0467092096806,0.000801391899586,0.0168308466673,0.0184567272663
z,1,0.29801158309,0.239687526226,0.00424366910011,0.35377702117,0.590211689472,0.0249903537333,-0.287270784378,-0.0280901528895,0.00557647020502,0.168756545806,0.242876528355,0.0004171617329,0.034993767738,0.0659561045468,0.0009979028255,0.023383289576,0.161735203117,0.000517735257745,0.0505350381136,0.0281505156308,0.000976156443357,0.0503688305616,0.0886129327118,0.00277435593307,0.0572675019503,0.0676183591131,0.000330017879605,0.0692570209503,0.0388115725946,0.00100764259696,0.050808429718,0.0222453251481,0.00249468162656,0.0978146195412,0.0760235693306,0.00203952379525,0.00144839286804,0.0411426369101,0.00299958139658,0.0196476876736,0.0462805973366,0.000710187479854,0.0316732227802,0.0604002689943
z,2,0.345192909241,0.29801158309,0.00645006122068,0.394769966602,0.327843546867,0.0325912311673,-0.0349021404982,-0.550382971764,0.00513471747115,0.216882938046,0.120125950776,0.0007074326277,0.0843867175281,0.033226490021,0.0002048686147,0.0825904095545,0.016006469727,0.000595036894083,0.0142459347844,0.0375699400902,0.00127416849136,0.087177619338,0.0216247439384,0.00126783549786,0.0768485963345,0.0262640416622,0.000556096434593,0.0362264737487,0.0307604074478,0.000737994909286,0.0748847834766,0.0168343186378,0.00448324903846,0.0771967084147,0.0694097876549,0.000368230044842,0.0690920799971,0.0461906790733,0.000707674771547,0.0153518095613,0.0471496582031,0.000805053859949,0.0387106016278,0.00985509157181
z,3,0.388442796469,0.345192909241,0.00480778934434,0.365233212709,0.514607667923,0.0297721717507,-0.0352753214538,-0.115237005055,0.0027324194023,0.222850358891,0.228748741748,0.0013096891344,0.00622063397895,0.0992002859708,0.0012632552534,0.0252174043562,0.105120271445,0.000304248183966,0.0423547308892,0.0362162813544,0.000331560149789,0.0342294489965,0.0277935639024,0.000380869954824,0.00887384265661,0.000135622918606,0.000218123197556,0.0242347177118,0.0870793312788,0.000307444483042,0.0641733175144,0.0745586901903,0.00145730935037,0.00932149216533,0.0755599737167,0.000116601586342,0.0758488439023,0.0136377215385,0.00107810087502,0.00235224887729,0.0673020035028,0.00060473755002,0.188128516078,0.0760541521013
z,4,0.431311070919,0.388442796469,0.00781878177077,0.414418846369,0.305468261242,0.0303926095366,-0.0391160361469,-0.64713704586,0.00240251146509,0.221703654876,0.133747987808,0.0009406805039,0.0597659125925,0.006636798382,0.0002478025853,0.08714221837,0.020923793316,0.000283878296614,0.0612310096622,0.0477730035782,0.0011510271579,0.0313601549715,0.00680208206177,0.000368945300579,0.124253066781,0.0269269943237,0.00150215812027,0.0069664157927,0.0242091417313,0.000436961650848,0.00220338255167,0.0154609680176,0.000120112672448,0.0153151676059,0.0339215993881,0.000652534887195,0.125956041738,0.0957171320915,0.000629682093859,0.0303422957659,0.0428661704063,7.84173607826e-06,0.0272349044681,0.0371214747429
z,5,0.475791913271,0.431311070919,0.00532423891127,0.454609394073,0.525692641735,0.0251597836614,-0.316211134195,-0.119950033724,0.00403751716748,0.233369167911,0.205999685091,0.0001574475318,0.01818817854,7.0668757e-05,0.000160207972,0.030633360147,0.032956302166,0.00145703367889,0.0507390499115,0.0131346136332,0.000422144308686,0.0744892954826,0.0384772568941,0.00107720308006,0.0974503755569,0.0117238014936,0.00123573839664,0.0105844140053,0.073473572731,0.000344097614288,0.0292921960354,0.0545272901654,0.0018069576472,0.080663472414,0.058409973979,0.00101157650352,0.0847910940647,0.148974237964,0.000996036455035,0.0340756773949,0.00375817716122,0.002421496436,0.140516668558,0.0746225081384
z,6,0.524435889721,0.475791913271,0.0060592116788,0.450546830893,0.561888039112,0.0257160086185,-0.107116028666,-0.136354804039,0.00439251363249,0.161415776967,0.201588435654,0.0008049402386,0.049700476229,0.0921491757037,0.0007496401667,0.022938624024,0.0511653870345,0.00123227015138,0.0233635902405,0.0889227055013,0.000641463324428,0.0147172510624,0.0479555428028,0.00255640409887,0.0819318369031,0.00735481828451,0.00135964155197,0.0446885153651,0.0445829257369,0.000560047104955,0.0833319872618,0.0353755354881,0.000582134351134,0.0600647032261,0.0442204996943,0.00228017568588,0.0253163054585,0.0818229466677,0.000162784010172,0.0489149689674,0.083406733349,0.00137559510767,0.000901624560356,0.0205245912075
z,7,0.581625199318,0.524435889721,0.00717040151358,0.470148295164,0.50707834959,0.0272243991494,-0.151725426316,-0.308442473412,0.00605275624406,0.27243150066,0.281203843766,0.0009216591716,0.115317197516,0.027440145612,0.0009146984666,0.035606458783,0.175158768893,0.00120176374912,0.119450345635,0.0134755074978,0.00165212713182,0.094761133194,0.00359290838242,0.0029949080199,0.0293322131038,0.0223281979561,0.00138952955604,0.0285600572824,0.0751393735409,0.00391585566103,0.110141305253,0.134308040142,0.000427637249231,0.0177649781108,0.0221642255783,0.000769773498178,0.0547795444727,0.00692594051361,0.000599950551987,0.0590449348092,0.0011197924614,0.0018456466496,0.125678674318,0.150744646788
z,8,0.657273757458,0.581625199318,0.00616531865671,0.350500017405,0.349374175072,0.0401519089937,-0.280153155327,-0.329797834158,0.00431540939372,0.145598491725,0.20757867663,0.0007838308811,0.050154790282,0.015190184116,0.0011143311858,0.091505363583,0.093661755324,0.0014881528914,0.0235713720322,0.122661024332,0.000140614807606,0.0725111663342,0.0177112519741,0.000270761549473,0.034818738699,0.043897151947,0.0012867487967,0.0162235945463,0.063175290823,0.00212685018778,0.0342143177986,0.0846738517284,0.000159461051226,0.0245487242937,0.0102201700211,0.00194990262389,0.00029918551445,0.00297349691391,0.00106598436832,0.0275747328997,0.0723825097084,0.00182095170021,0.0220781117678,0.0169105231762
z,9,0.893083631992,0.657273757458,0.00970645528287,0.44803622365,0.43709987402,0.0355665832758,0.0714614838362,-0.433241128922,0.00803959513911,0.367536359101,0.387907490686,0.0006557442248,0.0510770473629,0.061129331589,0.0013337880373,0.0223938394338,0.019265711307,0.00470742583275,0.215937890112,0.0952294766903,0.00281838700175,0.0836732778698,0.00384822487831,0.000431146472692,0.0293713863939,0.0328336954117,0.000260375440121,0.047245953232,0.0941504240036,0.00478266179562,0.255958713591,0.344078563154,0.00028483569622,0.00389570178231,0.0363676249981,0.0014470256865,0.0667265318334,0.0322490036488,0.00264950841665,0.0607704818249,0.0510916411877,2.21282243729e-05,0.0396466534585,0.0630509853363
