axis,axis_min,axis_max,axis_bin,counts_pos,counts_neg,value,stat,sys_0,phi,phi_bin,global_index,sys_1,sys_2,sys_3,sys_4,sys_5,sys_6,sys_7,sys_8,sys_9,sys_10,sys_11,sys_total
x,0.10681463778018951,0.17718307673931125,0,14473,14642,-0.007749757,0.005860417,0.00018599417,-165.0,0,0,-0.0018759932136163116,-0.0004643065622076392,-0.00014600413851439953,0.00013091007713228464,0.0004095855401828885,0.004530047532171011,0.0016309476923197508,0.0017917770892381668,-0.002771698171272874,0.0007810937240719795,0.0005908131133764982,0.006242948865914152
x,0.10681463778018951,0.17718307673931125,0,7433,7580,-0.013072782,0.008160733,0.00031374677,-135.0,1,1,-0.010933523066341877,-5.4139643907547e-05,0.0017628283239901066,4.6465080231428146e-05,-0.0025921708438545465,-0.00023572798818349838,0.004767652601003647,0.007414358668029308,-0.004181630443781614,0.0022556548938155174,0.002952265553176403,0.015440939338713267
x,0.10681463778018951,0.17718307673931125,0,11654,11904,-0.014168366,0.0065145916,0.00034004077,-105.0,2,2,-0.006607426330447197,-0.003910664934664965,-0.00041789922397583723,0.0008254424901679158,-0.002129934262484312,-0.0037371646612882614,0.00555435661226511,-0.0027595716528594494,0.00044028880074620247,0.0016556750051677227,-0.005024178419262171,0.012039684111322176
x,0.10681463778018951,0.17718307673931125,0,7360,7456,-0.008650843,0.008215202,0.00020762024,-75.0,3,3,0.003614598885178566,-0.0030913222581148148,-5.1820650696754456e-05,0.00028153136372566223,-0.0008586663752794266,0.0027495846152305603,-0.0037217745557427406,0.0024460917338728905,0.0030776439234614372,-0.002659611403942108,-0.003477056510746479,0.008914672440758328
x,0.10681463778018951,0.17718307673931125,0,6965,7213,-0.023353655,0.008396031,0.00056048774,-45.0,4,4,0.0053105428814888,0.0015133507549762726,-0.0005992427468299866,0.0004932880401611328,-0.001879371702671051,0.002659618854522705,-0.0059553273022174835,0.007147450000047684,-0.008241374045610428,0.00037880614399909973,-0.004778165370225906,0.014803604322981065
x,0.10681463778018951,0.17718307673931125,0,3319,3451,-0.026031753,0.012149502,0.0006247621,-15.0,5,5,-0.0028331936337053776,-0.0020324301440268755,0.0006596704479306936,-0.0013613663613796234,-0.0026132117491215467,0.000824660062789917,-0.003851792309433222,-0.0017847788985818624,-0.0004990515299141407,0.010563364252448082,0.0031024753116071224,0.012705746389782294
x,0.10681463778018951,0.17718307673931125,0,3451,3395,0.010921173,0.012085251,0.00026210814,15.0,6,6,0.009267359972000122,0.0013786442577838898,-0.001134549267590046,-0.0016115577891469002,0.010936582460999489,-0.0024181604385375977,-0.009821796789765358,0.005669828038662672,-0.0056358324363827705,0.0002031298354268074,-0.002970229834318161,0.019656196316642713
x,0.10681463778018951,0.17718307673931125,0,7289,6915,0.035154354,0.008385446,0.0008437045,45.0,7,7,0.0014882199466228485,-0.0008448921144008636,-0.00046611763536930084,0.00014003179967403412,0.0009167119860649109,0.0004253219813108444,-0.003630582243204117,-0.0062883393839001656,-0.0040866779163479805,9.264610707759857e-05,-0.011888109147548676,0.014661097296298756
x,0.10681463778018951,0.17718307673931125,0,7662,7281,0.03404124,0.008175782,0.0008169898,75.0,8,8,-0.0014828499406576157,0.002248784527182579,-3.273412585258484e-05,-0.0001907702535390854,0.0020219795405864716,0.003493513911962509,0.0008597783744335175,0.0029994528740644455,0.01082860678434372,-0.004707822576165199,-0.0020316317677497864,0.013299329443985262
x,0.10681463778018951,0.17718307673931125,0,12163,11553,0.034340497,0.0064896764,0.00082417193,105.0,9,9,0.0029543042182922363,0.0014526471495628357,2.33575701713562e-05,0.00028160586953163147,-0.0016480721533298492,0.00383111834526062,0.0014533698558807373,0.002552807331085205,0.0021082647144794464,-0.0009002648293972015,0.0036827903240919113,0.007467185871758109
x,0.10681463778018951,0.17718307673931125,0,7554,7548,0.0005304384,0.008137344,1.2730521e-05,135.0,10,10,-0.0016848514787852764,-0.0005653346888720989,-8.34721140563488e-05,-0.0012283981777727604,0.005420372821390629,0.0017615118995308876,-0.0013915423769503832,0.001235390082001686,-0.001164812594652176,-0.00014428934082388878,0.009523117914795876,0.011519009707576662
x,0.10681463778018951,0.17718307673931125,0,14995,14462,0.024157772,0.0058247726,0.00057978655,165.0,11,11,0.0014647012576460838,0.0013863146305084229,0.00017452239990234375,-0.0007727062329649925,-0.0018048007041215897,-9.066052734851837e-05,-0.0022349227219820023,-0.0014851931482553482,0.0023416802287101746,0.0018317289650440216,-0.0027098366990685463,0.005598470007390181
x,0.17718307673931125,0.22535382211208344,1,14688,14979,-0.013095966,0.005805317,0.00031430318,-165.0,0,12,-0.004765817895531654,-0.0013536252081394196,-0.00014106370508670807,-0.00031773000955581665,0.0022855382412672043,-0.0006615351885557175,0.000509113073348999,0.001959407702088356,-0.0008392203599214554,-0.00038285180926322937,-0.005628185346722603,0.008182499488861671
x,0.17718307673931125,0.22535382211208344,1,8251,8463,-0.01693455,0.007733882,0.0004064292,-135.0,1,13,-0.008926551789045334,-0.0014585945755243301,-0.0009637437760829926,-0.00044570863246917725,0.00011485815048217773,0.0013802628964185715,-0.001934882253408432,0.00045546330511569977,-0.005190279334783554,-0.0027863141149282455,-0.00528695248067379,0.012306999223901405
x,0.17718307673931125,0.22535382211208344,1,10491,11117,-0.038679242,0.0067977877,0.00092830183,-105.0,2,14,0.00315302237868309,0.0008660182356834412,-0.0004557706415653229,-0.0005915649235248566,-0.0007440820336341858,0.0011323392391204834,0.0028399936854839325,0.004207298159599304,-0.0017143003642559052,-0.0011073239147663116,-0.0012653321027755737,0.00667967387867639
x,0.17718307673931125,0.22535382211208344,1,8583,8941,-0.0272752,0.007551301,0.0006546048,-75.0,3,15,0.001824602484703064,0.0007859803736209869,0.00047029927372932434,-0.0004345513880252838,0.0010611824691295624,0.000972062349319458,-0.004003362730145454,0.00045884400606155396,-0.0022256001830101013,-0.002633560448884964,0.004857785999774933,0.007625774828666972
x,0.17718307673931125,0.22535382211208344,1,6136,6464,-0.034755334,0.008903326,0.000834128,-45.0,4,16,0.00046325474977493286,0.00022914260625839233,0.0007062479853630066,-0.00037054717540740967,0.00013232603669166565,-0.0012840107083320618,0.002348504960536957,-0.0037457793951034546,0.001799158751964569,0.003522835671901703,0.0005433894693851471,0.006169145056667282
x,0.17718307673931125,0.22535382211208344,1,2939,3071,-0.029323624,0.012893653,0.000703767,-15.0,5,17,0.001561049371957779,-0.0028754211962223053,-0.0023594610393047333,-0.00032640621066093445,0.0016601867973804474,-0.007673051208257675,-0.0008161626756191254,0.0004795193672180176,0.002581872045993805,-0.005385491997003555,0.001672215759754181,0.010833854708732483
x,0.17718307673931125,0.22535382211208344,1,3032,3013,0.0041963863,0.01286169,0.000100713274,15.0,6,18,0.0048752594739198685,0.003527528140693903,-0.0017316574230790138,-0.00020527653396129608,-0.0017031347379088402,0.002343415282666683,0.0034220367670059204,0.000605827197432518,-0.014505419880151749,-0.0004690345376729965,0.00499641802161932,0.017184685138282967
x,0.17718307673931125,0.22535382211208344,1,6506,6215,0.030541468,0.0088621015,0.0007329952,45.0,7,19,0.004342813044786453,0.0018314793705940247,-0.0004228055477142334,-0.0035123229026794434,0.00022999942302703857,-0.00027120858430862427,0.0001712515950202942,-0.0018529482185840607,-0.003255099058151245,-0.00032581016421318054,-0.006578043103218079,0.00960683037116646
x,0.17718307673931125,0.22535382211208344,1,8685,8232,0.0357514,0.0076835267,0.0008580336,75.0,8,20,0.0029238760471343994,-0.00013124756515026093,-1.621432602405548e-05,4.090741276741028e-05,0.0009958669543266296,-0.002697605639696121,-0.001941535621881485,-0.00041956454515457153,-0.003319116309285164,-0.0011995509266853333,-0.0002745185047388077,0.0057717806134238965
x,0.17718307673931125,0.22535382211208344,1,11038,10600,0.027025588,0.006795678,0.00064861414,105.0,9,21,0.0071698930114507675,0.00012098997831344604,0.00010965019464492798,-0.000582817941904068,0.0007391702383756638,-0.0018023420125246048,0.0009621679782867432,-0.002049475908279419,0.00037235207855701447,0.0018165018409490585,-0.0006647743284702301,0.008035849817781169
x,0.17718307673931125,0.22535382211208344,1,8373,8195,0.014343928,0.007768198,0.00034425428,135.0,10,22,-0.0033468231558799744,0.0004360498860478401,-0.0015927134081721306,-0.00015357322990894318,0.0024194205179810524,0.0016706539317965508,-0.005160987377166748,0.0013198247179389,-0.008151698857545853,-0.0022896146401762962,0.004539329558610916,0.011969633911681987
x,0.17718307673931125,0.22535382211208344,1,14969,14681,0.0129683865,0.0058069904,0.00031124128,165.0,11,23,-0.00024017225950956345,-0.00023367349058389664,0.0011377288028597832,0.00011409260332584381,-0.0013369610533118248,0.000599786639213562,-0.00479441974312067,-0.0018157586455345154,-0.0018229084089398384,0.0005590058863162994,-0.0005174633115530014,0.0058097874225537405
x,0.22535382211208344,0.2737313747406006,2,14640,14887,-0.011168525,0.0058191996,0.0002680446,-165.0,0,24,0.00029343459755182266,0.000917297787964344,-0.0001650191843509674,0.0005166139453649521,0.0006366297602653503,-0.0012559546157717705,-0.0008441591635346413,-0.002424311824142933,-0.0004954338073730469,-0.0005792230367660522,-0.0006717238575220108,0.0032903554947390783
x,0.22535382211208344,0.2737313747406006,2,8700,8995,-0.02225818,0.0075156596,0.0005341963,-135.0,1,25,0.005024217069149017,-0.0006978511810302734,-1.4055520296096802e-05,-0.0004471428692340851,-0.0015655867755413055,0.0013906918466091156,-0.004539236426353455,-0.0007836166769266129,0.0009163916110992432,-0.000723889097571373,0.00486266054213047,0.008748882927842058
x,0.22535382211208344,0.2737313747406006,2,9841,10417,-0.03796156,0.007020832,0.0009110775,-105.0,2,26,0.0003165118396282196,-0.0013466142117977142,0.0006361212581396103,-0.00010498613119125366,-0.0004957728087902069,-0.0009088404476642609,-0.008103979751467705,-0.0014085061848163605,-0.004124360159039497,-0.0028466954827308655,0.004626547917723656,0.01084335504227435
x,0.22535382211208344,0.2737313747406006,2,8571,8982,-0.031261418,0.0075441794,0.00075027405,-75.0,3,27,-0.005354898050427437,-0.0015857871621847153,0.0005852784961462021,0.00016814470291137695,0.0008894391357898712,-0.0024803467094898224,-0.008260354399681091,-0.004558077082037926,0.0016221385449171066,-0.0005425736308097839,-0.004292987287044525,0.01220117536688795
x,0.22535382211208344,0.2737313747406006,2,6010,6319,-0.03346176,0.009001043,0.00080308225,-45.0,4,28,0.003789380192756653,-0.0015763826668262482,-0.0008337758481502533,3.84598970413208e-05,0.0021484121680259705,-0.0011468380689620972,0.0054526180028915405,0.007079502567648888,0.0018348246812820435,-0.0008014477789402008,-0.0053512342274188995,0.011660487377773802
x,0.22535382211208344,0.2737313747406006,2,3054,3013,0.009022524,0.01283794,0.00021654057,-15.0,5,29,-0.0006775083020329475,-0.00010870210826396942,-0.002972029149532318,-0.0017575565725564957,0.0010442519560456276,-1.1946074664592743e-05,0.007467484101653099,0.0032137716189026833,0.0050072818994522095,0.0016576210036873817,-0.0015501715242862701,0.010478485523659296
x,0.22535382211208344,0.2737313747406006,2,2969,2899,0.015926711,0.013052685,0.00038224107,15.0,6,30,-0.004305483773350716,0.002589605748653412,4.2885541915893555e-05,-0.00035474449396133423,0.0021399259567260742,0.000477861613035202,-0.006277831271290779,-0.00803493894636631,0.00046756118535995483,0.0031423307955265045,1.8950551748275757e-05,0.012010128677905187
x,0.22535382211208344,0.2737313747406006,2,6238,6201,0.003971316,0.008966105,9.531158e-05,45.0,7,31,0.0034521841444075108,-0.0017715906724333763,-0.001019763294607401,-0.00019339937716722488,0.0006956197321414948,0.0026751281693577766,0.00048060156404972076,0.00042427144944667816,0.004491529427468777,-0.001349729485809803,0.004249717108905315,0.008015005478631466
x,0.22535382211208344,0.2737313747406006,2,9338,8711,0.046380196,0.007435425,0.0011131247,75.0,8,32,-0.0003842860460281372,-0.000783722847700119,0.0005314089357852936,-0.000323370099067688,0.001316893845796585,0.0017190128564834595,0.002134665846824646,0.00014720484614372253,-0.0031898468732833862,-0.0022636428475379944,0.004352293908596039,0.006682679655225937
x,0.22535382211208344,0.2737313747406006,2,10300,9779,0.034642868,0.0070529077,0.00083142886,105.0,9,33,0.010002704337239265,-0.0017308592796325684,-0.0013481862843036652,-0.0011051706969738007,0.00014666840434074402,-0.0032065771520137787,-0.003957940265536308,-0.002192564308643341,-0.0015219300985336304,0.002109300345182419,-0.0011876747012138367,0.01204330705592949
x,0.22535382211208344,0.2737313747406006,2,9088,8765,0.024155138,0.007481999,0.00057972333,135.0,10,34,0.005316166207194328,0.0009586848318576813,-0.0007371027022600174,8.697528392076492e-05,-0.0004561645910143852,-0.0014791274443268776,-0.0018200818449258804,-0.0015841946005821228,0.006603963673114777,-0.000835394486784935,0.0022043418139219284,0.00933376678546312
x,0.22535382211208344,0.2737313747406006,2,14916,14940,-0.0010732423,0.005787406,2.5757816e-05,165.0,11,35,0.005158549174666405,-0.00021536287385970354,-8.305953815579414e-05,0.00048149272333830595,-0.0007876300951465964,0.0012807324528694153,-0.005126424599438906,-0.0003092826809734106,-0.00779607193544507,-0.002412813249975443,0.00547361746430397,0.012332605570799533
x,0.2737313747406006,0.33397098183631896,3,14257,14707,-0.020743027,0.0058745863,0.00049783266,-165.0,0,36,-0.0014877822250127792,0.00021043792366981506,-0.0006205439567565918,0.00013902783393859863,0.0003567952662706375,0.0007530376315116882,-0.0006375163793563843,-2.70698219537735e-05,0.0009618997573852539,-0.00040583498775959015,0.001775544136762619,0.0028295268540010584
x,0.2737313747406006,0.33397098183631896,3,9090,9272,-0.013233344,0.007379076,0.00031760026,-135.0,1,37,0.004178920760750771,0.0008812993764877319,0.0016490183770656586,-6.318651139736176e-05,-0.0005219578742980957,0.0002187918871641159,0.002482600510120392,0.0049852533265948296,0.00117536261677742,0.0008755642920732498,0.0031996257603168488,0.008042722332078518
x,0.2737313747406006,0.33397098183631896,3,9417,9953,-0.036944803,0.007180234,0.00088667526,-105.0,2,38,-4.179030656814575e-05,7.098168134689331e-05,0.0006683766841888428,-0.00019266828894615173,0.0008538626134395599,-0.00016505643725395203,0.0033367127180099487,0.002137545496225357,-0.00037688761949539185,6.89774751663208e-05,0.0030449852347373962,0.005135021717674817
x,0.2737313747406006,0.33397098183631896,3,8885,9670,-0.056484185,0.0073295212,0.0013556205,-75.0,3,39,0.006326887756586075,0.0019117295742034912,0.002527974545955658,0.00037904828786849976,-0.00026041269302368164,0.0003396943211555481,-0.005233563482761383,0.0018372610211372375,-0.0010446682572364807,-0.0016327202320098877,-0.004973128437995911,0.010471704108393784
x,0.2737313747406006,0.33397098183631896,3,6144,6263,-0.012805553,0.008976995,0.00030733328,-45.0,4,40,-0.003599081188440323,-1.091696321964264e-05,-0.0024571362882852554,-6.653554737567902e-05,0.0003884918987751007,0.002637108787894249,-3.3508986234664917e-06,-0.004280203953385353,-0.0010977629572153091,-0.0024659428745508194,-0.0060599567368626595,0.009403717857766315
x,0.2737313747406006,0.33397098183631896,3,3060,3100,-0.008669568,0.012740701,0.00020806964,-15.0,5,41,-0.00985810812562704,0.002896940801292658,-0.00035691866651177406,0.002431255765259266,-0.0011039157398045063,-0.004900118336081505,-0.00229793693870306,-0.0042038774117827415,-0.0028512163553386927,-0.005120706744492054,0.004654671065509319,0.014690571176275938
x,0.2737313747406006,0.33397098183631896,3,3131,2984,0.032095123,0.012781386,0.00077028293,15.0,6,42,-0.003432605415582657,-0.00228799507021904,-0.0007959641516208649,-0.0018004495650529861,-0.002383813261985779,-0.0016916338354349136,0.0030021704733371735,0.0029275882989168167,0.0003317389637231827,-0.002421543002128601,-0.006813524290919304,0.009970902916070152
x,0.2737313747406006,0.33397098183631896,3,6410,6065,0.036922976,0.008947125,0.00088615145,45.0,7,43,0.000995885580778122,0.001324392855167389,-1.934543251991272e-05,-0.00010695680975914001,-0.00024646148085594177,-9.081140160560608e-05,-0.0026207566261291504,0.0027208179235458374,-0.00425541028380394,-0.0006717629730701447,-0.005460597574710846,0.008091707608215907
x,0.2737313747406006,0.33397098183631896,3,9656,9000,0.04694653,0.00731327,0.0011267167,75.0,8,44,-0.000807594507932663,-0.0006362386047840118,-0.0014899671077728271,0.0001932494342327118,0.0001176781952381134,0.000182274729013443,0.001467481255531311,0.004699263721704483,-0.00016050785779953003,0.0014748871326446533,-0.002220574766397476,0.005893217787685188
x,0.2737313747406006,0.33397098183631896,3,9599,9393,0.014481539,0.0072555295,0.00034755692,105.0,9,45,-0.0008348580449819565,0.0015358738601207733,0.0005195476114749908,0.000375872477889061,0.0012516435235738754,0.0002794358879327774,0.0021221060305833817,0.0027981549501419067,0.000613940879702568,-0.0007276665419340134,-0.0006149541586637497,0.004327747449030088
x,0.2737313747406006,0.33397098183631896,3,9405,9213,0.013768492,0.007328116,0.0003304438,135.0,10,46,0.0025046272203326225,0.0010316800326108932,-0.001015814021229744,-0.0001673717051744461,-0.0005895383656024933,0.0033243754878640175,0.005379868671298027,0.0009961295872926712,0.002578960731625557,0.004087553359568119,0.0018231058493256569,0.00874154147849737
x,0.2737313747406006,0.33397098183631896,3,14615,14395,0.010124956,0.005870889,0.00024299895,165.0,11,47,-0.007055974565446377,-0.0007022209465503693,-3.457069396972656e-05,-0.0005602966994047165,-2.0388513803482056e-05,-0.00026197824627161026,-0.002661867067217827,-0.002286270260810852,-0.0032755518332123756,0.0014441711828112602,0.0006267763674259186,0.008728364907836652
x,0.33397098183631896,0.6021702885627747,4,14330,14258,0.0033625357,0.0059143314,8.070086e-05,-165.0,0,48,-0.0013851560652256012,-0.000396212562918663,-0.0007636221125721931,-0.00017235800623893738,-0.0002026176080107689,0.00014846306294202805,6.236322224140167e-05,-0.0005790330469608307,-0.0006545083597302437,0.002205134369432926,0.002430134452879429,0.0037798523237750517
x,0.33397098183631896,0.6021702885627747,4,9267,9742,-0.033362035,0.0072490075,0.00080068887,-135.0,1,49,-0.0032409094274044037,-0.0004425346851348877,-0.0018504224717617035,-0.00014073215425014496,-0.0003910716623067856,-0.0014415308833122253,-0.00022987276315689087,-0.0002848096191883087,0.000701678916811943,0.0008267480880022049,0.0019805897027254105,0.0046483015543645895
x,0.33397098183631896,0.6021702885627747,4,8977,9619,-0.04609286,0.0073253503,0.0011062287,-105.0,2,50,0.0015256106853485107,0.0009955428540706635,-4.478171467781067e-05,-0.00022515282034873962,-0.0008829496800899506,-0.0010599792003631592,-0.0016559064388275146,-0.0001668184995651245,0.002604026347398758,-0.0006419643759727478,0.01038828119635582,0.011097466423164665
x,0.33397098183631896,0.6021702885627747,4,8951,9675,-0.051896393,0.007317363,0.0012455134,-75.0,3,51,-0.0009377337992191315,-0.0002985522150993347,-0.0013251826167106628,0.00032678619027137756,-0.0008353441953659058,-0.0011524856090545654,-0.00033501535654067993,-0.00047650933265686035,0.000947609543800354,0.0008287355303764343,-0.0005904547870159149,0.0026702245232338145
x,0.33397098183631896,0.6021702885627747,4,6117,6557,-0.046350792,0.008873115,0.0011124191,-45.0,4,52,0.0009706728160381317,0.001197032630443573,0.0011532939970493317,0.0005037225782871246,-0.001444205641746521,0.0010876655578613281,-0.0011013522744178772,-0.0006658472120761871,0.0002935044467449188,-0.00035481154918670654,0.006980966776609421,0.007604598949916655
x,0.33397098183631896,0.6021702885627747,4,3062,3158,-0.020606253,0.012676886,0.0004945501,-15.0,5,53,0.011008389294147491,0.000650063157081604,0.0030340291559696198,0.00020524859428405762,0.000301409512758255,-0.0025188736617565155,-0.0005329325795173645,0.003314189612865448,-0.003996491432189941,-0.002699814736843109,-0.009174738079309464,0.01599984003706935
x,0.33397098183631896,0.6021702885627747,4,3077,3052,0.0054458864,0.012773171,0.00013070127,15.0,6,54,0.013729151338338852,-0.0033404165878891945,0.0016842135228216648,-1.7550773918628693e-06,-4.597799852490425e-05,0.004793092608451843,-0.00028945552185177803,0.00462608877569437,0.0014593284577131271,-0.00013610022142529488,-0.0010741720907390118,0.01581919400001071
x,0.33397098183631896,0.6021702885627747,4,6560,6140,0.04415336,0.008864911,0.0010596806,45.0,7,55,-0.00344843789935112,-0.0017835907638072968,-6.52894377708435e-05,1.2811273336410522e-05,-0.0008635483682155609,0.0002862289547920227,0.000758003443479538,0.0006649866700172424,0.004212073981761932,0.0015207715332508087,-0.009192157536745071,0.011021426384673919
x,0.33397098183631896,0.6021702885627747,4,9322,8927,0.028898561,0.007399443,0.00069356547,75.0,8,56,0.009086849167943,-5.902256816625595e-05,0.00036188308149576187,4.529021680355072e-06,0.00039387959986925125,0.00011457782238721848,-0.00046148989349603653,0.0015557128936052322,-0.001573212444782257,-0.0013228077441453934,-0.0040934132412076,0.010319284169679446
x,0.33397098183631896,0.6021702885627747,4,9593,8992,0.043174777,0.0073284744,0.0010361946,105.0,9,57,-0.0045786648988723755,-0.0010840445756912231,-0.0005742348730564117,-0.0001935511827468872,0.0002522319555282593,0.0020855478942394257,-1.5206634998321533e-05,-0.00011965259909629822,0.0001676902174949646,0.004203241318464279,0.0018385238945484161,0.006928906069064386
x,0.33397098183631896,0.6021702885627747,4,9801,9442,0.024908056,0.007206574,0.0005977934,135.0,10,58,-0.001927010715007782,0.0012678354978561401,-0.000244850292801857,-0.00019345618784427643,-0.0003665108233690262,-0.0006786752492189407,0.0023910999298095703,0.0002592671662569046,-0.0021722856909036636,-0.0019177403301000595,-0.007410736754536629,0.008666789201595927
x,0.33397098183631896,0.6021702885627747,4,14609,14346,0.012126915,0.0058763316,0.00029104596,165.0,11,59,0.0017787865363061428,0.00048543140292167664,0.00018498767167329788,0.0001338268630206585,-0.0003321259282529354,0.00014762859791517258,-0.0015934496186673641,0.0008071213960647583,-0.0013963808305561543,0.0023000123910605907,-0.0031427228823304176,0.004887855078158588
z,0.12744246423244476,0.2507466971874237,0,16638,16810,-0.006865568,0.0054677,0.00016477364,-165.0,0,0,-0.000519800465553999,-0.0007255594246089458,0.0006186342798173428,0.0001698569394648075,-0.0037382058799266815,-0.0007127579301595688,0.0012580887414515018,0.0004083397798240185,0.002435580361634493,0.0021549949888139963,0.0,0.005293012335083781
z,0.12744246423244476,0.2507466971874237,0,10640,10958,-0.019657658,0.0068031386,0.0004717838,-135.0,1,1,0.0029387492686510086,-0.0012397635728120804,0.0005482155829668045,0.0007992871105670929,0.00041908957064151764,-0.0036635100841522217,0.0005689486861228943,0.0036055948585271835,-0.0017249491065740585,0.002887500450015068,0.0,0.007024722667571079
z,0.12744246423244476,0.2507466971874237,0,12442,13023,-0.030461455,0.006263637,0.00073107495,-105.0,2,2,-0.003583228215575218,0.0010357201099395752,0.00024063140153884888,-0.0005595963448286057,-0.001736912876367569,-0.0016819797456264496,0.002372223883867264,-0.0008575916290283203,-0.002287469804286957,0.00069425068795681,0.0,0.005675088194644346
z,0.12744246423244476,0.2507466971874237,0,8987,9297,-0.022636468,0.007393551,0.0005432752,-75.0,3,3,-0.003333449363708496,-0.0003878828138113022,0.000962231308221817,0.0001819916069507599,-0.0017134565860033035,-0.0020747054368257523,0.004461469128727913,0.0004554055631160736,-0.00185420922935009,-0.0005202814936637878,0.0,0.006578948974362038
z,0.12744246423244476,0.2507466971874237,0,9009,9270,-0.019063657,0.007395114,0.00045752779,-45.0,4,4,-0.006054542027413845,-0.000258125364780426,-0.00033194106072187424,0.0001329071819782257,0.002515357919037342,0.002432483248412609,-0.0031410977244377136,-0.005189268849790096,-8.040014654397964e-05,0.002864052541553974,0.0,0.009700527022866626
z,0.12744246423244476,0.2507466971874237,0,6648,6604,0.0044329152,0.008686704,0.00010638997,-15.0,5,5,-0.0007310439832508564,-0.0007793698459863663,0.0011979108676314354,-0.0005322126671671867,0.0010623633861541748,-0.0009262748062610626,0.0009634103626012802,0.0012896200641989708,0.0008378773927688599,0.003924534656107426,0.0,0.004852007279690663
z,0.12744246423244476,0.2507466971874237,0,6454,6291,0.017075205,0.008856595,0.00040980492,15.0,6,6,0.003940214402973652,-0.00035464949905872345,-0.0002493765205144882,-8.83694738149643e-05,0.0054909344762563705,-0.005704380571842194,0.004585273563861847,0.0021449849009513855,0.001475231721997261,-0.003232131712138653,0.0,0.010800928694856774
z,0.12744246423244476,0.2507466971874237,0,9107,8545,0.042507015,0.00751987,0.0010201684,45.0,7,7,0.00458887591958046,0.0006759427487850189,1.2181699275970459e-05,0.000947214663028717,-0.0039594098925590515,0.0003751404583454132,0.0020808130502700806,0.0022344738245010376,0.00363834947347641,0.002062905579805374,0.0,0.008065080558944789
z,0.12744246423244476,0.2507466971874237,0,9114,8804,0.023098849,0.007468602,0.0005543724,75.0,8,8,0.005011627450585365,-0.0009078383445739746,-0.0011340994387865067,0.0007653534412384033,0.0015419349074363708,0.0014446917921304703,-0.00090843066573143,-0.0006961710751056671,0.0032113268971443176,-0.0014408230781555176,0.0,0.006780539598479902
z,0.12744246423244476,0.2507466971874237,0,12558,12247,0.01673938,0.0063484767,0.0004017451,105.0,9,9,0.00046156905591487885,-0.00046440400183200836,-8.336640894412994e-05,-0.0002619680017232895,0.0028264448046684265,-0.00042389705777168274,0.0031029656529426575,0.0035699326545000076,-0.0017630644142627716,-0.00034723617136478424,0.0,0.0058544476511741585
z,0.12744246423244476,0.2507466971874237,0,10511,10177,0.021554904,0.0069508804,0.0005173177,135.0,10,10,0.004891823045909405,-8.385628461837769e-05,0.0007558725774288177,0.00025336630642414093,-0.002251989208161831,0.0009833993390202522,0.0003881053999066353,-0.001020936295390129,0.0013276580721139908,3.1434930860996246e-05,0.0,0.00579375809929724
z,0.12744246423244476,0.2507466971874237,0,17584,17342,0.009250916,0.0053506554,0.00022202198,165.0,11,11,0.0038523338735103607,0.0005541634745895863,0.0005067042075097561,0.0001406027004122734,0.0008717095479369164,0.0028887628577649593,-0.0010248320177197456,0.0005658785812556744,-0.001242050901055336,0.0006166105158627033,0.0,0.005274686558417942
z,0.2507466971874237,0.31731894612312317,1,16838,17341,-0.019648382,0.0054079974,0.0004715612,-165.0,0,12,-0.005629741586744785,8.791685104370117e-07,-0.0005117077380418777,0.00038663484156131744,-0.00021750293672084808,0.002951372414827347,-0.0009602997452020645,-0.00015608780086040497,-0.0009895432740449905,0.0005025267601013184,0.0,0.006560601886478575
z,0.2507466971874237,0.31731894612312317,1,10476,10588,-0.00709897,0.006889991,0.00017037528,-135.0,1,13,0.0018576178699731827,-0.00016320589929819107,-0.0022272933274507523,-0.0004981439560651779,-0.002840368077158928,-0.0005669468082487583,0.004057170823216438,0.0007348340004682541,-0.0018471712246537209,0.0009039207361638546,0.0,0.006189120544024487
z,0.2507466971874237,0.31731894612312317,1,13120,13857,-0.036474723,0.0060843485,0.0008753934,-105.0,2,14,0.002217669039964676,-0.001614116132259369,-3.283843398094177e-05,0.0001469627022743225,-0.003156416118144989,-0.0008703246712684631,0.002978730946779251,0.003230322152376175,-0.003070008009672165,-0.0006592348217964172,0.0,0.006887226582108417
z,0.2507466971874237,0.31731894612312317,1,9635,10310,-0.04518434,0.007073579,0.0010844242,-75.0,3,15,-0.0016879625618457794,-0.003957726061344147,0.0014428980648517609,-0.0006497129797935486,0.00021323934197425842,-0.001840595155954361,-0.0033435411751270294,0.0032159648835659027,-0.002069525420665741,-0.000819813460111618,0.0,0.007136307435351271
z,0.2507466971874237,0.31731894612312317,1,8787,9157,-0.027529646,0.007462352,0.0006607115,-45.0,4,16,-0.007126139476895332,-0.0006610527634620667,-1.8224120140075684e-05,0.0005708653479814529,-0.000783601775765419,0.00149543397128582,0.004178725183010101,0.002816271036863327,0.0039244964718818665,0.0018113832920789719,0.0,0.009923272502890379
z,0.2507466971874237,0.31731894612312317,1,4719,4798,-0.01108269,0.010249986,0.00026598456,-15.0,5,17,0.00459467526525259,-0.000980402808636427,-0.0009236782789230347,-0.002150509040802717,-0.004002605099231005,-0.0008803093805909157,-0.007877882570028305,-0.0030034477822482586,0.000444008968770504,0.004582292400300503,0.0,0.011688548811457698
z,0.2507466971874237,0.31731894612312317,1,4888,4772,0.016032418,0.010173154,0.00038477805,15.0,6,18,0.012410528026521206,0.0009397184476256371,0.0016892524436116219,4.230812191963196e-05,0.002563782036304474,0.0064116790890693665,0.0006454959511756897,0.008604335598647594,-0.005914885085076094,0.0034393202513456345,0.0,0.01807507380350912
z,0.2507466971874237,0.31731894612312317,1,8969,8666,0.022939574,0.007528318,0.00055054977,45.0,7,19,-0.003330981358885765,0.0007519032806158066,-0.0007136445492506027,-0.000361468642950058,0.0013822764158248901,0.0002948455512523651,-0.001232534646987915,-0.0021363310515880585,0.00016367249190807343,0.0008968356996774673,0.0,0.004605705205809841
z,0.2507466971874237,0.31731894612312317,1,10278,9701,0.03855851,0.0070695216,0.00092540425,75.0,8,20,0.008169932290911674,0.0025089606642723083,0.0010840017348527908,-0.0002264995127916336,0.000615609809756279,0.0011855978518724442,-0.006115743890404701,0.00037151947617530823,0.004538156092166901,-0.003411591053009033,0.0,0.012075919055363087
z,0.2507466971874237,0.31731894612312317,1,13564,13014,0.02762858,0.006131589,0.00066308596,105.0,9,21,0.005187030881643295,-0.0011454429477453232,-0.0007001534104347229,-4.969164729118347e-05,-0.0012492425739765167,-0.001556396484375,0.002925204113125801,0.0005771685391664505,-0.0004576686769723892,0.0006099864840507507,0.0,0.00649341795601383
z,0.2507466971874237,0.31731894612312317,1,10524,10306,0.013972863,0.006928081,0.0003353487,135.0,10,22,-0.004167144186794758,0.0002714823931455612,-0.000551888719201088,0.0003794766962528229,0.004426361992955208,0.0020758789032697678,0.003103598952293396,0.004071792587637901,-0.002850458025932312,-0.001114189624786377,0.0,0.008795890040776307
z,0.2507466971874237,0.31731894612312317,1,17389,17265,0.004777344,0.0053717815,0.00011465626,165.0,11,23,-0.0006059245206415653,0.0005475139478221536,1.9163358956575394e-05,-0.00018510292284190655,-0.0025322746951133013,-0.0008170711807906628,0.0018164465436711907,0.0010930427815765142,-0.003017878159880638,-0.0006083439802750945,0.0,0.0046640602884963295
z,0.31731894612312317,0.3753333985805512,2,17772,18054,-0.010509183,0.0052829543,0.0002522204,-165.0,0,24,-0.0004699169658124447,-0.00033989502117037773,-4.332512617111206e-06,0.00016184896230697632,0.002074630931019783,0.0018848930485546589,-0.0004440220072865486,-0.0004480709321796894,-0.0010808059014379978,0.000365464948117733,0.0,0.003149461679395218
z,0.31731894612312317,0.3753333985805512,2,10259,10851,-0.03744136,0.0068778275,0.0008985927,-135.0,1,25,-0.00202178955078125,0.0002770349383354187,0.0019375309348106384,-0.00013827160000801086,-0.001543983817100525,-0.0015247277915477753,0.000710655003786087,0.0033888518810272217,-0.0004057884216308594,-4.9483031034469604e-05,0.0,0.004980227684418469
z,0.31731894612312317,0.3753333985805512,2,13200,13935,-0.036163937,0.0060666776,0.0008679345,-105.0,2,26,-0.0025161094963550568,-0.0015040542930364609,-0.0004868730902671814,-0.0008304659277200699,0.0003145020455121994,-0.004696426913142204,-0.002967746928334236,-0.0036275293678045273,-0.0009213108569383621,-0.0011959671974182129,0.0,0.007478013442193857
z,0.31731894612312317,0.3753333985805512,2,10095,10766,-0.042944305,0.00691722,0.0010306634,-75.0,3,27,0.0008467920124530792,-0.001572929322719574,-0.0005697868764400482,0.00010485947132110596,0.001916777342557907,0.0010238327085971832,-0.003494497388601303,0.0002052299678325653,-0.0016005225479602814,-0.001347135752439499,0.0,0.004987901688758423
z,0.31731894612312317,0.3753333985805512,2,7811,8268,-0.037946817,0.007880569,0.0009107236,-45.0,4,28,0.006122477352619171,0.0007677488029003143,-0.0018023699522018433,0.00012528151273727417,-0.0005954355001449585,0.001290835440158844,-0.006973985582590103,-0.0023985467851161957,-0.002547420561313629,0.0005756355822086334,0.0,0.010225918494414097
z,0.31731894612312317,0.3753333985805512,2,3970,3983,-0.0021823808,0.011213301,5.2377138e-05,-15.0,5,29,-0.013484455645084381,8.681789040565491e-05,0.0017363657243549824,1.479126513004303e-05,0.008465169928967953,-0.00226758630014956,0.008824980817735195,-1.6407575458288193e-05,0.004011174198240042,0.0036438596434891224,0.0,0.019206824382169807
z,0.31731894612312317,0.3753333985805512,2,3973,3894,0.013407139,0.011273438,0.00032177134,15.0,6,30,0.006578481290489435,-0.0016002212651073933,-0.0020992965437471867,-0.0016968966228887439,-0.00022915424779057503,-0.005774759687483311,-0.010864137671887875,-0.0053987218998372555,-0.01125525776296854,-0.0011940104886889458,0.0,0.019021202992842563
z,0.31731894612312317,0.3753333985805512,2,8509,8028,0.0388335,0.00777041,0.000932004,45.0,7,31,-0.002708442509174347,-0.0003226660192012787,-0.0010925792157649994,-0.001088060438632965,0.0004459656774997711,-0.0011894777417182922,-0.0018104873597621918,0.0011827126145362854,-0.006427211686968803,0.0007246024906635284,0.0,0.007611957315754393
z,0.31731894612312317,0.3753333985805512,2,10847,10014,0.05331238,0.006913761,0.0012794972,75.0,8,32,-0.0021892115473747253,-0.0011298097670078278,-0.0031076036393642426,-0.000256367027759552,-0.0003527626395225525,0.00240417942404747,0.001269795000553131,-0.0010088235139846802,0.004327934235334396,-0.003471076488494873,0.0,0.007423345127643801
z,0.31731894612312317,0.3753333985805512,2,14024,13302,0.035275996,0.00604563,0.0008466239,105.0,9,33,0.0011970847845077515,0.0014806874096393585,-0.0008510835468769073,-0.0001621842384338379,0.00033760443329811096,0.0022575780749320984,-3.996118903160095e-05,-0.000897429883480072,0.000989660620689392,0.0004091784358024597,0.0,0.0033971402773484375
z,0.31731894612312317,0.3753333985805512,2,10823,10435,0.024368426,0.0068566157,0.00058484223,135.0,10,34,0.005137672647833824,0.001452246680855751,-0.0011211670935153961,-0.0002780687063932419,0.0011039748787879944,-0.0005388054996728897,0.00040886830538511276,-0.001386440359055996,-0.002334064804017544,-0.0007454818114638329,0.0,0.00628021514088735
z,0.31731894612312317,0.3753333985805512,2,18286,17939,0.012789078,0.0052536395,0.00030693787,165.0,11,35,0.0003135325387120247,-0.0004496518522500992,1.1764466762542725e-05,-0.0003601834177970886,-0.00012967176735401154,0.00029347464442253113,-0.003644375130534172,0.0006060991436243057,-6.527826189994812e-05,0.0007694941014051437,0.0,0.00384428286679025
z,0.3753333985805512,0.444266676902771,3,18731,19076,-0.012183303,0.0051425872,0.0002923993,-165.0,0,36,0.00021544378250837326,0.00036536622792482376,-1.5251338481903076e-05,0.00042876414954662323,-0.0001386776566505432,-0.0015413183718919754,0.0015374086797237396,-0.00042865052819252014,0.0008846912533044815,-0.00032364577054977417,-0.0009775105863809586,0.0026737973909670026
z,0.3753333985805512,0.444266676902771,3,10660,10882,-0.013758944,0.006812647,0.00033021468,-135.0,1,37,-0.00010752584785223007,-0.0017790310084819794,0.0006086397916078568,0.00045705586671829224,-0.001260358840227127,9.610317647457123e-06,-0.0021130982786417007,0.001417352817952633,-0.0019617117941379547,8.383765816688538e-06,0.002499484457075596,0.004681274581818424
z,0.3753333985805512,0.444266676902771,3,12644,13354,-0.036461674,0.006197851,0.0008750802,-105.0,2,38,0.002215355634689331,-0.0013147909194231033,-0.00038130022585392,0.0005791299045085907,-0.0010227859020233154,-0.0005604904145002365,0.0014861579984426498,-0.0003346893936395645,0.0022736433893442154,0.0006414130330085754,-7.364153861999512e-05,0.0040477732357663025
z,0.3753333985805512,0.444266676902771,3,10902,11634,-0.04336631,0.006655073,0.0010407914,-75.0,3,39,0.009319785982370377,0.0010537393391132355,0.000282973051071167,0.0003907531499862671,-0.002315651625394821,0.0004354119300842285,-0.002583395689725876,-0.003304366022348404,0.0007670633494853973,-0.002380974590778351,0.0014676675200462341,0.010943381897553043
z,0.3753333985805512,0.444266676902771,3,7282,7717,-0.038720872,0.008159114,0.00092930096,-45.0,4,40,0.0032387524843215942,0.0005377829074859619,0.0010616332292556763,-0.00045565515756607056,-0.00035625696182250977,0.0001787915825843811,-0.0017646737396717072,-0.0027983076870441437,-0.005352240055799484,7.287785410881042e-05,-0.009926259517669678,0.012263739740663077
z,0.3753333985805512,0.444266676902771,3,3198,3265,-0.013840724,0.012437736,0.00033217738,-15.0,5,41,0.006641477346420288,0.0017179865390062332,-0.0016803964972496033,0.0009629353880882263,-0.004577772691845894,-0.0016007013618946075,-0.0030159559100866318,0.00342412106692791,-0.004848845303058624,-0.003052961081266403,-0.003470255061984062,0.011833218546681038
z,0.3753333985805512,0.444266676902771,3,3187,3188,-0.00020942956,0.012524486,5.0263097e-06,15.0,6,42,-0.007025985978543758,0.004369615577161312,-0.0020714919082820415,-0.0008271248079836369,0.004270770587027073,-0.0012249182909727097,0.0020489394664764404,0.005158337764441967,-0.0038510309532284737,-0.0005189999938011169,-0.0036473190411925316,0.012344329778379513
z,0.3753333985805512,0.444266676902771,3,7873,7490,0.033284415,0.008063457,0.00079882593,45.0,7,43,0.0013251416385173798,0.0002066250890493393,0.0016085300594568253,-0.0007499400526285172,-0.0007295031100511551,0.00058789923787117,-0.0003979019820690155,4.169158637523651e-05,0.0007038544863462448,-0.002599501982331276,-0.010907048359513283,0.011497950400497383
z,0.3753333985805512,0.444266676902771,3,11388,10907,0.028804198,0.0066944673,0.0006913008,75.0,8,44,0.0012212395668029785,-0.00024182721972465515,0.001333240419626236,0.00035871565341949463,0.0015337299555540085,0.002013241872191429,0.0030877497047185898,-5.451962351799011e-05,-0.003313470631837845,0.0001803431659936905,-0.006682798266410828,0.00866430368905783
z,0.3753333985805512,0.444266676902771,3,13407,12768,0.0325936,0.0061776866,0.0007822464,105.0,9,45,0.004866998642683029,0.00043620355427265167,-5.6976452469825745e-05,0.0003656744956970215,0.00025147944688796997,0.00010704249143600464,0.0007087402045726776,-0.00047918781638145447,0.002135826274752617,-0.00026509538292884827,0.0003232322633266449,0.00543673207577245
z,0.3753333985805512,0.444266676902771,3,10906,10791,0.007076464,0.006788742,0.00016983514,135.0,10,46,0.0031258463859558105,8.963700383901596e-05,-0.0005247918888926506,-0.00015195459127426147,0.0006918981671333313,0.00040834303945302963,0.0017526838928461075,-0.000803937204182148,0.006153336726129055,-0.001286415383219719,0.0068764896132051945,0.010062090086925359
z,0.3753333985805512,0.444266676902771,3,19147,18633,0.01816433,0.005143957,0.00043594392,165.0,11,47,0.0043095871806144714,-6.986502557992935e-05,0.0005741436034440994,-0.0003808028995990753,0.00033003464341163635,-0.0014010947197675705,-0.0018120668828487396,-0.0018429318442940712,-0.0024350639432668686,0.0010513467714190483,-0.00158021692186594,0.0061103191346115904
z,0.444266676902771,0.7958319783210754,4,18891,18866,0.00088401715,0.005146371,2.1216412e-05,-165.0,0,48,-0.0013113976456224918,-0.0006562724593095481,-0.0007201161351986229,-0.00030657817842438817,0.0006785944569855928,0.00045925023732706904,0.0021797814406454563,0.002474662847816944,-0.0007392035331577063,0.0006651434232480824,-0.004052751697599888,0.005632357700790852
z,0.444266676902771,0.7958319783210754,4,11273,11649,-0.021900473,0.00660343,0.00052561134,-135.0,1,49,-0.007482240907847881,-3.410503268241882e-05,-9.310431778430939e-05,-0.0006149541586637497,0.00017327815294265747,0.001817198470234871,-0.0016417484730482101,0.0022848881781101227,-0.0010081976652145386,-0.00021399371325969696,0.0034517478197813034,0.008977585180555676
z,0.444266676902771,0.7958319783210754,4,11306,11743,-0.025313228,0.0065846816,0.0006075175,-105.0,2,50,-0.00368674099445343,0.000517798587679863,0.0010735876858234406,-9.062327444553375e-05,-0.0004155430942773819,0.0008429400622844696,-0.00011842325329780579,0.001747703179717064,-0.0020429063588380814,-0.0008880067616701126,0.0069714076817035675,0.008516762271074533
z,0.444266676902771,0.7958319783210754,4,11658,11918,-0.01472385,0.006512052,0.00035337242,-75.0,3,51,-0.0034286193549633026,0.0010457821190357208,0.0009878668934106827,0.0004339851438999176,-0.0004280880093574524,-0.00024230405688285828,-0.007323604077100754,-0.0006157457828521729,0.0021235551685094833,-0.0008034445345401764,-0.012661218643188477,0.015288265839437785
z,0.444266676902771,0.7958319783210754,4,7408,7572,-0.01461673,0.008169542,0.0003508015,-45.0,4,52,0.002495989203453064,0.0005736574530601501,-0.0008683633059263229,0.0003087185323238373,0.0010073687881231308,0.0005831848829984665,0.00333319790661335,0.006351085379719734,-0.00069446861743927,-0.0017497185617685318,-0.0003623496741056442,0.00799280277505951
z,0.444266676902771,0.7958319783210754,4,3496,3700,-0.037849244,0.011779942,0.00090838183,-15.0,5,53,0.002781946212053299,-0.0015152804553508759,8.042901754379272e-06,0.0005713813006877899,0.0006075501441955566,-0.005432594567537308,-0.002426132559776306,-0.0012902989983558655,-0.002126924693584442,-0.004646617919206619,0.011292029172182083,0.01419224513755895
z,0.444266676902771,0.7958319783210754,4,3571,3445,0.023977237,0.011935217,0.0005754537,15.0,6,54,0.003296058624982834,-0.001976689323782921,0.0005567697808146477,-0.0009569721296429634,0.0007702000439167023,0.0023024482652544975,-0.001531415618956089,-0.0031314771622419357,0.005795636214315891,-0.00199816282838583,-0.006459096446633339,0.010646357651780031
z,0.444266676902771,0.7958319783210754,4,7574,7270,0.027342662,0.008204689,0.0006562239,45.0,7,55,0.007430576719343662,-0.0014653317630290985,-0.0014965720474720001,-0.0005331356078386307,0.00021090172231197357,0.00204571895301342,-0.0011588912457227707,-0.0012557823210954666,0.00233440101146698,0.00040187686681747437,-0.012052321806550026,0.01476155434847759
z,0.444266676902771,0.7958319783210754,4,12072,11447,0.03547965,0.00651654,0.0008515116,75.0,8,56,0.0024175718426704407,-0.00039886124432086945,-0.0004553031176328659,-0.00016099028289318085,0.0014158505946397781,-0.002178691327571869,0.00048859603703022,0.004787620157003403,-0.0036381036043167114,-0.000531323254108429,0.005412235856056213,0.00888587213315672
z,0.444266676902771,0.7958319783210754,4,11582,11123,0.026990402,0.0066340845,0.00064776966,105.0,9,57,0.0015995409339666367,-0.0004043653607368469,0.0005140788853168488,-0.0010197535157203674,0.0006419792771339417,0.0006121192127466202,-0.0003597177565097809,0.002462415024638176,-7.574819028377533e-05,0.003543805330991745,0.001997118815779686,0.0052496386918515275
z,0.444266676902771,0.7958319783210754,4,11905,11539,0.020843351,0.006529648,0.0005002404,135.0,10,58,-0.0016208086162805557,0.0009441180154681206,-0.0007625613361597061,-0.0007756482809782028,-5.648471415042877e-05,0.0014438871294260025,-0.002999952994287014,0.00036093592643737793,-0.0012905281037092209,0.0014662183821201324,-0.0023751184344291687,0.005037454657801495
z,0.444266676902771,0.7958319783210754,4,19137,18862,0.009662259,0.00512972,0.00023189423,165.0,11,59,-0.003403537906706333,0.00048231007531285286,0.0005621183663606644,0.0003093448467552662,-0.0010318090207874775,0.002261166926473379,-0.008245190605521202,-0.002698849653825164,-0.004022393375635147,0.0009420206770300865,0.003799805184826255,0.01118831527756392
pt,0.00048771032015793025,0.23142116963863374,0,14534,14817,-0.012873057,0.0058365013,0.00030895337,-165.0,0,0,-0.002134055830538273,0.0010696910321712494,6.219465285539627e-05,0.0006251093000173569,0.0007216427475214005,0.0009801844134926796,-0.0011336477473378181,-0.0005563991144299507,0.003904249519109726,-0.00033484678715467453,-0.0008336696773767471,0.005021914151235018
pt,0.00048771032015793025,0.23142116963863374,0,10129,10318,-0.012341001,0.0069928165,0.00029618404,-135.0,1,1,0.00671393983066082,-0.002272767946124077,-0.0007832013070583344,-0.0009575802832841873,0.00039750710129737854,-7.343478500843048e-05,-0.00047634169459342957,0.0038026850670576096,0.0036847852170467377,-0.0027289073914289474,0.0016961414366960526,0.009514463704564574
pt,0.00048771032015793025,0.23142116963863374,0,8331,8651,-0.025158186,0.0076712845,0.00060379645,-105.0,2,2,-0.0029393527656793594,-0.003023223951458931,4.129670560359955e-05,0.0001773349940776825,0.002778254449367523,0.0021466296166181564,0.0016046371310949326,-0.0007724035531282425,0.0020487643778324127,-0.000767003744840622,0.004928207024931908,0.007898352336317319
pt,0.00048771032015793025,0.23142116963863374,0,8910,9345,-0.031814534,0.0073975716,0.00076354883,-75.0,3,3,0.008107699453830719,-0.0018308945000171661,0.00036558881402015686,0.00018268823623657227,-0.0023330263793468475,-0.0014319047331809998,-0.00021853670477867126,0.004234433174133301,-0.00020999833941459656,-0.004480868577957153,5.60954213142395e-05,0.010716854498283513
pt,0.00048771032015793025,0.23142116963863374,0,5791,5929,-0.015720619,0.00923597,0.00037729487,-45.0,4,4,-0.010384541004896164,0.0010966658592224121,0.0002229306846857071,-0.0011447258293628693,-0.0011061057448387146,0.0011642016470432281,0.002711104229092598,0.0007125455886125565,0.0020028874278068542,-0.0014311205595731735,-0.0011104904115200043,0.011319494644767267
pt,0.00048771032015793025,0.23142116963863374,0,3859,3831,0.004861271,0.011403331,0.000116670504,-15.0,5,5,0.007376701571047306,0.0004159156233072281,0.0009525306522846222,0.0014012064784765244,0.0003262646496295929,-0.003711511380970478,0.006772814318537712,0.003920597955584526,-0.00214584544301033,-0.007512953132390976,-0.010278982110321522,0.017299996076512992
pt,0.00048771032015793025,0.23142116963863374,0,3562,3542,0.0037587653,0.011864391,9.021037e-05,15.0,6,6,0.00018138252198696136,-0.004174462519586086,0.00038457103073596954,5.6607648730278015e-05,-0.000552760437130928,0.004238815046846867,-0.0069497269578278065,0.002864047884941101,0.007315921597182751,-0.003192538395524025,0.0011269459500908852,0.012544709076959917
pt,0.00048771032015793025,0.23142116963863374,0,5919,5733,0.021312315,0.009261922,0.0005114956,45.0,7,7,-0.005608649924397469,0.0021035969257354736,-0.0009779520332813263,0.0008283481001853943,-0.002441979944705963,-0.0008880086243152618,-0.0026559364050626755,0.006181210279464722,0.000923890620470047,0.005161629989743233,-0.0004417598247528076,0.01082723226873628
pt,0.00048771032015793025,0.23142116963863374,0,9260,8941,0.023399878,0.00741026,0.00056159706,75.0,8,8,0.007896143943071365,-0.0005316315218806267,0.0006834939122200012,-0.0007735993713140488,-0.00010675471276044846,0.0004384666681289673,0.0006753001362085342,0.0037161242216825485,-0.0032223667949438095,-0.002217506989836693,0.0004703979939222336,0.009679300570630699
pt,0.00048771032015793025,0.23142116963863374,0,8508,8184,0.025915215,0.007737487,0.00062196516,105.0,9,9,0.002726363018155098,-0.0009620636701583862,-0.002745341509580612,0.00021931901574134827,0.0005247760564088821,0.0025750715285539627,0.0019664037972688675,0.00021728500723838806,0.0015337876975536346,0.004150800406932831,0.0015497729182243347,0.006981934360859462
pt,0.00048771032015793025,0.23142116963863374,0,10092,9924,0.011205989,0.0070677972,0.00026894372,135.0,10,10,0.010097423568367958,0.0015296204946935177,-9.696849156171083e-05,-8.531194180250168e-05,0.0014302150812000036,-0.0015788547461852431,-0.004969524685293436,-0.004441489465534687,-0.0029294616542756557,-0.003471187548711896,-0.0017844988033175468,0.013307554580465742
pt,0.00048771032015793025,0.23142116963863374,0,14797,14618,0.008124607,0.005830439,0.00019499056,165.0,11,11,-0.003158077597618103,0.0004258090630173683,0.0011639362201094627,-0.0010361075401306152,-0.0018461039289832115,0.0025603799149394035,-0.0027891150675714016,-0.00017559435218572617,-0.005317742470651865,0.0016717566177248955,-0.002902660518884659,0.008357946419605855
pt,0.23142116963863374,0.3282289385795593,1,15240,15326,-0.0037564535,0.0057197576,9.0154885e-05,-165.0,0,12,-0.008940656669437885,0.0012302540708333254,0.0006298121297731996,0.0001482398947700858,-0.00015539652667939663,0.001701456494629383,0.002686099149286747,0.0025647925212979317,-0.003733571618795395,-0.0005082972929812968,-0.00167505641002208,0.010750982926829758
pt,0.23142116963863374,0.3282289385795593,1,8566,8965,-0.030386759,0.0075491155,0.0007292822,-135.0,1,13,-0.0034709926694631577,-0.002416800707578659,0.00047745369374752045,-0.0007907506078481674,-0.0023592226207256317,-0.00287700816988945,-0.0008777882903814316,0.003964556381106377,-0.0027079451829195023,-0.0024068523198366165,0.005799463018774986,0.009789431433944456
pt,0.23142116963863374,0.3282289385795593,1,9470,10251,-0.05287377,0.00711095,0.0012689705,-105.0,2,14,0.005199681967496872,-0.0026310980319976807,-0.0005748346447944641,0.000338580459356308,-0.0025826171040534973,-0.003935538232326508,0.0014443360269069672,-0.0048478469252586365,0.0015499964356422424,0.002210717648267746,0.001618213951587677,0.00959473384367704
pt,0.23142116963863374,0.3282289385795593,1,10166,10858,-0.043944947,0.0068900534,0.0010546787,-75.0,3,15,0.0023179203271865845,0.0019972138106822968,0.0005558095872402191,0.0012795254588127136,1.4465302228927612e-05,0.000836636871099472,0.0017271079123020172,0.0009680986404418945,0.003022190183401108,0.001615907996892929,2.150610089302063e-05,0.005260538873028163
pt,0.23142116963863374,0.3282289385795593,1,5980,6188,-0.022822453,0.00906311,0.00054773886,-45.0,4,16,-0.0024326611310243607,-0.000172467902302742,-0.0012019071727991104,6.90314918756485e-05,0.0006747450679540634,-0.002375509589910507,0.006434816867113113,0.0016428101807832718,-0.0006839912384748459,0.0006349757313728333,0.0025380942970514297,0.00805691706119279
pt,0.23142116963863374,0.3282289385795593,1,1285,1368,-0.041769475,0.019397788,0.0010024674,-15.0,5,17,0.005739670246839523,-0.0009889444336295128,0.001836095005273819,-0.002055356279015541,-0.006825522519648075,0.005133902654051781,-0.003894597291946411,-0.007293799892067909,0.011133115738630295,0.0039710961282253265,-0.0038525396957993507,0.01836811399174843
pt,0.23142116963863374,0.3282289385795593,1,1339,1298,0.020758307,0.019469345,0.00049819937,15.0,6,18,0.02009071409702301,0.0016574123874306679,-0.0005517173558473587,-0.0019439253956079483,0.0016920492053031921,0.01205965131521225,-0.00032698921859264374,-0.00204632431268692,-0.024564772844314575,-0.008518827147781849,-0.0020994190126657486,0.035262808641563136
pt,0.23142116963863374,0.3282289385795593,1,6335,6037,0.032158405,0.008985772,0.00077180174,45.0,7,19,0.014003098011016846,-0.00047391094267368317,-0.0021714046597480774,0.0008932091295719147,0.0012751109898090363,0.00046872347593307495,0.004532031714916229,0.007008567452430725,0.0023158956319093704,0.0009026899933815002,-0.001322692260146141,0.01677071381259173
pt,0.23142116963863374,0.3282289385795593,1,10748,10089,0.042224877,0.006921415,0.001013397,75.0,8,20,-0.005328036844730377,0.0008757114410400391,-0.0007105879485607147,0.0016947723925113678,0.0012444034218788147,0.0003828369081020355,0.0013585202395915985,0.003147277981042862,0.004236232489347458,-0.0033023469150066376,-0.004814013838768005,0.00989969523967602
pt,0.23142116963863374,0.3282289385795593,1,10043,9620,0.02872161,0.007128463,0.00068931864,105.0,9,21,0.00713479146361351,-0.0004596356302499771,-0.0007038582116365433,-0.00042455270886421204,0.00414680503308773,-0.0003841537982225418,-0.0015681162476539612,-0.0002980045974254608,-0.0009999852627515793,-0.0001299772411584854,-0.004135962575674057,0.009476633790129758
pt,0.23142116963863374,0.3282289385795593,1,8946,8785,0.012123019,0.007509335,0.00029095248,135.0,10,22,-0.009699353948235512,-0.0001347712241113186,-0.0009863791055977345,-0.00013658218085765839,0.0013822736218571663,-0.0008612894453108311,-0.002305773552507162,0.0011625387705862522,-0.0003067995421588421,0.0029730144888162613,-0.00224387738853693,0.01088006174226503
pt,0.23142116963863374,0.3282289385795593,1,15529,15186,0.014909456,0.0057052737,0.00035782694,165.0,11,23,-0.004961194470524788,8.064135909080505e-05,-0.0005694255232810974,-0.0001491345465183258,-0.002380482852458954,-0.0004234984517097473,-0.0019921306520700455,-0.0005470756441354752,-0.0006117522716522217,0.0011469833552837372,-1.7274171113967896e-05,0.006063866426927883
pt,0.3282289385795593,0.418657124042511,2,14512,14681,-0.0077290507,0.0058525843,0.00018549722,-165.0,0,24,-0.002798449946567416,-0.0018128335941582918,-0.0004763989709317684,-0.0006432412192225456,0.0014454585034400225,0.0005237078294157982,0.0013467404060065746,-0.00045721372589468956,0.001453204546123743,0.0015473226085305214,-3.5725533962249756e-05,0.004544454235522769
pt,0.3282289385795593,0.418657124042511,2,8107,8212,-0.00859041,0.007827755,0.00020616985,-135.0,1,25,0.002751508727669716,0.0018602684140205383,0.001314280554652214,-0.0004565119743347168,-0.0014371126890182495,0.001358145847916603,0.0007998142391443253,-0.00030262768268585205,-0.001745082437992096,0.0016545876860618591,-0.005808108486235142,0.0075581328435296675
pt,0.3282289385795593,0.418657124042511,2,10462,11062,-0.037217434,0.0068114176,0.00089321844,-105.0,2,26,-0.002994425594806671,-7.037818431854248e-05,0.0011272132396697998,-0.00017735734581947327,-0.0017651654779911041,-0.0003379620611667633,-0.0027770064771175385,0.002905162051320076,-0.006744414567947388,-0.0033844225108623505,0.0027363039553165436,0.00969969922304711
pt,0.3282289385795593,0.418657124042511,2,8732,9278,-0.040475953,0.007445384,0.0009714229,-75.0,3,27,-0.006862245500087738,-0.0010669156908988953,0.000790618360042572,7.772073149681091e-05,0.00012578442692756653,-0.0016062185168266296,-0.014624632894992828,-0.004197027534246445,-0.0028641335666179657,-0.0006652995944023132,-0.005860507488250732,0.01805386274563611
pt,0.3282289385795593,0.418657124042511,2,6193,6540,-0.03638454,0.008856191,0.000873229,-45.0,4,28,0.001500394195318222,-0.001399010419845581,-0.0008055455982685089,0.00011109933257102966,0.0003548376262187958,0.001564525067806244,-0.0037698745727539062,0.0023698993027210236,-0.0014815405011177063,-0.001396872103214264,-0.005862738937139511,0.008111079266726436
pt,0.3282289385795593,0.418657124042511,2,2721,2726,-0.0012255494,0.013549428,2.9413186e-05,-15.0,5,29,-0.00944132637232542,-0.0008340647909790277,0.0006094004493206739,-0.0020912494510412216,0.006526174955070019,-0.0035242862068116665,-0.007031829562038183,-0.0021353159099817276,-0.005244459956884384,0.009538304060697556,-0.0016156828496605158,0.01801917840578428
pt,0.3282289385795593,0.418657124042511,2,2830,2840,-0.0023546973,0.013280281,5.6512738e-05,15.0,6,30,-0.008036619052290916,-0.0005018189549446106,-0.00013158749788999557,-0.0017982348799705505,0.004436954855918884,0.0012135105207562447,-0.0007221587002277374,0.0025357315316796303,-0.008757286705076694,-0.00569662731140852,-0.0035277116112411022,0.014757609499743909
pt,0.3282289385795593,0.418657124042511,2,6585,6225,0.03752075,0.008829162,0.00090049807,45.0,7,31,0.0014989115297794342,-0.001730501651763916,-6.304308772087097e-05,-0.0016444139182567596,-0.0009593665599822998,0.0002956576645374298,-0.0014241412281990051,-0.006165634840726852,-0.0021331794559955597,-0.0026133768260478973,-0.00884190946817398,0.011771152375794508
pt,0.3282289385795593,0.418657124042511,2,9481,8809,0.049053922,0.0073853317,0.0011772942,75.0,8,32,-0.00031730905175209045,-0.0002937503159046173,0.000706743448972702,6.764009594917297e-05,0.003007311373949051,0.003693006932735443,-0.0004987381398677826,0.0005409270524978638,-0.001973893493413925,-0.001100342720746994,-0.001367967575788498,0.005558142171257702
pt,0.3282289385795593,0.418657124042511,2,11026,10555,0.029138522,0.0068042423,0.00069932453,105.0,9,33,0.011373324319720268,-0.0006048381328582764,0.0005775168538093567,0.0008526630699634552,-0.0001316498965024948,0.0021701864898204803,-0.0017060339450836182,0.00485529750585556,-0.0015248432755470276,0.000668063759803772,0.0006134230643510818,0.012850608784093796
pt,0.3282289385795593,0.418657124042511,2,8376,8101,0.022282952,0.007788487,0.00053479086,135.0,10,34,-0.0018760990351438522,-0.0014874152839183807,-0.0007236413657665253,-0.0005961284041404724,0.0012880805879831314,0.0018683820962905884,0.003862166777253151,-0.0008225515484809875,-0.003105355426669121,-0.0013219714164733887,0.0021523963660001755,0.006586179097881003
pt,0.3282289385795593,0.418657124042511,2,14905,14674,0.010426695,0.0058141286,0.0002502407,165.0,11,35,-0.00036892620846629143,-0.0007342561148107052,4.407716915011406e-05,-0.0010303778108209372,0.0006004394963383675,-0.0007781521417200565,-0.0007823861669749022,-0.0022947797551751137,-0.0017381366342306137,-0.0019381619058549404,0.00035751983523368835,0.0039355382564411415
pt,0.418657124042511,0.5319416642189025,3,14246,14491,-0.011382636,0.00589863,0.00027318325,-165.0,0,36,0.000890614464879036,-0.00013113440945744514,-0.0012013292871415615,-2.4890992790460587e-05,0.0004995833151042461,-0.00035217730328440666,0.0027353502810001373,0.004112549126148224,-0.003264172002673149,-9.715044870972633e-05,0.0023683542385697365,0.006579998074814454
pt,0.418657124042511,0.5319416642189025,3,7927,8251,-0.026738582,0.007859271,0.00064172596,-135.0,1,37,-0.005979649722576141,-0.0011672377586364746,-0.0003843288868665695,0.0011831801384687424,-0.0014669708907604218,0.0013929195702075958,-5.7853758335113525e-06,0.006216466426849365,-0.0016260258853435516,0.002570878714323044,0.0009522661566734314,0.009568865341830001
pt,0.418657124042511,0.5319416642189025,3,10875,11537,-0.039436247,0.006674546,0.00094646995,-105.0,2,38,0.0005870964378118515,-0.0009822994470596313,0.0013172011822462082,-0.00016492977738380432,0.0010438784956932068,-0.0018204562366008759,0.0017978399991989136,0.00011412985622882843,8.167512714862823e-05,-6.339140236377716e-05,0.0022674687206745148,0.003984082883480402
pt,0.418657124042511,0.5319416642189025,3,7740,8016,-0.023387365,0.007964494,0.00056129677,-75.0,3,39,-0.00032926350831985474,0.0016549639403820038,-0.00026873499155044556,-0.0003745816648006439,0.0005006082355976105,0.0007048025727272034,-0.002925597131252289,-0.00529300794005394,0.0034180469810962677,0.0007931925356388092,-0.0015600603073835373,0.007424839705161925
pt,0.418657124042511,0.5319416642189025,3,6402,6783,-0.03858007,0.008702349,0.0009259217,-45.0,4,40,0.0043356455862522125,0.001753188669681549,0.0002702958881855011,0.0011195503175258636,-0.0010596737265586853,0.002373114228248596,-0.005689851939678192,-0.002272825688123703,-0.0008371323347091675,-0.002262488007545471,-0.002651020884513855,0.00896327124732321
pt,0.418657124042511,0.5319416642189025,3,3510,3625,-0.021518998,0.011835931,0.00051645597,-15.0,5,41,0.009270239621400833,-0.003489188849925995,0.0005904417484998703,0.001336362212896347,-0.0021406840533018112,-0.010372323915362358,-0.008463380858302116,-0.003991009667515755,0.003327619284391403,0.0023935213685035706,-0.0014132671058177948,0.017854136517539216
pt,0.418657124042511,0.5319416642189025,3,3547,3545,0.00037651256,0.011874507,9.036302e-06,15.0,6,42,0.013993998989462852,0.0013926548417657614,-0.00238703447394073,-7.680617272853851e-06,0.006128530949354172,-0.0011054093483835459,-0.0034030077513307333,0.0017925234278663993,-0.006854759994894266,0.004626212641596794,-0.004155210219323635,0.018512138211898732
pt,0.418657124042511,0.5319416642189025,3,6813,6449,0.036644645,0.008677681,0.0008794715,45.0,7,43,0.0014195647090673447,-0.000521346926689148,0.0007243603467941284,-0.0011851228773593903,0.002662748098373413,0.0013345256447792053,0.002924293279647827,-0.00104513019323349,-0.0006657727062702179,-0.0025907419621944427,-0.002911105751991272,0.00619361680088286
pt,0.418657124042511,0.5319416642189025,3,8102,7478,0.053473096,0.008000082,0.0012833544,75.0,8,44,0.0013866089284420013,-0.0008436217904090881,-0.0006900317966938019,-0.00031053274869918823,0.0010114498436450958,-0.0016063861548900604,0.0018445178866386414,-0.0006204321980476379,0.0009704120457172394,-0.001727379858493805,0.0015931129455566406,0.004130520027404646
pt,0.418657124042511,0.5319416642189025,3,11507,10810,0.04169799,0.006688122,0.0010007517,105.0,9,45,-0.0012166984379291534,0.001468457281589508,0.0008138716220855713,-0.0005478709936141968,-0.001473110169172287,-0.0012033134698867798,1.0058283805847168e-05,-0.00018188729882240295,0.0010790824890136719,-0.002083268016576767,-1.4938414096832275e-06,0.0037087598242563627
pt,0.418657124042511,0.5319416642189025,3,8403,8129,0.02212806,0.007775547,0.0005310734,135.0,10,46,0.002572670578956604,0.00042047910392284393,-6.75814226269722e-05,-1.2177042663097382e-05,0.001249833032488823,0.0008831517770886421,-0.0005147913470864296,0.0016144439578056335,0.00458263885229826,7.277261465787888e-05,-0.002196459099650383,0.006151742719636186
pt,0.418657124042511,0.5319416642189025,3,14825,14569,0.011627851,0.0058323196,0.00027906842,165.0,11,47,0.003469036892056465,-3.637513145804405e-05,-0.00026073912158608437,0.001494504977017641,0.0016579474322497845,-0.0011867028661072254,-0.004429408349096775,-0.0011989232152700424,0.002309673000127077,0.0010887528769671917,-0.002010652795433998,0.0070791168631823475
pt,0.5319416642189025,1.2094560861587524,4,13856,14158,-0.014392956,0.0059740306,0.00034543095,-165.0,0,48,0.003179045394062996,-0.0012462548911571503,-0.0008324924856424332,0.0002639405429363251,0.0008586011826992035,0.0005813688039779663,-0.003185800276696682,-0.0035349056124687195,-0.00021964870393276215,0.0010357201099395752,0.000667346641421318,0.006140730349756986
pt,0.5319416642189025,1.2094560861587524,4,8012,8306,-0.024054624,0.007826018,0.000577311,-135.0,1,49,-0.012157164514064789,0.0020257318392395973,-8.121691644191742e-05,7.235445082187653e-06,-0.000782310962677002,0.001056050881743431,-0.0004849471151828766,-0.003768988884985447,-0.004870165139436722,0.0016041276976466179,0.0046233851462602615,0.014688159048667486
pt,0.5319416642189025,1.2094560861587524,4,11242,11509,-0.015668554,0.0066289757,0.0003760453,-105.0,2,50,-0.0019650720059871674,0.0012674443423748016,-0.0012558456510305405,-0.00022967159748077393,-0.003153294324874878,-0.0009695440530776978,0.00013376027345657349,0.0022298721596598625,-0.001020081341266632,-0.0004998892545700073,-0.0011887671425938606,0.005067045041235319
pt,0.5319416642189025,1.2094560861587524,4,6802,7227,-0.04044645,0.008435894,0.0009707148,-75.0,3,51,0.0028449371457099915,-0.0034499503672122955,0.00098496675491333,-0.0008642636239528656,0.0005213841795921326,0.0010128878057003021,-0.009866666048765182,0.000947561115026474,-0.00426216796040535,-0.004449348896741867,0.0011272840201854706,0.012668592690716754
pt,0.5319416642189025,1.2094560861587524,4,7006,7376,-0.034347933,0.008333626,0.0008243504,-45.0,4,52,0.010257333517074585,0.0004044957458972931,-0.0004121847450733185,0.0002699121832847595,1.0758638381958008e-05,0.0012589283287525177,0.0023659206926822662,0.0035010986030101776,-0.003722965717315674,0.00391654297709465,0.0002722814679145813,0.012423102060214741
pt,0.5319416642189025,1.2094560861587524,4,4059,4242,-0.029433291,0.01097101,0.000706399,-15.0,5,53,-0.009870164096355438,0.0019065309315919876,-0.003007585182785988,-0.001256745308637619,-0.0020825769752264023,0.0018967241048812866,0.003853254020214081,0.0023338794708251953,-0.00282132625579834,-0.001742308959364891,0.011379603296518326,0.01674515212049997
pt,0.5319416642189025,1.2094560861587524,4,4382,4118,0.041467052,0.010837194,0.0009952092,15.0,6,54,0.0034607648849487305,0.0033428892493247986,0.0004225783050060272,-0.001319587230682373,-0.00021839141845703125,-0.0036311596632003784,0.0005799029022455215,-1.8116086721420288e-05,-0.0014745965600013733,0.004388861358165741,-0.0011189579963684082,0.007831342280792764
pt,0.5319416642189025,1.2094560861587524,4,7351,7092,0.023942005,0.008318533,0.0005746081,45.0,7,55,-0.003672257997095585,-0.0003390274941921234,1.0729767382144928e-05,-0.0015805140137672424,0.00025253184139728546,0.0013003833591938019,-0.005235899239778519,-0.006038257852196693,-0.000996091403067112,-0.00016291532665491104,-0.013537767343223095,0.016310070821162925
pt,0.5319416642189025,1.2094560861587524,4,7072,6834,0.022850353,0.008477845,0.0005484085,75.0,8,56,0.009762085974216461,0.000891905277967453,-0.0007283072918653488,-0.0014638090506196022,-0.0010734368115663528,-0.0009550787508487701,-0.0029091546311974525,0.0006993785500526428,-0.0019105365499854088,0.0015143156051635742,-0.0001653376966714859,0.010758920823622259
pt,0.5319416642189025,1.2094560861587524,4,11609,11148,0.027046064,0.006626491,0.0006491055,105.0,9,57,-0.0030943453311920166,0.0005436912178993225,-9.476020932197571e-05,-0.0009172298014163971,-0.001379210501909256,-0.00043229013681411743,0.0029730387032032013,-0.0019307658076286316,0.002324450761079788,0.003954365849494934,0.0039637647569179535,0.007882149893341562
pt,0.5319416642189025,1.2094560861587524,4,8404,8224,0.014452755,0.0077541578,0.00034686615,135.0,10,58,-0.0011314712464809418,0.0030883625149726868,-0.001786511391401291,-0.0006102211773395538,0.00047302059829235077,0.004165206104516983,0.005628593266010284,0.0058729276061058044,0.0003160908818244934,0.0009431503713130951,0.00928538665175438,0.013613782927007878
pt,0.5319416642189025,1.2094560861587524,4,14049,13777,0.013050775,0.0059942883,0.0003132186,165.0,11,59,0.005346248392015696,0.0008773496374487877,0.0010215286165475845,-2.1674204617738724e-05,-0.002432800829410553,0.0014196638949215412,-0.005976186133921146,-0.0007547722198069096,-0.007133774925023317,0.0017046802677214146,0.005358269903808832,0.012534842953158015
q2,1.0000007152557373,1.286751890182495,0,14629,14747,-0.005362997,0.0058344165,0.00012871192,-165.0,0,0,-0.0031317793764173985,0.0015446991892531514,-0.0003449724172241986,-0.000985870254226029,-0.0006510352250188589,0.0040312097407877445,0.007540954276919365,0.005090387538075447,-0.0010754374088719487,0.0012221664655953646,-0.000613005890045315,0.01075935184008418
q2,1.0000007152557373,1.286751890182495,0,7480,7610,-0.011501972,0.008140042,0.00027604733,-135.0,1,1,-0.009097903966903687,-0.0034309066832065582,0.0004792674444615841,-4.637753590941429e-05,-0.000249756732955575,0.00539850490167737,0.004166173283010721,0.008958052843809128,-0.004256789106875658,0.0013470541452988982,0.0014010623563081026,0.015603927508538265
q2,1.0000007152557373,1.286751890182495,0,10998,11424,-0.025366083,0.0066761035,0.000608786,-105.0,2,2,-0.005476729013025761,-0.0032375382725149393,-0.00024125026538968086,0.0001597120426595211,-0.00083895493298769,-0.002709263004362583,0.013934608548879623,0.0027696476317942142,0.0020292731933295727,0.0025109820999205112,-0.004289396572858095,0.01671137465784837
q2,1.0000007152557373,1.286751890182495,0,8014,8025,-0.00091565854,0.007896073,2.1975806e-05,-75.0,3,3,0.006919432431459427,-0.002089482732117176,0.0008832253515720367,-0.0003490149974822998,0.0021058060228824615,-0.00046011991798877716,-0.01198628544807434,0.0007544290274381638,-0.0011052880436182022,-0.004625637084245682,-0.0004025697708129883,0.01499376389074672
q2,1.0000007152557373,1.286751890182495,0,6710,7044,-0.03242169,0.008522306,0.00077812053,-45.0,4,4,-0.0029631368815898895,0.0028263963758945465,1.545250415802002e-05,0.0011238567531108856,-0.003223184496164322,0.004316877573728561,-0.011678539216518402,0.00678817555308342,-0.012829162180423737,0.0017566420137882233,-0.005276497453451157,0.02061646342321387
q2,1.0000007152557373,1.286751890182495,0,3326,3432,-0.020941406,0.012161738,0.00050259376,-15.0,5,5,0.0012677060440182686,0.0014901976101100445,0.00025522056967020035,-0.0036851209588348866,-0.004440749064087868,0.004692527465522289,-0.003121183253824711,-0.0023002815432846546,-0.005511661060154438,0.004629192408174276,0.0044681779108941555,0.012083816108174552
q2,1.0000007152557373,1.286751890182495,0,3470,3384,0.016752226,0.012077221,0.00040205344,15.0,6,6,0.0056839799508452415,0.003029653336852789,-0.0016347819473594427,-0.0007906774990260601,0.01767037995159626,0.0009747939184308052,-0.012750632129609585,0.0028059056494385004,-0.0020205695182085037,-0.00030008284375071526,-0.0058783553540706635,0.023815041464190615
q2,1.0000007152557373,1.286751890182495,0,7011,6656,0.03467954,0.008548739,0.00083230896,45.0,7,7,0.004581596702337265,-0.0004672035574913025,-0.0003225691616535187,-0.0017372909933328629,-0.00028121471405029297,0.0009945295751094818,-0.008144408464431763,-0.008944449946284294,0.00015550851821899414,0.001374879851937294,-0.012534687295556068,0.018187004875424122
q2,1.0000007152557373,1.286751890182495,0,8180,7777,0.03371879,0.007911838,0.000809251,75.0,8,8,0.0014443714171648026,0.0022249091416597366,0.0004308559000492096,-0.0007587764412164688,0.002330610528588295,0.00045470334589481354,0.004146702587604523,0.007454570382833481,0.00497591495513916,-0.004035107791423798,-0.003717297688126564,0.011876960769340465
q2,1.0000007152557373,1.286751890182495,0,11497,10958,0.03204748,0.0066699157,0.00076913956,105.0,9,9,0.0006352663040161133,0.00021114572882652283,0.00041107460856437683,0.0008470006287097931,-0.0006557703018188477,0.0037550702691078186,0.003994390368461609,-0.0011645741760730743,0.0029432736337184906,-0.0012491047382354736,0.0044589415192604065,0.007954985533537467
q2,1.0000007152557373,1.286751890182495,0,7735,7567,0.014658153,0.008083124,0.00035179566,135.0,10,10,0.004071591421961784,-0.002389265224337578,-0.0013051116839051247,-0.0015372950583696365,0.002504980191588402,-0.000816752202808857,-0.0077203973196446896,0.001145646907389164,-0.0017433231696486473,0.000541449524462223,0.008734116330742836,0.013184430988652055
q2,1.0000007152557373,1.286751890182495,0,15273,14687,0.026114035,0.005775385,0.00062673684,165.0,11,11,-0.0017615463584661484,0.0025053806602954865,-5.010515451431274e-06,-0.0008170679211616516,-0.0013833437114953995,0.0003165770322084427,-0.0081007219851017,-0.002093372866511345,-0.0003103036433458328,0.0015735980123281479,-0.0031553469598293304,0.009725948996938922
q2,1.286751890182495,1.5113645553588868,1,14773,14849,-0.0034254482,0.005810189,8.2210754e-05,-165.0,0,12,0.0051011331379413605,-0.0019167372956871986,0.0006599682383239269,0.0012742271646857262,-0.0001524132676422596,0.0005947868339717388,0.0016163266263902187,0.0024742265231907368,-0.0007220236584544182,0.0001451629213988781,-0.0019617746584117413,0.0067273259305063145
q2,1.286751890182495,1.5113645553588868,1,8290,8532,-0.019206839,0.0077086985,0.00046096413,-135.0,1,13,-0.007471632212400436,-0.0008435007184743881,-0.0005896426737308502,-0.0008213706314563751,-0.0010718274861574173,-0.002231936901807785,0.003117392770946026,0.0037464508786797523,-0.0033507980406284332,-0.001364249736070633,0.002694578841328621,0.010382354161189787
q2,1.286751890182495,1.5113645553588868,1,10342,10650,-0.019589126,0.0069006463,0.00047013903,-105.0,2,14,-0.003129309043288231,-0.0008980967104434967,0.0014528986066579819,0.0010386761277914047,-0.0024049896746873856,-0.0017184019088745117,-0.0022810380905866623,0.0004459228366613388,-0.0030089784413576126,0.0019475314766168594,-0.004127277061343193,0.007603224559763131
q2,1.286751890182495,1.5113645553588868,1,8475,8740,-0.02055214,0.007619996,0.00049325137,-75.0,3,15,0.00166274793446064,0.0006833877414464951,0.00027247704565525055,0.0010717753320932388,-0.003527645021677017,0.0031571313738822937,-0.003602743148803711,0.00145622156560421,0.0050971489399671555,-0.0006311256438493729,-0.0011810902506113052,0.008351108551056207
q2,1.286751890182495,1.5113645553588868,1,6265,6655,-0.040301412,0.008790544,0.0009672339,-45.0,4,16,0.0055610425770282745,-0.0003873556852340698,-0.0021113641560077667,-0.0013249628245830536,0.0015682615339756012,-0.0010808669030666351,0.005864463746547699,-0.0005457103252410889,-0.0026696212589740753,-0.0013140514492988586,0.0005750320851802826,0.00920816741418741
q2,1.286751890182495,1.5113645553588868,1,3168,3183,-0.0031533148,0.012548066,7.5679556e-05,-15.0,5,17,-1.0032206773757935e-05,-0.0033404864370822906,-0.0001560542732477188,-0.00023093633353710175,-4.5610591769218445e-05,-0.0040555689483881,0.0008378736674785614,-0.0023120008409023285,0.0036403443664312363,0.0010141804814338684,-0.008784374222159386,0.011188370499322753
q2,1.286751890182495,1.5113645553588868,1,3094,3133,-0.00836188,0.012672006,0.00020068511,15.0,6,18,0.009048868902027607,0.002189522609114647,-0.0006540762260556221,-0.0034171994775533676,0.0002749664708971977,0.002920478582382202,-0.003488999791443348,-0.004101387690752745,-0.013342778198421001,0.0006378553807735443,0.010407712310552597,0.020570305611824973
q2,1.286751890182495,1.5113645553588868,1,6647,6322,0.03345762,0.0087761395,0.00080298283,45.0,7,19,0.003197312355041504,0.001410607248544693,0.0005689598619937897,-0.00045841559767723083,0.0016418136656284332,-0.0015945658087730408,0.0033246874809265137,-0.00042637065052986145,-0.006409855559468269,-0.0009912028908729553,-0.0033663585782051086,0.009089615604627788
q2,1.286751890182495,1.5113645553588868,1,9101,8343,0.058015134,0.007558661,0.0013923632,75.0,8,20,-0.0017767176032066345,0.0009143128991127014,-8.968263864517212e-05,0.00041142478585243225,0.002281472086906433,0.0017733722925186157,0.0014747828245162964,-0.0033449307084083557,0.0013060905039310455,-0.002332013100385666,0.004424102604389191,0.007252610440583179
q2,1.286751890182495,1.5113645553588868,1,10563,10068,0.032033406,0.0069585205,0.0007688018,105.0,9,21,0.005762215703725815,0.00016483664512634277,-0.001368451863527298,-0.002022305503487587,-0.001795673742890358,-0.00027903541922569275,-0.0014303922653198242,0.0012077540159225464,0.0025951657444238663,0.0004001464694738388,0.0004509054124355316,0.0072868371649740925
q2,1.286751890182495,1.5113645553588868,1,8471,8397,0.005857149,0.0076994686,0.00014057157,135.0,10,22,-0.0066680037416517735,0.0012300476664677262,0.00018835358787328005,-0.000510232406668365,0.0033419611863791943,0.001825379324145615,-0.0006226624827831984,0.0005266265943646431,-0.0024986681528389454,-0.003785936627537012,0.0016700669657438993,0.009208835218679516
q2,1.286751890182495,1.5113645553588868,1,14862,14693,0.007634382,0.0058166357,0.00018322517,165.0,11,23,-0.001260894350707531,-0.000506906770169735,0.0013187956064939499,0.0006331261247396469,5.1585957407951355e-06,0.001077353022992611,-0.005549190100282431,-0.0033476874232292175,-0.006788722239434719,-0.0005596447736024857,0.00031931884586811066,0.009677294767699766
q2,1.5113645553588868,1.797568678855896,2,14376,14736,-0.01651006,0.005860097,0.00039624143,-165.0,0,24,-0.0069212354719638824,-0.0012525226920843124,0.0004107411950826645,5.0790607929229736e-05,0.003431234508752823,-0.000646958127617836,-0.0003899224102497101,-0.0023319628089666367,0.000774722546339035,0.0005000084638595581,-0.0019487515091896057,0.008489608506958405
q2,1.5113645553588868,1.797568678855896,2,8731,9015,-0.021366632,0.0075049987,0.0005127992,-135.0,1,25,0.0063036102801561356,0.0006226338446140289,0.001492828130722046,-1.7445534467697144e-05,-0.0013643354177474976,0.0031658001244068146,-8.744001388549805e-05,0.0027153827250003815,-0.0006005875766277313,-0.0006402917206287384,-0.0016400590538978577,0.008067040282975396
q2,1.5113645553588868,1.797568678855896,2,9770,10447,-0.0447085,0.007025984,0.0010730041,-105.0,2,26,-0.0025789104402065277,-0.0012576915323734283,-0.001104157418012619,-0.0009583905339241028,0.000758592039346695,0.0004797428846359253,-5.365535616874695e-05,0.0017120279371738434,-0.0007892735302448273,-0.0011670701205730438,0.008284274488687515,0.009204563320261547
q2,1.5113645553588868,1.797568678855896,2,8502,9147,-0.04879303,0.0075183464,0.0011710327,-75.0,3,27,0.0009553022682666779,-0.0012939050793647766,0.0007063746452331543,0.00010083243250846863,0.0010463669896125793,-0.0008968710899353027,-0.0004697740077972412,0.002733435481786728,-0.0004415474832057953,0.0032449625432491302,-0.0032273121178150177,0.005816170000116168
q2,1.5113645553588868,1.797568678855896,2,6348,6475,-0.013223068,0.008830132,0.00031735364,-45.0,4,28,0.002385767176747322,-0.00013467296957969666,0.00216720812022686,0.0007123835384845734,0.00036029331386089325,0.0006175991147756577,-0.000687992200255394,0.0023855557665228844,0.0025188475847244263,0.0011201146990060806,-0.0025587286800146103,0.005633479852274223
q2,1.5113645553588868,1.797568678855896,2,2996,3039,-0.009512821,0.012871873,0.0002283077,-15.0,5,29,-0.011249077506363392,-0.0004364103078842163,-0.0006748023442924023,0.002564207650721073,0.0010165285784751177,-0.006623850669711828,0.0018623991636559367,0.002775964792817831,0.0064576840959489346,0.0005189758376218379,0.0024808659218251705,0.01542633049455725
q2,1.5113645553588868,1.797568678855896,2,3138,3072,0.014189612,0.012688505,0.0003405507,15.0,6,30,0.0030927269253879786,-0.0010226871818304062,-0.00270032393746078,-0.00021430011838674545,0.00022554956376552582,-0.0005229490343481302,1.2544449418783188e-05,0.002282522153109312,-0.006312635727226734,0.0025392980314791203,0.00179137266241014,0.008543380840669239
q2,1.5113645553588868,1.797568678855896,2,6621,6349,0.027999297,0.008777275,0.0006719831,45.0,7,31,0.0038245711475610733,-0.0022716838866472244,-0.00042817555367946625,-0.0013447236269712448,-0.0006610322743654251,0.0022618919610977173,0.0005626771599054337,0.0017466302961111069,0.0006744153797626495,-0.00010816380381584167,-0.009333016350865364,0.010875278372931558
q2,1.5113645553588868,1.797568678855896,2,8907,8631,0.021011023,0.0075494284,0.00050426455,75.0,8,32,-0.00335562601685524,-0.0016665980219841003,-0.0009582247585058212,0.00012757815420627594,-0.0014685317873954773,-0.0005141366273164749,-0.00018593855202198029,0.007337922230362892,-0.0026808232069015503,-0.0011354852467775345,0.0063047390431165695,0.010931546912736201
q2,1.5113645553588868,1.797568678855896,2,10354,9870,0.031951886,0.007028209,0.00076684525,105.0,9,33,0.009187290444970131,0.0005035325884819031,0.000574108213186264,0.00021876394748687744,0.0008472651243209839,-0.002615179866552353,-0.00040687620639801025,0.00032388046383857727,-0.0010990463197231293,0.003246001899242401,-0.0006078779697418213,0.010245912657711412
q2,1.5113645553588868,1.797568678855896,2,9034,8808,0.016911536,0.007485419,0.00040587687,135.0,10,34,-0.00022885389626026154,0.0003556404262781143,-0.0001540742814540863,-0.00010390765964984894,0.0012146811932325363,0.0008538458496332169,0.0007266867905855179,0.00029631517827510834,-0.00096144899725914,0.0002155657857656479,0.007326900027692318,0.007595267356407786
q2,1.5113645553588868,1.797568678855896,2,14719,14620,0.0045051374,0.005838119,0.0001081233,165.0,11,35,0.0003655962646007538,0.0003578790929168463,0.00034201983362436295,-0.0005283234640955925,-0.00042604212649166584,0.0015334971249103546,-0.00017344113439321518,0.0003397432155907154,-0.0012637423351407051,0.0014871032908558846,0.0003453856334090233,0.002695233951163319
q2,1.797568678855896,2.2447212219238284,3,14166,14600,-0.0201432,0.0058948416,0.0004834368,-165.0,0,36,0.0002622026950120926,0.00046025775372982025,-0.00026090629398822784,-4.473142325878143e-05,0.00018447265028953552,0.0006523709744215012,-8.94647091627121e-05,-0.000834047794342041,-0.000860113650560379,0.001971280202269554,-0.0020888401195406914,0.0032408196995138924
q2,1.797568678855896,2.2447212219238284,3,9075,9230,-0.011305248,0.007390731,0.00027132596,-135.0,1,37,-0.0023062643595039845,0.0012931004166603088,0.001986299641430378,7.128249853849411e-05,-0.001587260514497757,-0.001754765398800373,0.0001415945589542389,0.0002596583217382431,0.00047238823026418686,-0.00034505128860473633,0.002892429009079933,0.005033473657121973
q2,1.797568678855896,2.2447212219238284,3,9789,10347,-0.03699808,0.007042323,0.0008879539,-105.0,2,38,0.007305234670639038,0.0003772266209125519,0.0011260509490966797,-0.00013296306133270264,-0.0018332749605178833,0.00045504048466682434,0.0,0.0006167031824588776,0.0008315630257129669,-0.0035144127905368805,0.0011809691786766052,0.00855453024426713
q2,1.797568678855896,2.2447212219238284,3,8603,9235,-0.047303043,0.0074789478,0.001135273,-75.0,3,39,1.2736767530441284e-05,2.8401613235473633e-05,0.0017459280788898468,0.0,0.00014757364988327026,0.0007868446409702301,0.0,-9.756907820701599e-05,0.002054944634437561,-0.002969510853290558,0.002060655504465103,0.004581129685592798
q2,1.797568678855896,2.2447212219238284,3,6158,6401,-0.025832675,0.00892026,0.00061998423,-45.0,4,40,-0.0003490094095468521,-0.0005583204329013824,-0.0023078303784132004,0.0,0.0018205009400844574,-0.0007971245795488358,-0.00010908953845500946,-0.003248928114771843,0.0005525071173906326,-0.0011923164129257202,0.0008857417851686478,0.004773687994946036
q2,1.797568678855896,2.2447212219238284,3,3085,3206,-0.02567934,0.012603667,0.00061630417,-15.0,5,41,0.00939258188009262,-0.0007567107677459717,-0.0006742458790540695,0.0,0.006329183466732502,-0.0052614975720644,-6.098300218582153e-06,0.001975361257791519,-0.005309309810400009,-0.0023178700357675552,0.006310299038887024,0.01530597884932011
q2,1.797568678855896,2.2447212219238284,3,3060,2931,0.028748062,0.012914298,0.0006899535,15.0,6,42,-0.0028866752982139587,-0.0022786715999245644,0.003129156306385994,0.0,-0.002516326494514942,-0.0018837349489331245,0.0004602000117301941,0.0031851790845394135,-0.0008747903630137444,-0.0009916657581925392,-0.014208193868398666,0.0157218254703716
q2,1.797568678855896,2.2447212219238284,3,6464,6190,0.028909523,0.008885963,0.00069382857,45.0,7,43,-0.0005576349794864655,0.0006518140435218811,-0.0003793351352214813,0.0,0.0013033263385295868,2.1163374185562134e-05,-0.00010228157043457031,0.0017505958676338196,0.002036098390817642,2.316385507583618e-05,0.0014660358428955078,0.003456785012256077
q2,1.797568678855896,2.2447212219238284,3,9207,8717,0.036498863,0.0074643684,0.00087597274,75.0,8,44,0.009135140106081963,-0.00011185184121131897,-0.0012523792684078217,-0.00014219805598258972,1.835264265537262e-05,0.0018371380865573883,0.0,0.0010621491819620132,-0.0007943697273731232,-0.001136844977736473,-0.004462521523237228,0.010554292106865065
q2,1.797568678855896,2.2447212219238284,3,10204,9900,0.020188743,0.007051317,0.00048452985,105.0,9,45,0.0028946753591299057,0.0002070348709821701,0.0001249890774488449,0.0,0.001174628734588623,-0.0002700239419937134,-6.35441392660141e-05,0.0007453560829162598,-0.00147194042801857,0.0006056372076272964,-0.0009171962738037109,0.003718137213573738
q2,1.797568678855896,2.2447212219238284,3,9334,9103,0.01672784,0.0073636663,0.00040146816,135.0,10,46,0.004107296466827393,0.003069952130317688,-0.0028349338099360466,0.0,0.0004252232611179352,0.001374715007841587,-6.940960884094238e-05,0.00019176211208105087,0.0009861234575510025,0.0011820178478956223,-0.0019899457693099976,0.00654011287843369
q2,1.797568678855896,2.2447212219238284,3,14447,14234,0.009915246,0.005904478,0.0002379659,165.0,11,47,-0.0025655473582446575,-0.000820542685687542,-0.00012828083708882332,4.85684722661972e-07,-0.0022780494764447212,0.0001087728887796402,4.5425258576869965e-05,0.00015840772539377213,-0.002471232321113348,0.0007280353456735611,0.001755429431796074,0.004713685852388897
q2,2.2447212219238284,4.7731614112854,4,14443,14541,-0.0045142537,0.005873763,0.00010834209,-165.0,0,48,-0.004334352910518646,0.0002699759788811207,-0.002249695360660553,-4.152301698923111e-05,0.0004242011345922947,-0.000167040154337883,-0.00019295932725071907,8.440576493740082e-06,-0.0002813241444528103,-0.0017547751776874065,0.004791430663317442,0.007091099782101898
q2,2.2447212219238284,4.7731614112854,4,9165,9665,-0.035451766,0.0072828564,0.0008508424,-135.0,1,49,-0.0025481320917606354,-0.0008083544671535492,-0.0027204547077417374,-0.00020186789333820343,-0.0006890837103128433,-0.0017343051731586456,-0.00022898614406585693,0.0004939734935760498,0.0003327615559101105,0.0015661735087633133,0.00309750996530056,0.005524973440898673
q2,2.2447212219238284,4.7731614112854,4,9481,10142,-0.044973247,0.007131447,0.0010793579,-105.0,2,50,0.0005185678601264954,0.0006835013628005981,-0.0009161382913589478,0.0,-0.00015009567141532898,-0.0018846802413463593,-0.0016002468764781952,-0.0008867643773555756,0.0006112679839134216,-0.0017221122980117798,0.008875194936990738,0.009518691613947349
q2,2.2447212219238284,4.7731614112854,4,8756,9577,-0.059789892,0.0073723434,0.0014349574,-75.0,3,51,-0.0018250755965709686,0.00042948871850967407,-0.0010988079011440277,0.0001281164586544037,-9.015575051307678e-05,-0.002398744225502014,-0.00032417476177215576,-0.000709831714630127,0.00021675601601600647,-0.001954730600118637,-0.004059124737977982,0.005608444963543761
q2,2.2447212219238284,4.7731614112854,4,5891,6241,-0.03851712,0.009072174,0.00092441094,-45.0,4,52,0.002420477569103241,0.0004028342664241791,0.00029274076223373413,0.0001024007797241211,-0.0017935335636138916,0.0018358230590820312,-0.0008032470941543579,0.0002151578664779663,0.0010491982102394104,0.00024578720331192017,-0.002242937684059143,0.004425796608566014
q2,2.2447212219238284,4.7731614112854,4,2859,2933,-0.017057735,0.013137796,0.00040938566,-15.0,5,53,0.0006143376231193542,0.0018063448369503021,6.671994924545288e-05,0.0,-0.004825849086046219,-0.0014077350497245789,-0.0015822649002075195,-0.00010609254240989685,-0.0005145519971847534,-0.00317348912358284,-0.006354471668601036,0.009063399269183875
q2,2.2447212219238284,4.7731614112854,4,2898,2823,0.017502798,0.013218966,0.00042006714,15.0,6,54,0.007996659725904465,0.000157967209815979,-0.00020966306328773499,0.0,-0.0026951469480991364,0.0028728805482387543,-0.0006919614970684052,0.0007115956395864487,0.0010007712990045547,-0.0019895974546670914,0.0007497426122426987,0.009275778835468672
q2,2.2447212219238284,4.7731614112854,4,6261,6019,0.026310867,0.0090209115,0.0006314608,45.0,7,55,-0.00393068790435791,-0.0006101168692111969,-0.0014509037137031555,4.412606358528137e-06,-0.0007719341665506363,0.0012161042541265488,3.7068501114845276e-05,5.284510552883148e-05,0.0012256801128387451,-0.000482313334941864,-0.007480878382921219,0.008815050137042297
q2,2.2447212219238284,4.7731614112854,4,9268,8683,0.04350963,0.0074566575,0.0010442311,75.0,8,56,0.00418340228497982,-0.00023576989769935608,0.0012231376022100449,2.7455389499664307e-06,0.0018749814480543137,-0.000927293673157692,-0.0011867191642522812,-0.0005654580891132355,0.00026730820536613464,0.00028730928897857666,-0.007337318733334541,0.008896417029651016
q2,2.2447212219238284,4.7731614112854,4,10074,9521,0.037678882,0.0071386956,0.0009042932,105.0,9,57,-0.0035770200192928314,-0.0005388222634792328,-0.000973626971244812,-0.00012386590242385864,0.0008062534034252167,0.0016031153500080109,4.217401146888733e-05,0.0005335025489330292,0.0004985667765140533,0.002839561551809311,0.0005507245659828186,0.005115671712358304
q2,2.2447212219238284,4.7731614112854,4,9646,9287,0.025315888,0.0072652586,0.00060758134,135.0,10,58,6.830133497714996e-05,0.00011103972792625427,0.00029723532497882843,2.1457672119140625e-06,-0.000850629061460495,0.0005780365318059921,0.002799639478325844,-0.00022889859974384308,-0.0002877805382013321,0.00046878308057785034,-0.005137383937835693,0.0059790224188971085
q2,2.2447212219238284,4.7731614112854,4,14804,14590,0.009720156,0.0058324384,0.00023328375,165.0,11,59,0.005532108247280121,-0.00025716470554471016,-0.00016999104991555214,8.423812687397003e-05,-0.00022105546668171883,-0.0011829668655991554,-0.0018827528692781925,0.00030253874137997627,-0.00010323338210582733,0.0007671443745493889,-0.00045170029625296593,0.00604930684673529
