,axis,axis_bin,axis_max,axis_min,counts_neg,counts_pos,phi,phi_bin,stat,sys_0,value,global_index
0,x,0,0.1432223439216614,0.10672914981842041,22850,22825,-165.0,0,0.0046790815,2.1923046e-05,-0.0007307682,0
1,x,0,0.1432223439216614,0.10672914981842041,8625,8275,-135.0,1,0.0076893666,0.0008295083,-0.027650278,1
2,x,0,0.1432223439216614,0.10672914981842041,18616,18122,-105.0,2,0.0052164164,0.0005385808,-0.017952694,2
3,x,0,0.1432223439216614,0.10672914981842041,7760,7690,-75.0,3,0.008045033,0.00018147173,-0.0060490575,3
4,x,0,0.1432223439216614,0.10672914981842041,8794,8258,-45.0,4,0.0076512,0.0012590091,-0.04196697,4
5,x,0,0.1432223439216614,0.10672914981842041,4106,4099,-15.0,5,0.01103978,3.4171095e-05,-0.0011390365,5
6,x,0,0.1432223439216614,0.10672914981842041,4326,4246,15.0,6,0.010800036,0.00037380683,-0.012460228,6
7,x,0,0.1432223439216614,0.10672914981842041,8576,8842,45.0,7,0.007575487,0.0006116779,0.020389263,7
8,x,0,0.1432223439216614,0.10672914981842041,7668,7783,75.0,8,0.008044522,0.00029811283,0.0099370945,8
9,x,0,0.1432223439216614,0.10672914981842041,17736,18595,105.0,9,0.0052437843,0.0009470114,0.03156705,9
10,x,0,0.1432223439216614,0.10672914981842041,8569,8593,135.0,10,0.007633352,5.6012213e-05,0.0018670738,10
11,x,0,0.1432223439216614,0.10672914981842041,22633,22829,165.0,11,0.0046899533,0.00017268195,0.0057560652,11
0,x,1,0.16647763550281525,0.1432223439216614,23717,23236,-165.0,0,0.0046145325,0.00041031855,-0.013677285,12
1,x,1,0.16647763550281525,0.1432223439216614,9671,9448,-135.0,1,0.0072312728,0.00046717448,-0.015572483,13
2,x,1,0.16647763550281525,0.1432223439216614,17167,16834,-105.0,2,0.005422718,0.00039227618,-0.013075873,14
3,x,1,0.16647763550281525,0.1432223439216614,9896,9440,-75.0,3,0.007187888,0.00094457756,-0.03148592,15
4,x,1,0.16647763550281525,0.1432223439216614,7583,7179,-45.0,4,0.008225027,0.0010961641,-0.036538806,16
5,x,1,0.16647763550281525,0.1432223439216614,2831,2865,-15.0,5,0.013249553,0.0002390828,0.007969427,17
6,x,1,0.16647763550281525,0.1432223439216614,2870,2975,15.0,6,0.013076237,0.00071952224,0.023984075,18
7,x,1,0.16647763550281525,0.1432223439216614,7537,7655,45.0,7,0.0081127705,0.00031110464,0.010370155,19
8,x,1,0.16647763550281525,0.1432223439216614,9420,9515,75.0,8,0.0072670407,0.0002009545,0.0066984836,20
9,x,1,0.16647763550281525,0.1432223439216614,16585,17394,105.0,9,0.0054221954,0.00095362443,0.03178748,21
10,x,1,0.16647763550281525,0.1432223439216614,9641,9582,135.0,10,0.007212499,0.0001229335,-0.0040977835,22
11,x,1,0.16647763550281525,0.1432223439216614,23413,23534,165.0,11,0.0046152314,0.00010323262,0.0034410874,23
0,x,2,0.18857827484607698,0.16647763550281525,23616,23498,-165.0,0,0.0046070465,0.00010031629,-0.0033438765,24
1,x,2,0.18857827484607698,0.16647763550281525,10537,10299,-135.0,1,0.0069269543,0.00045751155,-0.015250385,25
2,x,2,0.18857827484607698,0.16647763550281525,16357,15515,-105.0,2,0.0055978987,0.0010581377,-0.035271257,26
3,x,2,0.18857827484607698,0.16647763550281525,11027,10557,-75.0,3,0.0068037827,0.0008721784,-0.029072614,27
4,x,2,0.18857827484607698,0.16647763550281525,6859,6570,-45.0,4,0.008625789,0.00086197286,-0.02873243,28
5,x,2,0.18857827484607698,0.16647763550281525,2628,2666,-15.0,5,0.013743207,0.00028750082,0.0095833605,29
6,x,2,0.18857827484607698,0.16647763550281525,2614,2659,15.0,6,0.013770285,0.0003418174,0.011393913,30
7,x,2,0.18857827484607698,0.16647763550281525,6588,7026,45.0,7,0.008562609,0.0012886287,0.04295429,31
8,x,2,0.18857827484607698,0.16647763550281525,10051,10650,75.0,8,0.006945124,0.0011589773,0.038632575,32
9,x,2,0.18857827484607698,0.16647763550281525,15673,16517,105.0,9,0.0055702315,0.0010501731,0.03500577,33
10,x,2,0.18857827484607698,0.16647763550281525,10273,10557,135.0,10,0.0069276094,0.00054609537,0.01820318,34
11,x,2,0.18857827484607698,0.16647763550281525,23220,23863,165.0,11,0.0046078223,0.00054699864,0.018233288,35
0,x,3,0.21084151268005372,0.18857827484607698,23986,23508,-165.0,0,0.0045881905,0.00040311465,-0.013437156,36
1,x,3,0.21084151268005372,0.18857827484607698,11300,10897,-135.0,1,0.006710042,0.00072719384,-0.024239795,37
2,x,3,0.21084151268005372,0.18857827484607698,15425,14841,-105.0,2,0.0057461676,0.0007728536,-0.025761787,38
3,x,3,0.21084151268005372,0.18857827484607698,11520,10906,-75.0,3,0.006673194,0.0010966195,-0.036553986,39
4,x,3,0.21084151268005372,0.18857827484607698,6535,6165,-45.0,4,0.008866849,0.0011669102,-0.038897008,40
5,x,3,0.21084151268005372,0.18857827484607698,2654,2534,-15.0,5,0.013876912,0.0009264473,-0.030881576,41
6,x,3,0.21084151268005372,0.18857827484607698,2618,2623,15.0,6,0.013813145,3.8211605e-05,0.0012737202,42
7,x,3,0.21084151268005372,0.18857827484607698,6345,6555,45.0,7,0.00880243,0.00065203215,0.021734405,43
8,x,3,0.21084151268005372,0.18857827484607698,10785,11239,75.0,8,0.0067357714,0.0008256558,0.027521862,44
9,x,3,0.21084151268005372,0.18857827484607698,14826,15086,105.0,9,0.0057816003,0.00034815076,0.011605025,45
10,x,3,0.21084151268005372,0.18857827484607698,11104,11217,135.0,10,0.0066931914,0.00020277024,0.0067590084,46
11,x,3,0.21084151268005372,0.18857827484607698,23314,23872,165.0,11,0.004602982,0.00047365317,0.01578844,47
0,x,4,0.23413580656051636,0.21084151268005372,23754,23186,-165.0,0,0.004615001,0.00048466833,-0.016155612,48
1,x,4,0.23413580656051636,0.21084151268005372,11954,11590,-135.0,1,0.006515794,0.00061924226,-0.020641409,49
2,x,4,0.23413580656051636,0.21084151268005372,14750,13949,-105.0,2,0.0058988165,0.0011179057,-0.037263524,50
3,x,4,0.23413580656051636,0.21084151268005372,11997,11332,-75.0,3,0.0065424014,0.001141734,-0.0380578,51
4,x,4,0.23413580656051636,0.21084151268005372,6403,6196,-45.0,4,0.008906918,0.0006580724,-0.021935748,52
5,x,4,0.23413580656051636,0.21084151268005372,2635,2546,-15.0,5,0.013889255,0.0006880434,-0.022934781,53
6,x,4,0.23413580656051636,0.21084151268005372,2627,2629,15.0,6,0.01379343,1.524102e-05,0.000508034,54
7,x,4,0.23413580656051636,0.21084151268005372,6157,6315,45.0,7,0.008953026,0.00050741155,0.01691372,55
8,x,4,0.23413580656051636,0.21084151268005372,10971,11683,75.0,8,0.006638116,0.0012588515,0.04196172,56
9,x,4,0.23413580656051636,0.21084151268005372,14045,14764,105.0,9,0.0058883643,0.000999632,0.033321064,57
10,x,4,0.23413580656051636,0.21084151268005372,11688,11939,135.0,10,0.0065050707,0.0004255049,0.014183497,58
11,x,4,0.23413580656051636,0.21084151268005372,23166,23460,165.0,11,0.0046309545,0.00025255652,0.008418551,59
0,x,5,0.25929955840110785,0.23413580656051636,23344,23012,-165.0,0,0.004644374,0.00028686103,-0.009562034,60
1,x,5,0.25929955840110785,0.23413580656051636,12494,11970,-135.0,1,0.00639085,0.00085791305,-0.028597102,61
2,x,5,0.25929955840110785,0.23413580656051636,14003,13486,-105.0,2,0.0060295314,0.0007533053,-0.025110178,62
3,x,5,0.25929955840110785,0.23413580656051636,12103,11393,-75.0,3,0.006518524,0.0012103302,-0.04034434,63
4,x,5,0.25929955840110785,0.23413580656051636,6434,6068,-45.0,4,0.008936722,0.001172576,-0.03908587,64
5,x,5,0.25929955840110785,0.23413580656051636,2733,2722,-15.0,5,0.01353945,8.076763e-05,-0.0026922545,65
6,x,5,0.25929955840110785,0.23413580656051636,2623,2687,15.0,6,0.013721339,0.00048275286,0.016091762,66
7,x,5,0.25929955840110785,0.23413580656051636,6204,6331,45.0,7,0.008930959,0.00040580632,0.013526877,67
8,x,5,0.25929955840110785,0.23413580656051636,11186,12133,75.0,8,0.0065389154,0.0016265952,0.05421984,68
9,x,5,0.25929955840110785,0.23413580656051636,13578,14220,105.0,9,0.0059949653,0.00092504086,0.030834695,69
10,x,5,0.25929955840110785,0.23413580656051636,12216,12520,135.0,10,0.0063573597,0.0004922475,0.016408252,70
11,x,5,0.25929955840110785,0.23413580656051636,23084,23137,165.0,11,0.0046513584,4.5927834e-05,0.0015309278,71
0,x,6,0.2879805088043213,0.25929955840110785,22895,22788,-165.0,0,0.0046786503,9.38142e-05,-0.00312714,72
1,x,6,0.2879805088043213,0.25929955840110785,13208,12825,-135.0,1,0.006196609,0.0005892695,-0.019642318,73
2,x,6,0.2879805088043213,0.25929955840110785,13844,13008,-105.0,2,0.0060972804,0.0012470075,-0.04156692,74
3,x,6,0.2879805088043213,0.25929955840110785,12107,11471,-75.0,3,0.006508257,0.0010804124,-0.03601375,75
4,x,6,0.2879805088043213,0.25929955840110785,6286,6181,-45.0,4,0.0089555355,0.00033733918,-0.01124464,76
5,x,6,0.2879805088043213,0.25929955840110785,2736,2677,-15.0,5,0.013590487,0.0004365695,-0.014552318,77
6,x,6,0.2879805088043213,0.25929955840110785,2590,2713,15.0,6,0.013725584,0.0009290154,0.03096718,78
7,x,6,0.2879805088043213,0.25929955840110785,6174,6373,45.0,7,0.008925502,0.00063526165,0.021175388,79
8,x,6,0.2879805088043213,0.25929955840110785,11545,11950,75.0,8,0.006522247,0.0006904289,0.023014298,80
9,x,6,0.2879805088043213,0.25929955840110785,12992,13690,105.0,9,0.0061182296,0.0010477954,0.034926515,81
10,x,6,0.2879805088043213,0.25929955840110785,12632,13126,135.0,10,0.006228759,0.0007681645,0.025605485,82
11,x,6,0.2879805088043213,0.25929955840110785,22724,23097,165.0,11,0.0046713464,0.0003260496,0.01086832,83
0,x,7,0.3234374105930328,0.2879805088043213,22732,22292,-165.0,0,0.0047123875,0.00039142452,-0.013047485,84
1,x,7,0.3234374105930328,0.2879805088043213,13509,13106,-135.0,1,0.0061284127,0.0006064821,-0.02021607,85
2,x,7,0.3234374105930328,0.2879805088043213,13159,12613,-105.0,2,0.0062266164,0.00084856275,-0.028285425,86
3,x,7,0.3234374105930328,0.2879805088043213,12249,11529,-75.0,3,0.0064797336,0.0012128206,-0.040427357,87
4,x,7,0.3234374105930328,0.2879805088043213,6554,6333,-45.0,4,0.008806639,0.0006868784,-0.022895947,88
5,x,7,0.3234374105930328,0.2879805088043213,2973,2818,-15.0,5,0.013132449,0.0010720562,-0.03573521,89
6,x,7,0.3234374105930328,0.2879805088043213,2790,2849,15.0,6,0.013315472,0.0004190727,0.01396909,90
7,x,7,0.3234374105930328,0.2879805088043213,6264,6593,45.0,7,0.008814071,0.0010249335,0.03416445,91
8,x,7,0.3234374105930328,0.2879805088043213,11351,12380,75.0,8,0.006480567,0.0017367558,0.05789186,92
9,x,7,0.3234374105930328,0.2879805088043213,12578,12972,105.0,9,0.006254786,0.00061765325,0.020588443,93
10,x,7,0.3234374105930328,0.2879805088043213,13300,13612,135.0,10,0.006095018,0.00046435275,0.015478426,94
11,x,7,0.3234374105930328,0.2879805088043213,22441,22606,165.0,11,0.0047115292,0.00014670924,0.0048903082,95
0,x,8,0.37589795589447017,0.3234374105930328,22517,22222,-165.0,0,0.004727592,0.00026410414,-0.008803471,96
1,x,8,0.37589795589447017,0.3234374105930328,14081,13409,-135.0,1,0.0060281106,0.0009791156,-0.032637186,97
2,x,8,0.37589795589447017,0.3234374105930328,12882,12230,-105.0,2,0.006306643,0.0010399339,-0.034664463,98
3,x,8,0.37589795589447017,0.3234374105930328,12122,11707,-75.0,3,0.0064763403,0.00069756026,-0.023252008,99
4,x,8,0.37589795589447017,0.3234374105930328,6647,6558,-45.0,4,0.008701882,0.00026995476,-0.008998493,100
5,x,8,0.37589795589447017,0.3234374105930328,3030,2957,-15.0,5,0.01292224,0.00048837456,-0.016279152,101
6,x,8,0.37589795589447017,0.3234374105930328,2900,2855,15.0,6,0.013181161,0.00031318908,-0.010439636,102
7,x,8,0.37589795589447017,0.3234374105930328,6462,6693,45.0,7,0.008716361,0.0007033323,0.02344441,103
8,x,8,0.37589795589447017,0.3234374105930328,11600,12027,75.0,8,0.006503831,0.0007238669,0.024128897,104
9,x,8,0.37589795589447017,0.3234374105930328,12283,12890,105.0,9,0.006299518,0.0009658132,0.032193772,105
10,x,8,0.37589795589447017,0.3234374105930328,13436,14124,135.0,10,0.0060203127,0.0009998818,0.033329394,106
11,x,8,0.37589795589447017,0.3234374105930328,21860,22097,165.0,11,0.004769521,0.00021595323,0.0071984413,107
0,x,9,0.6019378304481506,0.37589795589447017,21561,21746,-165.0,0,0.004805227,0.0001711012,0.0057033733,108
1,x,9,0.6019378304481506,0.37589795589447017,14308,14012,-135.0,1,0.0059417053,0.00041863724,-0.013954575,109
2,x,9,0.6019378304481506,0.37589795589447017,12718,11850,-105.0,2,0.0063728164,0.0014151072,-0.04717024,110
3,x,9,0.6019378304481506,0.37589795589447017,12305,11738,-75.0,3,0.006446,0.0009445693,-0.031485643,111
4,x,9,0.6019378304481506,0.37589795589447017,7011,6676,-45.0,4,0.008543068,0.0009803382,-0.03267794,112
5,x,9,0.6019378304481506,0.37589795589447017,3069,2979,-15.0,5,0.012856075,0.00059603277,-0.01986776,113
6,x,9,0.6019378304481506,0.37589795589447017,2960,2961,15.0,6,0.012995783,6.7646347e-06,0.00022548783,114
7,x,9,0.6019378304481506,0.37589795589447017,6736,6905,45.0,7,0.008560861,0.0004962264,0.016540881,115
8,x,9,0.6019378304481506,0.37589795589447017,11750,12325,75.0,8,0.0064416328,0.00095662335,0.031887446,116
9,x,9,0.6019378304481506,0.37589795589447017,11800,12692,105.0,9,0.00638225,0.0014587472,0.048624907,117
10,x,9,0.6019378304481506,0.37589795589447017,13919,14286,135.0,10,0.005953487,0.00052117,0.017372333,118
11,x,9,0.6019378304481506,0.37589795589447017,21296,21806,165.0,11,0.0048161177,0.00047392776,0.015797593,119
0,z,0,0.23936451971530914,0.1212601587176323,24117,24214,-165.0,0,0.004548682,8.038691e-05,0.0026795638,0
1,z,0,0.23936451971530914,0.1212601587176323,13299,13013,-135.0,1,0.006164209,0.0004353631,-0.014512103,1
2,z,0,0.23936451971530914,0.1212601587176323,16296,15555,-105.0,2,0.005600527,0.00093182543,-0.031060848,2
3,z,0,0.23936451971530914,0.1212601587176323,10496,10261,-75.0,3,0.0069401376,0.00045346387,-0.015115463,3
4,z,0,0.23936451971530914,0.1212601587176323,11104,10820,-45.0,4,0.006752664,0.0005188454,-0.017294846,4
5,z,0,0.23936451971530914,0.1212601587176323,7408,7403,-15.0,5,0.008216895,1.3521506e-05,-0.00045071688,5
6,z,0,0.23936451971530914,0.1212601587176323,7154,7257,15.0,6,0.008329773,0.00028627441,0.009542481,6
7,z,0,0.23936451971530914,0.1212601587176323,10371,10888,45.0,7,0.006854875,0.0009740632,0.032468773,7
8,z,0,0.23936451971530914,0.1212601587176323,10158,10385,75.0,8,0.00697623,0.00044258978,0.014752993,8
9,z,0,0.23936451971530914,0.1212601587176323,15657,16112,105.0,9,0.0056094313,0.0005736504,0.01912168,9
10,z,0,0.23936451971530914,0.1212601587176323,12709,13038,135.0,10,0.0062312256,0.0005118099,0.01706033,10
11,z,0,0.23936451971530914,0.1212601587176323,24699,24565,165.0,11,0.004505389,0.00010894681,-0.0036315606,11
0,z,1,0.29773297905921936,0.23936451971530914,23242,22836,-165.0,0,0.0046582534,0.0003529164,-0.01176388,12
1,z,1,0.29773297905921936,0.23936451971530914,13267,13103,-135.0,1,0.006157862,0.00024909968,-0.008303323,13
2,z,1,0.29773297905921936,0.23936451971530914,17937,16956,-105.0,2,0.0053496417,0.0011260823,-0.037536077,14
3,z,1,0.29773297905921936,0.23936451971530914,11875,11215,-75.0,3,0.0065761474,0.0011448786,-0.03816262,15
4,z,1,0.29773297905921936,0.23936451971530914,11024,10576,-45.0,4,0.006801529,0.00083073723,-0.027691241,16
5,z,1,0.29773297905921936,0.23936451971530914,5597,5560,-15.0,5,0.009467211,0.00013282924,-0.0044276416,17
6,z,1,0.29773297905921936,0.23936451971530914,5596,5668,15.0,6,0.009421886,0.00025602317,0.0085341055,18
7,z,1,0.29773297905921936,0.23936451971530914,10474,10787,45.0,7,0.0068568434,0.0005896578,0.019655261,19
8,z,1,0.29773297905921936,0.23936451971530914,11236,11869,75.0,8,0.0065744026,0.0010973298,0.03657766,20
9,z,1,0.29773297905921936,0.23936451971530914,16997,17741,105.0,9,0.0053631505,0.0008578425,0.02859475,21
10,z,1,0.29773297905921936,0.23936451971530914,13100,13412,135.0,10,0.0061408025,0.0004713587,0.015711958,22
11,z,1,0.29773297905921936,0.23936451971530914,23264,23399,165.0,11,0.004629248,0.000115877876,0.003862596,23
0,z,2,0.34495177865028387,0.29773297905921936,24103,23582,-165.0,0,0.004578918,0.00043761818,-0.014587273,24
1,z,2,0.34495177865028387,0.29773297905921936,13336,12937,-135.0,1,0.0061681634,0.0006082788,-0.02027596,25
2,z,2,0.34495177865028387,0.29773297905921936,18170,17331,-105.0,2,0.0053047314,0.00094658753,-0.03155292,26
3,z,2,0.34495177865028387,0.29773297905921936,12327,11891,-75.0,3,0.0064239977,0.000721087,-0.024036232,27
4,z,2,0.34495177865028387,0.29773297905921936,10213,9764,-45.0,4,0.007071951,0.0009002342,-0.030007808,28
5,z,2,0.34495177865028387,0.29773297905921936,4705,4539,-15.0,5,0.010397889,0.00071926275,-0.023975426,29
6,z,2,0.34495177865028387,0.29773297905921936,4652,4721,15.0,6,0.010328558,0.00029485597,0.009828532,30
7,z,2,0.34495177865028387,0.29773297905921936,9967,10148,45.0,7,0.0070503172,0.00036041092,0.012013698,31
8,z,2,0.34495177865028387,0.29773297905921936,11799,12413,75.0,8,0.006422966,0.0010157273,0.033857577,32
9,z,2,0.34495177865028387,0.29773297905921936,17791,18169,105.0,9,0.005272874,0.00042102856,0.014034285,33
10,z,2,0.34495177865028387,0.29773297905921936,12873,13478,135.0,10,0.006157399,0.0009195973,0.030653244,34
11,z,2,0.34495177865028387,0.29773297905921936,23581,24022,165.0,11,0.0045829974,0.0003710596,0.012368654,35
0,z,3,0.3882173001766205,0.34495177865028387,24897,24635,-165.0,0,0.0044931015,0.00021186286,-0.0070620957,36
1,z,3,0.3882173001766205,0.34495177865028387,13377,12835,-135.0,1,0.006174252,0.0008282063,-0.027606878,37
2,z,3,0.3882173001766205,0.34495177865028387,18249,17540,-105.0,2,0.005284127,0.00079348014,-0.02644934,38
3,z,3,0.3882173001766205,0.34495177865028387,12916,12231,-75.0,3,0.006301871,0.0010910479,-0.036368262,39
4,z,3,0.3882173001766205,0.34495177865028387,9339,9181,-45.0,4,0.007347699,0.00034170828,-0.011390276,40
5,z,3,0.3882173001766205,0.34495177865028387,3920,4018,-15.0,5,0.011222392,0.0004944865,0.016482882,41
6,z,3,0.3882173001766205,0.34495177865028387,3970,3956,15.0,6,0.011232379,7.074787e-05,-0.0023582624,42
7,z,3,0.3882173001766205,0.34495177865028387,9260,9674,45.0,7,0.0072642984,0.0008757848,0.029192826,43
8,z,3,0.3882173001766205,0.34495177865028387,11998,12721,75.0,8,0.0063555506,0.0011715122,0.039050408,44
9,z,3,0.3882173001766205,0.34495177865028387,17501,18444,105.0,9,0.005271257,0.0010507819,0.035026066,45
10,z,3,0.3882173001766205,0.34495177865028387,13105,13406,135.0,10,0.006140971,0.00045475745,0.015158582,46
11,z,3,0.3882173001766205,0.34495177865028387,24424,24723,165.0,11,0.0045106295,0.00024367648,0.008122549,47
0,z,4,0.4311322271823883,0.3882173001766205,25731,25439,-165.0,0,0.0044205845,0.00022856348,-0.007618783,48
1,z,4,0.4311322271823883,0.3882173001766205,13408,12774,-135.0,1,0.006176913,0.0009698976,-0.03232992,49
2,z,4,0.4311322271823883,0.3882173001766205,18347,17578,-105.0,2,0.0052738064,0.0008573714,-0.028579047,50
3,z,4,0.4311322271823883,0.3882173001766205,13445,12660,-75.0,3,0.0061842618,0.0012044406,-0.04014802,51
4,z,4,0.4311322271823883,0.3882173001766205,8575,8207,-45.0,4,0.007715995,0.0008783013,-0.02927671,52
5,z,4,0.4311322271823883,0.3882173001766205,3541,3454,-15.0,5,0.011954909,0.0004981624,-0.016605414,53
6,z,4,0.4311322271823883,0.3882173001766205,3361,3574,15.0,6,0.011998069,0.001230191,0.041006368,54
7,z,4,0.4311322271823883,0.3882173001766205,8753,8864,45.0,7,0.0075338795,0.00025236577,0.008412193,55
8,z,4,0.4311322271823883,0.3882173001766205,12651,13107,75.0,8,0.006229061,0.0007090749,0.02363583,56
9,z,4,0.4311322271823883,0.3882173001766205,17637,18126,105.0,9,0.0052870163,0.0005476642,0.018255472,57
10,z,4,0.4311322271823883,0.3882173001766205,13252,13269,135.0,10,0.006140516,2.567429e-05,0.00085580966,58
11,z,4,0.4311322271823883,0.3882173001766205,24888,25771,165.0,11,0.00444175,0.0006981416,0.023271386,59
0,z,5,0.47566866874694835,0.4311322271823883,26607,26477,-165.0,0,0.004340261,9.808873e-05,-0.0032696244,60
1,z,5,0.47566866874694835,0.4311322271823883,13512,13167,-135.0,1,0.006121396,0.0005179514,-0.017265046,61
2,z,5,0.47566866874694835,0.4311322271823883,17716,17128,-105.0,2,0.0053558173,0.0006759098,-0.022530327,62
3,z,5,0.47566866874694835,0.4311322271823883,13704,13092,-75.0,3,0.0061060875,0.00091478886,-0.030492963,63
4,z,5,0.47566866874694835,0.4311322271823883,8078,7666,-45.0,4,0.007964843,0.0010481455,-0.034938183,64
5,z,5,0.47566866874694835,0.4311322271823883,3154,3120,-15.0,5,0.012624564,0.00021705702,-0.007235234,65
6,z,5,0.47566866874694835,0.4311322271823883,3166,3100,15.0,6,0.012631701,0.00042188392,-0.014062798,66
7,z,5,0.47566866874694835,0.4311322271823883,7864,8191,45.0,7,0.007889222,0.0008157871,0.027192906,67
8,z,5,0.47566866874694835,0.4311322271823883,12861,13536,75.0,8,0.0061513362,0.0010242091,0.034140304,68
9,z,5,0.47566866874694835,0.4311322271823883,16910,17716,105.0,9,0.005371419,0.00093233533,0.031077845,69
10,z,5,0.47566866874694835,0.4311322271823883,13247,13493,135.0,10,0.0061148605,0.00036847935,0.012282645,70
11,z,5,0.47566866874694835,0.4311322271823883,26343,26587,165.0,11,0.0043465113,0.00018464065,0.0061546885,71
0,z,6,0.5243523716926575,0.47566866874694835,27248,27289,-165.0,0,0.004282074,3.0111476e-05,0.0010037159,72
1,z,6,0.5243523716926575,0.47566866874694835,13666,13554,-135.0,1,0.0060610715,0.0001648046,-0.0054934868,73
2,z,6,0.5243523716926575,0.47566866874694835,17550,16653,-105.0,2,0.005403828,0.0010504314,-0.03501438,74
3,z,6,0.5243523716926575,0.47566866874694835,13886,13345,-75.0,3,0.0060578063,0.0007957434,-0.026524782,75
4,z,6,0.5243523716926575,0.47566866874694835,7368,7008,-45.0,4,0.008335624,0.0010030068,-0.03343356,76
5,z,6,0.5243523716926575,0.47566866874694835,2827,2875,-15.0,5,0.013242165,0.0003371735,0.011239117,77
6,z,6,0.5243523716926575,0.47566866874694835,2817,2820,15.0,6,0.013319131,2.131634e-05,0.0007105447,78
7,z,6,0.5243523716926575,0.47566866874694835,7327,7519,45.0,7,0.008205981,0.00051800173,0.017266724,79
8,z,6,0.5243523716926575,0.47566866874694835,13044,13673,75.0,8,0.0061149304,0.0009429797,0.03143266,80
9,z,6,0.5243523716926575,0.47566866874694835,16321,17215,105.0,9,0.005457191,0.0010677405,0.03559135,81
10,z,6,0.5243523716926575,0.47566866874694835,13590,13825,135.0,10,0.0060391724,0.00034333576,0.011444526,82
11,z,6,0.5243523716926575,0.47566866874694835,27283,27576,165.0,11,0.004269382,0.00021392382,0.007130794,83
0,z,7,0.5816773772239685,0.5243523716926575,28681,28707,-165.0,0,0.004174355,1.814645e-05,0.0006048817,84
1,z,7,0.5816773772239685,0.5243523716926575,14206,13909,-135.0,1,0.0059633153,0.0004231144,-0.014103813,85
2,z,7,0.5816773772239685,0.5243523716926575,16762,16109,-105.0,2,0.0055136695,0.00079568225,-0.026522743,86
3,z,7,0.5816773772239685,0.5243523716926575,13841,13280,-75.0,3,0.006069899,0.0008285078,-0.027616927,87
4,z,7,0.5816773772239685,0.5243523716926575,6956,6528,-45.0,4,0.0086039975,0.0012713481,-0.04237827,88
5,z,7,0.5816773772239685,0.5243523716926575,2643,2447,-15.0,5,0.013998013,0.0015423314,-0.051411048,89
6,z,7,0.5816773772239685,0.5243523716926575,2572,2512,15.0,6,0.014023077,0.0004726995,-0.01575665,90
7,z,7,0.5816773772239685,0.5243523716926575,6462,6635,45.0,7,0.008736682,0.0005290707,0.01763569,91
8,z,7,0.5816773772239685,0.5243523716926575,13072,13444,75.0,8,0.00614002,0.0005619198,0.01873066,92
9,z,7,0.5816773772239685,0.5243523716926575,15889,16907,105.0,9,0.0055171694,0.0012432724,0.041442417,93
10,z,7,0.5816773772239685,0.5243523716926575,13854,14342,135.0,10,0.0059537455,0.00069322105,0.023107368,94
11,z,7,0.5816773772239685,0.5243523716926575,28039,28413,165.0,11,0.004208655,0.0002653577,0.008845257,95
0,z,8,0.6574639081954956,0.5816773772239685,30137,29650,-165.0,0,0.004089507,0.00032625833,-0.010875278,96
1,z,8,0.6574639081954956,0.5816773772239685,15080,14362,-135.0,1,0.005824867,0.0009767795,-0.032559317,97
2,z,8,0.6574639081954956,0.5816773772239685,16026,15244,-105.0,2,0.005651892,0.0010016552,-0.03338851,98
3,z,8,0.6574639081954956,0.5816773772239685,13566,12875,-75.0,3,0.0061460566,0.0010467418,-0.034891397,99
4,z,8,0.6574639081954956,0.5816773772239685,6019,5711,-45.0,4,0.009227498,0.0010517006,-0.035056688,100
5,z,8,0.6574639081954956,0.5816773772239685,2396,2291,-15.0,5,0.014600178,0.00089729193,-0.029909732,101
6,z,8,0.6574639081954956,0.5816773772239685,2342,2317,15.0,6,0.014650164,0.0002149249,-0.0071641635,102
7,z,8,0.6574639081954956,0.5816773772239685,5500,5888,45.0,7,0.009361091,0.0013646577,0.04548859,103
8,z,8,0.6574639081954956,0.5816773772239685,12758,13520,75.0,8,0.00616422,0.0011614542,0.038715143,104
9,z,8,0.6574639081954956,0.5816773772239685,15242,16114,105.0,9,0.0056433906,0.0011138719,0.037129067,105
10,z,8,0.6574639081954956,0.5816773772239685,14436,14809,135.0,10,0.0058467053,0.0005108538,0.01702846,106
11,z,8,0.6574639081954956,0.5816773772239685,29820,29963,165.0,11,0.004089865,9.580711e-05,0.0031935705,107
0,z,9,0.8930836319923401,0.6574639081954956,33970,33242,-165.0,0,0.003856836,0.0004338344,-0.014461147,108
1,z,9,0.8930836319923401,0.6574639081954956,16820,15925,-135.0,1,0.0055225305,0.0010947563,-0.03649188,109
2,z,9,0.8930836319923401,0.6574639081954956,14511,13879,-105.0,2,0.0059323316,0.00089164317,-0.029721439,110
3,z,9,0.8930836319923401,0.6574639081954956,11958,11454,-75.0,3,0.006532829,0.00086224655,-0.028741552,111
4,z,9,0.8930836319923401,0.6574639081954956,4079,4058,-45.0,4,0.011085755,0.000103369974,-0.0034456658,112
5,z,9,0.8930836319923401,0.6574639081954956,2084,1976,-15.0,5,0.01568422,0.00106546,-0.035515334,113
6,z,9,0.8930836319923401,0.6574639081954956,1923,2026,15.0,6,0.015903508,0.001044695,0.034823168,114
7,z,9,0.8930836319923401,0.6574639081954956,3833,4050,45.0,7,0.011255395,0.0011025737,0.03675246,115
8,z,9,0.8930836319923401,0.6574639081954956,11173,11852,75.0,8,0.006585114,0.0011811622,0.039372075,116
9,z,9,0.8930836319923401,0.6574639081954956,13848,14724,105.0,9,0.0059110625,0.0012280128,0.04093376,117
10,z,9,0.8930836319923401,0.6574639081954956,15957,16326,135.0,10,0.0055649653,0.000457817,0.015260567,118
11,z,9,0.8930836319923401,0.6574639081954956,32838,33530,165.0,11,0.003881312,0.00041762527,0.013920843,119
0,pt,0,0.20200487375259402,0.00028420978924259543,20240,19864,-165.0,0,0.0049931216,0.00037552562,-0.012517521,0
1,pt,0,0.20200487375259402,0.00028420978924259543,14549,14119,-135.0,1,0.0059049223,0.0006007731,-0.02002577,1
2,pt,0,0.20200487375259402,0.00028420978924259543,11539,11078,-105.0,2,0.0066469377,0.00081640447,-0.027213482,2
3,pt,0,0.20200487375259402,0.00028420978924259543,10970,10430,-75.0,3,0.006831979,0.0010106934,-0.03368978,3
4,pt,0,0.20200487375259402,0.00028420978924259543,7476,7411,-45.0,4,0.008195756,0.0001748822,-0.0058294064,4
5,pt,0,0.20200487375259402,0.00028420978924259543,6809,6679,-15.0,5,0.008609745,0.00038604258,-0.012868086,5
6,pt,0,0.20200487375259402,0.00028420978924259543,6473,6473,15.0,6,0.008788853,0.0,0.0,6
7,pt,0,0.20200487375259402,0.00028420978924259543,7079,7381,45.0,7,0.0083127925,0.00083652337,0.027884113,7
8,pt,0,0.20200487375259402,0.00028420978924259543,10471,10715,75.0,8,0.0068694847,0.00046129664,0.015376555,8
9,pt,0,0.20200487375259402,0.00028420978924259543,10745,11139,105.0,9,0.0067578903,0.00072112225,0.02403741,9
10,pt,0,0.20200487375259402,0.00028420978924259543,13770,14060,135.0,10,0.0059937877,0.00041737288,0.01391243,10
11,pt,0,0.20200487375259402,0.00028420978924259543,19999,19999,165.0,11,0.005000125,0.0,0.0,11
0,pt,1,0.27455522418022155,0.20200487375259402,25824,25335,-165.0,0,0.004420828,0.00038284785,-0.012761596,12
1,pt,1,0.27455522418022155,0.20200487375259402,14592,14357,-135.0,1,0.0058770273,0.0003251425,-0.010838083,13
2,pt,1,0.27455522418022155,0.20200487375259402,12305,11790,-105.0,2,0.006439611,0.00085609057,-0.028536353,14
3,pt,1,0.27455522418022155,0.20200487375259402,12476,11861,-75.0,3,0.0064064753,0.001012156,-0.033738535,15
4,pt,1,0.27455522418022155,0.20200487375259402,5238,4913,-45.0,4,0.009916273,0.0012823717,-0.042745724,16
5,pt,1,0.27455522418022155,0.20200487375259402,412,395,-15.0,5,0.035187744,0.00084375194,-0.028125066,17
6,pt,1,0.27455522418022155,0.20200487375259402,394,406,15.0,6,0.035348248,0.000600801,0.0200267,18
7,pt,1,0.27455522418022155,0.20200487375259402,5077,5189,45.0,7,0.009868549,0.00043697457,0.01456582,19
8,pt,1,0.27455522418022155,0.20200487375259402,11962,12648,75.0,8,0.0063700555,0.0011164825,0.037216086,20
9,pt,1,0.27455522418022155,0.20200487375259402,11924,12597,105.0,9,0.0063817403,0.0010993002,0.03664334,21
10,pt,1,0.27455522418022155,0.20200487375259402,14468,14561,135.0,10,0.0058692144,0.0001283188,0.0042772936,22
11,pt,1,0.27455522418022155,0.20200487375259402,25379,25480,165.0,11,0.004434193,7.954136e-05,0.0026513787,23
0,pt,2,0.3285442650318146,0.27455522418022155,24441,24047,-165.0,0,0.0045410604,0.00032546278,-0.01084876,24
1,pt,2,0.3285442650318146,0.27455522418022155,12854,12218,-135.0,1,0.0063118446,0.0010160324,-0.033867747,25
2,pt,2,0.3285442650318146,0.27455522418022155,13169,12429,-105.0,2,0.006245587,0.0011578841,-0.03859614,26
3,pt,2,0.3285442650318146,0.27455522418022155,13530,13178,-75.0,3,0.0061180363,0.0005278867,-0.017596222,27
4,pt,2,0.3285442650318146,0.27455522418022155,6106,5914,-45.0,4,0.009119038,0.00063978817,-0.021326272,28
5,pt,2,0.3285442650318146,0.27455522418022155,1103,1148,-15.0,5,0.021069659,0.0008007122,0.026690407,29
6,pt,2,0.3285442650318146,0.27455522418022155,1036,1064,15.0,6,0.02181833,0.0005340454,0.017801514,30
7,pt,2,0.3285442650318146,0.27455522418022155,5806,6019,45.0,7,0.009193351,0.00072146935,0.024048978,31
8,pt,2,0.3285442650318146,0.27455522418022155,12717,13291,75.0,8,0.0061980905,0.00088398386,0.02946613,32
9,pt,2,0.3285442650318146,0.27455522418022155,12557,13002,105.0,9,0.006253321,0.0006973577,0.023245256,33
10,pt,2,0.3285442650318146,0.27455522418022155,12463,12611,135.0,10,0.0063150194,0.00023641635,0.007880545,34
11,pt,2,0.3285442650318146,0.27455522418022155,24196,24756,165.0,11,0.0045192265,0.00045820203,0.0152734015,35
0,pt,3,0.3763054311275483,0.3285442650318146,23653,23716,-165.0,0,0.004594648,5.3270374e-05,0.0017756792,36
1,pt,3,0.3763054311275483,0.3285442650318146,11809,11207,-135.0,1,0.006587492,0.0010476254,-0.03492085,37
2,pt,3,0.3763054311275483,0.3285442650318146,13862,13246,-105.0,2,0.006070875,0.00091017026,-0.03033901,38
3,pt,3,0.3763054311275483,0.3285442650318146,13467,12721,-75.0,3,0.0061749653,0.0011409745,-0.038032483,39
4,pt,3,0.3763054311275483,0.3285442650318146,6533,6187,-45.0,4,0.008860737,0.0010895029,-0.036316764,40
5,pt,3,0.3763054311275483,0.3285442650318146,1732,1624,-15.0,5,0.017245976,0.0012889653,-0.042965513,41
6,pt,3,0.3763054311275483,0.3285442650318146,1791,1724,15.0,6,0.016861517,0.00076346454,-0.02544882,42
7,pt,3,0.3763054311275483,0.3285442650318146,6099,6284,45.0,7,0.008984639,0.00059839134,0.019946378,43
8,pt,3,0.3763054311275483,0.3285442650318146,12581,13408,75.0,8,0.0061974484,0.0012745454,0.04248485,44
9,pt,3,0.3763054311275483,0.3285442650318146,13326,13998,105.0,9,0.0060463543,0.000985064,0.032835465,45
10,pt,3,0.3763054311275483,0.3285442650318146,11544,11920,135.0,10,0.0065267887,0.00064183766,0.02139459,46
11,pt,3,0.3763054311275483,0.3285442650318146,23554,23651,165.0,11,0.004602612,8.230442e-05,0.0027434807,47
0,pt,4,0.4223228693008423,0.3763054311275483,23493,23039,-165.0,0,0.0046354006,0.00039079008,-0.013026336,48
1,pt,4,0.4223228693008423,0.3763054311275483,11261,10870,-135.0,1,0.006720145,0.0007076445,-0.02358815,49
2,pt,4,0.4223228693008423,0.3763054311275483,14837,14065,-105.0,2,0.005878408,0.0010698645,-0.035662152,50
3,pt,4,0.4223228693008423,0.3763054311275483,12935,12363,-75.0,3,0.0062843296,0.0009056268,-0.03018756,51
4,pt,4,0.4223228693008423,0.3763054311275483,6472,6289,-45.0,4,0.008850709,0.0005743886,-0.019146288,52
5,pt,4,0.4223228693008423,0.3763054311275483,2183,2171,-15.0,5,0.015154892,0.00011039064,-0.003679688,53
6,pt,4,0.4223228693008423,0.3763054311275483,2191,2258,15.0,6,0.014989288,0.0006031868,0.020106226,54
7,pt,4,0.4223228693008423,0.3763054311275483,6354,6604,45.0,7,0.008781868,0.00077275437,0.025758479,55
8,pt,4,0.4223228693008423,0.3763054311275483,11973,12580,75.0,8,0.006378389,0.0009902015,0.033006717,56
9,pt,4,0.4223228693008423,0.3763054311275483,14027,14841,105.0,9,0.00588144,0.0011293982,0.03764661,57
10,pt,4,0.4223228693008423,0.3763054311275483,11029,11212,135.0,10,0.006704967,0.0003295613,0.010985377,58
11,pt,4,0.4223228693008423,0.3763054311275483,23094,23632,165.0,11,0.004625614,0.0004611722,0.015372407,59
0,pt,5,0.4697849750518799,0.4223228693008423,23001,22883,-165.0,0,0.0046683867,0.00010300543,-0.0034335146,60
1,pt,5,0.4697849750518799,0.4223228693008423,10887,10512,-135.0,1,0.006834148,0.0007019032,-0.023396773,61
2,pt,5,0.4697849750518799,0.4223228693008423,15563,14995,-105.0,2,0.005718785,0.00074449676,-0.02481656,62
3,pt,5,0.4697849750518799,0.4223228693008423,12000,11543,-75.0,3,0.006515132,0.0007774882,-0.025916275,63
4,pt,5,0.4697849750518799,0.4223228693008423,6647,6437,-45.0,4,0.008740374,0.00064286264,-0.021428755,64
5,pt,5,0.4697849750518799,0.4223228693008423,2720,2630,-15.0,5,0.01366827,0.0006737955,-0.022459852,65
6,pt,5,0.4697849750518799,0.4223228693008423,2676,2605,15.0,6,0.013758527,0.0005384949,-0.01794983,66
7,pt,5,0.4697849750518799,0.4223228693008423,6333,6674,45.0,7,0.008762847,0.0010500661,0.035002206,67
8,pt,5,0.4697849750518799,0.4223228693008423,11183,12009,75.0,8,0.006559026,0.0014265312,0.047551043,68
9,pt,5,0.4697849750518799,0.4223228693008423,14765,15587,105.0,9,0.005736173,0.0010847357,0.036157858,69
10,pt,5,0.4697849750518799,0.4223228693008423,10759,11084,135.0,10,0.0067648496,0.00059595087,0.01986503,70
11,pt,5,0.4697849750518799,0.4223228693008423,22912,23265,165.0,11,0.004653337,0.0003061882,0.010206273,71
0,pt,6,0.5222729325294494,0.4697849750518799,23141,22949,-165.0,0,0.0046578976,0.00016685297,-0.0055617657,72
1,pt,6,0.5222729325294494,0.4697849750518799,10889,10259,-135.0,1,0.0068710255,0.0011931929,-0.0397731,73
2,pt,6,0.5222729325294494,0.4697849750518799,16138,15244,-105.0,2,0.00564086,0.001141028,-0.038034268,74
3,pt,6,0.5222729325294494,0.4697849750518799,11246,10553,-75.0,3,0.0067669065,0.0012733156,-0.042443857,75
4,pt,6,0.5222729325294494,0.4697849750518799,6849,6523,-45.0,4,0.008643142,0.0009764739,-0.03254913,76
5,pt,6,0.5222729325294494,0.4697849750518799,3046,2994,-15.0,5,0.012866275,0.00034483062,-0.011494354,77
6,pt,6,0.5222729325294494,0.4697849750518799,2900,3010,15.0,6,0.013003855,0.0007454948,0.024849826,78
7,pt,6,0.5222729325294494,0.4697849750518799,6713,6937,45.0,7,0.008557155,0.0006572866,0.021909554,79
8,pt,6,0.5222729325294494,0.4697849750518799,10642,10761,75.0,8,0.006835192,0.00022269566,0.0074231885,80
9,pt,6,0.5222729325294494,0.4697849750518799,15467,16322,105.0,9,0.005605074,0.0010772801,0.03590934,81
10,pt,6,0.5222729325294494,0.4697849750518799,10492,10956,135.0,10,0.0068253567,0.00086650404,0.028883468,82
11,pt,6,0.5222729325294494,0.4697849750518799,22601,23151,165.0,11,0.0046745413,0.00048149523,0.016049841,83
0,pt,7,0.585660183429718,0.5222729325294494,22990,22751,-165.0,0,0.004675592,0.00020928189,-0.0069760634,84
1,pt,7,0.585660183429718,0.5222729325294494,10738,10489,-135.0,1,0.0068628173,0.00046984013,-0.015661338,85
2,pt,7,0.585660183429718,0.5222729325294494,16886,15985,-105.0,2,0.0055119153,0.0010978709,-0.0365957,86
3,pt,7,0.585660183429718,0.5222729325294494,10016,9557,-75.0,3,0.007144278,0.00093927927,-0.03130931,87
4,pt,7,0.585660183429718,0.5222729325294494,7286,6815,-45.0,4,0.008412843,0.0013378592,-0.04459531,88
5,pt,7,0.585660183429718,0.5222729325294494,3308,3291,-15.0,5,0.012310009,0.00010318349,-0.0034394497,89
6,pt,7,0.585660183429718,0.5222729325294494,3274,3267,15.0,6,0.012364526,4.286406e-05,-0.001428802,90
7,pt,7,0.585660183429718,0.5222729325294494,7183,7403,45.0,7,0.008278351,0.0006041237,0.020137457,91
8,pt,7,0.585660183429718,0.5222729325294494,9341,9985,75.0,8,0.007186191,0.001334699,0.04448997,92
9,pt,7,0.585660183429718,0.5222729325294494,16173,16710,105.0,9,0.0055132923,0.0006540971,0.021803237,93
10,pt,7,0.585660183429718,0.5222729325294494,10441,10758,135.0,10,0.006866821,0.00059894,0.019964667,94
11,pt,7,0.585660183429718,0.5222729325294494,22231,22938,165.0,11,0.0047041904,0.000626929,0.020897634,95
0,pt,8,0.6750075340270996,0.585660183429718,22305,22089,-165.0,0,0.0047460105,0.00019488073,-0.006496025,96
1,pt,8,0.6750075340270996,0.585660183429718,10837,10610,-135.0,1,0.006827683,0.00042393443,-0.014131148,97
2,pt,8,0.6750075340270996,0.585660183429718,17241,16659,-105.0,2,0.0054298276,0.0006876425,-0.022921417,98
3,pt,8,0.6750075340270996,0.585660183429718,8961,8397,-75.0,3,0.007583001,0.0013014241,-0.043380804,99
4,pt,8,0.6750075340270996,0.585660183429718,7965,7562,-45.0,4,0.008020387,0.0010395775,-0.034652587,100
5,pt,8,0.6750075340270996,0.585660183429718,3679,3669,-15.0,5,0.011665805,5.450926e-05,-0.0018169753,101
6,pt,8,0.6750075340270996,0.585660183429718,3598,3804,15.0,6,0.011615166,0.001114699,0.03715663,102
7,pt,8,0.6750075340270996,0.585660183429718,7946,8155,45.0,7,0.007879675,0.0005199156,0.01733052,103
8,pt,8,0.6750075340270996,0.585660183429718,8389,8895,75.0,8,0.007600565,0.0011725887,0.03908629,104
9,pt,8,0.6750075340270996,0.585660183429718,16485,17389,105.0,9,0.0054298886,0.0010689106,0.035630353,105
10,pt,8,0.6750075340270996,0.585660183429718,10538,10863,135.0,10,0.0068342946,0.00060825923,0.020275308,106
11,pt,8,0.6750075340270996,0.585660183429718,21855,22116,165.0,11,0.004768735,0.0002377462,0.007924873,107
0,pt,9,1.193084478378296,0.6750075340270996,21884,21640,-165.0,0,0.0047931764,0.00022454347,-0.0074847825,108
1,pt,9,1.193084478378296,0.6750075340270996,11271,11190,-135.0,1,0.006672375,0.00014444262,-0.004814754,109
2,pt,9,1.193084478378296,0.6750075340270996,17381,16956,-105.0,2,0.0053958455,0.0004957537,-0.016525125,110
3,pt,9,1.193084478378296,0.6750075340270996,7485,7160,-75.0,3,0.008259706,0.0008888601,-0.02962867,111
4,pt,9,1.193084478378296,0.6750075340270996,8534,8133,-45.0,4,0.0077418922,0.0009636656,-0.032122187,112
5,pt,9,1.193084478378296,0.6750075340270996,4403,4262,-15.0,5,0.010740221,0.0006517634,-0.021725448,113
6,pt,9,1.193084478378296,0.6750075340270996,4585,4586,15.0,6,0.010442192,4.3673977e-06,0.00014557992,114
7,pt,9,1.193084478378296,0.6750075340270996,8453,8642,45.0,7,0.007647476,0.000442825,0.014760833,115
8,pt,9,1.193084478378296,0.6750075340270996,7067,7393,75.0,8,0.008312258,0.0009030021,0.03010007,116
9,pt,9,1.193084478378296,0.6750075340270996,16627,17235,105.0,9,0.0054327394,0.00071916805,0.02397227,117
10,pt,9,1.193084478378296,0.6750075340270996,11273,11531,135.0,10,0.0066213254,0.0004531564,0.015105213,118
11,pt,9,1.193084478378296,0.6750075340270996,21329,21313,165.0,11,0.0048426287,1.5028713e-05,-0.00050095713,119
0,q2,0,1.1740291833877563,1.0000005960464478,23589,23529,-165.0,0,0.00460687,5.1003954e-05,-0.0017001318,0
1,q2,0,1.1740291833877563,1.0000005960464478,8467,8049,-135.0,1,0.007776774,0.0010137032,-0.033790108,1
2,q2,0,1.1740291833877563,1.0000005960464478,17895,17381,-105.0,2,0.0053232657,0.0005836106,-0.019453688,2
3,q2,0,1.1740291833877563,1.0000005960464478,8789,8599,-75.0,3,0.007582789,0.0004376666,-0.014588887,3
4,q2,0,1.1740291833877563,1.0000005960464478,8257,7861,-45.0,4,0.007872463,0.0009840642,-0.032802142,4
5,q2,0,1.1740291833877563,1.0000005960464478,3613,3619,-15.0,5,0.011759004,3.3230146e-05,0.0011076715,5
6,q2,0,1.1740291833877563,1.0000005960464478,3838,3716,15.0,6,0.011502984,0.00064687786,-0.021562595,6
7,q2,0,1.1740291833877563,1.0000005960464478,8123,8447,45.0,7,0.0077658803,0.0007831806,0.02610602,7
8,q2,0,1.1740291833877563,1.0000005960464478,8513,8773,75.0,8,0.0076044034,0.0006024462,0.02008154,8
9,q2,0,1.1740291833877563,1.0000005960464478,17221,17979,105.0,9,0.0053278147,0.0008625136,0.028750455,9
10,q2,0,1.1740291833877563,1.0000005960464478,8348,8467,135.0,10,0.007711381,0.00028345853,0.009448618,10
11,q2,0,1.1740291833877563,1.0000005960464478,23384,23562,165.0,11,0.004615249,0.0001518661,0.0050622034,11
0,q2,1,1.301147198677063,1.1740291833877563,23883,23355,-165.0,0,0.004600509,0.0004476946,-0.014923153,12
1,q2,1,1.301147198677063,1.1740291833877563,9823,9478,-135.0,1,0.007195921,0.0007159434,-0.023864781,13
2,q2,1,1.301147198677063,1.1740291833877563,16478,15821,-105.0,2,0.005562183,0.0008147338,-0.027157793,14
3,q2,1,1.301147198677063,1.1740291833877563,10535,10327,-75.0,3,0.006922828,0.0003993437,-0.013311457,15
4,q2,1,1.301147198677063,1.1740291833877563,7389,6861,-45.0,4,0.008366821,0.001484084,-0.049469467,16
5,q2,1,1.301147198677063,1.1740291833877563,2942,2975,-15.0,5,0.012999815,0.00022338386,0.007446129,17
6,q2,1,1.301147198677063,1.1740291833877563,2957,3081,15.0,6,0.012864417,0.0008225608,0.027418694,18
7,q2,1,1.301147198677063,1.1740291833877563,7118,7371,45.0,7,0.008305442,0.0006993934,0.023313114,19
8,q2,1,1.301147198677063,1.1740291833877563,10246,10383,75.0,8,0.0069621573,0.0002660001,0.008866671,20
9,q2,1,1.301147198677063,1.1740291833877563,15465,16379,105.0,9,0.00559973,0.0011496297,0.038320992,21
10,q2,1,1.301147198677063,1.1740291833877563,9694,9931,135.0,10,0.007137378,0.00048370226,0.016123408,22
11,q2,1,1.301147198677063,1.1740291833877563,23552,23902,165.0,11,0.0045903153,0.00029541642,0.009847214,23
0,q2,2,1.4194494247436524,1.301147198677063,23368,23116,-165.0,0,0.0046380656,0.00021713832,-0.0072379443,24
1,q2,2,1.4194494247436524,1.301147198677063,10890,10685,-135.0,1,0.006807531,0.00038057697,-0.012685899,25
2,q2,2,1.4194494247436524,1.301147198677063,15297,14984,-105.0,2,0.0057461048,0.00041401258,-0.01380042,26
3,q2,2,1.4194494247436524,1.301147198677063,11320,10639,-75.0,3,0.0067425026,0.0012421499,-0.041404996,27
4,q2,2,1.4194494247436524,1.301147198677063,7172,6854,-45.0,4,0.008439836,0.00090809795,-0.030269932,28
5,q2,2,1.4194494247436524,1.301147198677063,2831,2802,-15.0,5,0.013323547,0.00020620429,-0.0068734763,29
6,q2,2,1.4194494247436524,1.301147198677063,2750,2886,15.0,6,0.013313401,0.0009665122,0.032217074,30
7,q2,2,1.4194494247436524,1.301147198677063,6918,7170,45.0,7,0.008422703,0.0007164578,0.023881927,31
8,q2,2,1.4194494247436524,1.301147198677063,10589,11215,75.0,8,0.006767256,0.0011499464,0.038331546,32
9,q2,2,1.4194494247436524,1.301147198677063,14554,15447,105.0,9,0.005768846,0.0011922166,0.039740555,33
10,q2,2,1.4194494247436524,1.301147198677063,10715,10728,135.0,10,0.0068289996,2.4282714e-05,0.0008094238,34
11,q2,2,1.4194494247436524,1.301147198677063,23193,23412,165.0,11,0.0046320707,0.00018821361,0.0062737875,35
0,q2,3,1.544780158996582,1.4194494247436524,23053,22927,-165.0,0,0.0046635065,0.00010975922,-0.0036586407,36
1,q2,3,1.544780158996582,1.4194494247436524,11586,11075,-135.0,1,0.006639931,0.0009031945,-0.030106483,37
2,q2,3,1.544780158996582,1.4194494247436524,14946,14306,-105.0,2,0.005844359,0.0008763223,-0.029210743,38
3,q2,3,1.544780158996582,1.4194494247436524,11639,11186,-75.0,3,0.0066167098,0.0007949262,-0.026497541,39
4,q2,3,1.544780158996582,1.4194494247436524,6915,6650,-45.0,4,0.008583064,0.000782466,-0.0260822,40
5,q2,3,1.544780158996582,1.4194494247436524,2911,2890,-15.0,5,0.013129358,0.00014499594,-0.004833198,41
6,q2,3,1.544780158996582,1.4194494247436524,2870,2796,15.0,6,0.013282985,0.0005231119,-0.017437063,42
7,q2,3,1.544780158996582,1.4194494247436524,6832,7043,45.0,7,0.008487777,0.0006091004,0.020303346,43
8,q2,3,1.544780158996582,1.4194494247436524,10831,11462,75.0,8,0.0066927625,0.0011337055,0.037790183,44
9,q2,3,1.544780158996582,1.4194494247436524,14233,14630,105.0,9,0.0058851293,0.0005509199,0.018363997,45
10,q2,3,1.544780158996582,1.4194494247436524,11252,11539,135.0,10,0.006623033,0.00050438003,0.01681267,46
11,q2,3,1.544780158996582,1.4194494247436524,22994,23261,165.0,11,0.004649516,0.00023120223,0.007706741,47
0,q2,4,1.6865595579147339,1.544780158996582,23291,23057,-165.0,0,0.0046448815,0.0002022201,-0.0067406697,48
1,q2,4,1.6865595579147339,1.544780158996582,11982,11805,-135.0,1,0.0064834883,0.00029803894,-0.009934631,49
2,q2,4,1.6865595579147339,1.544780158996582,14563,13771,-105.0,2,0.005936677,0.0011195841,-0.03731947,50
3,q2,4,1.6865595579147339,1.544780158996582,11623,10987,-75.0,3,0.006645738,0.0011266681,-0.0375556,51
4,q2,4,1.6865595579147339,1.544780158996582,6852,6589,-45.0,4,0.008622555,0.00078372477,-0.026124159,52
5,q2,4,1.6865595579147339,1.544780158996582,2864,2770,-15.0,5,0.013319374,0.00066826766,-0.02227559,53
6,q2,4,1.6865595579147339,1.544780158996582,2843,2904,15.0,6,0.0131897265,0.00042513615,0.014171205,54
7,q2,4,1.6865595579147339,1.544780158996582,6524,6892,45.0,7,0.00862774,0.0010986621,0.036622074,55
8,q2,4,1.6865595579147339,1.544780158996582,10842,11401,75.0,8,0.0067012943,0.0010066022,0.033553407,56
9,q2,4,1.6865595579147339,1.544780158996582,13828,14512,105.0,9,0.005937102,0.0009667088,0.032223627,57
10,q2,4,1.6865595579147339,1.544780158996582,11994,12108,135.0,10,0.0064411703,0.0001894485,0.00631495,58
11,q2,4,1.6865595579147339,1.544780158996582,22547,23199,165.0,11,0.0046746037,0.00057086564,0.019028855,59
0,q2,5,1.8539481163024902,1.6865595579147339,23117,22654,-165.0,0,0.004673747,0.00040516318,-0.01350544,60
1,q2,5,1.8539481163024902,1.6865595579147339,12553,12015,-135.0,1,0.006377191,0.0008771056,-0.029236853,61
2,q2,5,1.8539481163024902,1.6865595579147339,14304,13669,-105.0,2,0.0059762797,0.0009092307,-0.03030769,62
3,q2,5,1.8539481163024902,1.6865595579147339,11766,11048,-75.0,3,0.0066147824,0.0012605569,-0.042018563,63
4,q2,5,1.8539481163024902,1.6865595579147339,6844,6572,-45.0,4,0.008630368,0.00081205467,-0.02706849,64
5,q2,5,1.8539481163024902,1.6865595579147339,2858,2868,-15.0,5,0.013215182,6.995005e-05,0.0023316685,65
6,q2,5,1.8539481163024902,1.6865595579147339,2851,2833,15.0,6,0.013263834,0.00012684047,-0.004228016,66
7,q2,5,1.8539481163024902,1.6865595579147339,6464,6765,45.0,7,0.008690325,0.0009113368,0.030377895,67
8,q2,5,1.8539481163024902,1.6865595579147339,10700,11395,75.0,8,0.006721554,0.001259883,0.041996103,68
9,q2,5,1.8539481163024902,1.6865595579147339,13746,14313,105.0,9,0.0059676836,0.00080937595,0.026979199,69
10,q2,5,1.8539481163024902,1.6865595579147339,12415,12438,135.0,10,0.006343227,3.7067086e-05,0.0012355696,70
11,q2,5,1.8539481163024902,1.6865595579147339,22628,22971,165.0,11,0.0046827444,0.0003012855,0.01004285,71
0,q2,6,2.0607674598693846,1.8539481163024902,23027,22297,-165.0,0,0.0046960795,0.00064511044,-0.021503681,72
1,q2,6,2.0607674598693846,1.8539481163024902,12864,12536,-135.0,1,0.0062736254,0.00051722507,-0.017240835,73
2,q2,6,2.0607674598693846,1.8539481163024902,14309,13655,-105.0,2,0.0059770728,0.00093673746,-0.031224582,74
3,q2,6,2.0607674598693846,1.8539481163024902,11735,10955,-75.0,3,0.0066317,0.0013768909,-0.045896366,75
4,q2,6,2.0607674598693846,1.8539481163024902,6534,6424,-45.0,4,0.008784219,0.0003400119,-0.01133373,76
5,q2,6,2.0607674598693846,1.8539481163024902,2936,2780,-15.0,5,0.013217989,0.0010931299,-0.036437664,77
6,q2,6,2.0607674598693846,1.8539481163024902,2884,2878,15.0,6,0.013173858,4.1707815e-05,-0.0013902605,78
7,q2,6,2.0607674598693846,1.8539481163024902,6494,6566,45.0,7,0.008750173,0.00022081508,0.007360503,79
8,q2,6,2.0607674598693846,1.8539481163024902,10931,11605,75.0,8,0.0066560274,0.0011979053,0.039930176,80
9,q2,6,2.0607674598693846,1.8539481163024902,13622,14321,105.0,9,0.0059788977,0.0010019443,0.033398144,81
10,q2,6,2.0607674598693846,1.8539481163024902,12440,12954,135.0,10,0.0062730075,0.000810721,0.027024034,82
11,q2,6,2.0607674598693846,1.8539481163024902,22493,22634,165.0,11,0.004707366,0.00012514748,0.0041715824,83
0,q2,7,2.331733942031861,2.0607674598693846,22743,22503,-165.0,0,0.004701095,0.00021245671,-0.0070818905,84
1,q2,7,2.331733942031861,2.0607674598693846,13302,12898,-135.0,1,0.006176711,0.00061761733,-0.020587245,85
2,q2,7,2.331733942031861,2.0607674598693846,13829,13193,-105.0,2,0.0060803243,0.00094271207,-0.031423736,86
3,q2,7,2.331733942031861,2.0607674598693846,11632,11064,-75.0,3,0.0066341115,0.001002394,-0.033413135,87
4,q2,7,2.331733942031861,2.0607674598693846,6615,6322,-45.0,4,0.008787889,0.0009071383,-0.030237943,88
5,q2,7,2.331733942031861,2.0607674598693846,3021,2965,-15.0,5,0.012924024,0.00037470608,-0.012490203,89
6,q2,7,2.331733942031861,2.0607674598693846,2764,2886,15.0,6,0.013298272,0.00086487,0.028828999,90
7,q2,7,2.331733942031861,2.0607674598693846,6378,6531,45.0,7,0.008800337,0.00047472081,0.015824027,91
8,q2,7,2.331733942031861,2.0607674598693846,10998,11593,75.0,8,0.0066491114,0.0010549234,0.035164114,92
9,q2,7,2.331733942031861,2.0607674598693846,13512,13975,105.0,9,0.0060301274,0.0006746726,0.022489088,93
10,q2,7,2.331733942031861,2.0607674598693846,12864,13318,135.0,10,0.0061784876,0.0006945323,0.023151077,94
11,q2,7,2.331733942031861,2.0607674598693846,22282,22525,165.0,11,0.004724063,0.00021722002,0.0072406675,95
0,q2,8,2.7452957153320305,2.331733942031861,22615,22566,-165.0,0,0.0047045886,4.343898e-05,-0.0014479661,96
1,q2,8,2.7452957153320305,2.331733942031861,13867,13410,-135.0,1,0.0060533113,0.0006710564,-0.022368547,97
2,q2,8,2.7452957153320305,2.331733942031861,13777,13043,-105.0,2,0.006102117,0.0010961669,-0.0365389,98
3,q2,8,2.7452957153320305,2.331733942031861,11889,11269,-75.0,3,0.006567073,0.001072334,-0.035744466,99
4,q2,8,2.7452957153320305,2.331733942031861,6268,6128,-45.0,4,0.008980692,0.00045236174,-0.015078725,100
5,q2,8,2.7452957153320305,2.331733942031861,2859,2776,-15.0,5,0.013318921,0.0005899614,-0.019665381,101
6,q2,8,2.7452957153320305,2.331733942031861,2704,2827,15.0,6,0.013440229,0.00089071936,0.029690646,102
7,q2,8,2.7452957153320305,2.331733942031861,6098,6389,45.0,7,0.008944594,0.00093341403,0.031113802,103
8,q2,8,2.7452957153320305,2.331733942031861,11056,11592,75.0,8,0.0066415304,0.00094792584,0.03159753,104
9,q2,8,2.7452957153320305,2.331733942031861,13176,13785,105.0,9,0.006087436,0.00090473355,0.030157786,105
10,q2,8,2.7452957153320305,2.331733942031861,13139,13858,135.0,10,0.0060822954,0.0010667258,0.035557527,106
11,q2,8,2.7452957153320305,2.331733942031861,22137,22484,165.0,11,0.004733768,0.00031147958,0.010382653,107
0,q2,9,4.73682165145874,2.7452957153320305,22286,22307,-165.0,0,0.004735508,1.8862185e-05,0.00062873954,108
1,q2,9,4.73682165145874,2.7452957153320305,14353,13880,-135.0,1,0.0059499433,0.00067103247,-0.02236775,109
2,q2,9,4.73682165145874,2.7452957153320305,13523,12625,-105.0,2,0.0061776564,0.0013755528,-0.045851763,110
3,q2,9,4.73682165145874,2.7452957153320305,12158,11689,-75.0,3,0.0064734137,0.000787732,-0.026257735,111
4,q2,9,4.73682165145874,2.7452957153320305,6260,5923,-45.0,4,0.009053708,0.0011079371,-0.036931235,112
5,q2,9,4.73682165145874,2.7452957153320305,2560,2418,-15.0,5,0.0141630685,0.0011425439,-0.038084798,113
6,q2,9,4.73682165145874,2.7452957153320305,2457,2390,15.0,6,0.01436116,0.0005536575,-0.01845525,114
7,q2,9,4.73682165145874,2.7452957153320305,6094,6113,45.0,7,0.009050959,6.2342486e-05,0.0020780829,115
8,q2,9,4.73682165145874,2.7452957153320305,11621,12265,75.0,8,0.0064661643,0.0010798958,0.035996526,116
9,q2,9,4.73682165145874,2.7452957153320305,12739,13478,105.0,9,0.006171642,0.001129018,0.037633933,117
10,q2,9,4.73682165145874,2.7452957153320305,13917,14215,135.0,10,0.0059615094,0.00042428245,0.014142749,118
11,q2,9,4.73682165145874,2.7452957153320305,21940,22351,165.0,11,0.0047512613,0.00037167707,0.012389236,119
