axis,axis_bin,axis_max,axis_min,counts_neg,counts_pos,phi,phi_bin,stat,sys_0,value,global_index,shift
x,0,0.1439928948879242,0.10672914981842041,29158,29062,-165.0,0,0.0041444115,5.2835818e-05,-0.0022014924,0,-0.00016074372
x,0,0.1439928948879242,0.10672914981842041,11107,10951,-135.0,1,0.006732829,0.00022661459,-0.009442274,1,0.0023462689
x,0,0.1439928948879242,0.10672914981842041,23035,22769,-105.0,2,0.0046723485,0.00018608342,-0.0077534756,2,0.00020529283
x,0,0.1439928948879242,0.10672914981842041,9473,9452,-75.0,3,0.0072691157,3.5555993e-05,-0.0014814998,3,0.001688569
x,0,0.1439928948879242,0.10672914981842041,10766,10295,-45.0,4,0.0068875826,0.00071659096,-0.029857958,4,-0.00017729588
x,0,0.1439928948879242,0.10672914981842041,4801,4710,-15.0,5,0.010253012,0.0003065806,-0.012774191,5,0.0026097475
x,0,0.1439928948879242,0.10672914981842041,5032,4904,15.0,6,0.01003067,0.0004127887,-0.01719953,6,-0.00078047067
x,0,0.1439928948879242,0.10672914981842041,10517,10856,45.0,7,0.0068386416,0.0005082339,0.021176413,7,-0.00011591427
x,0,0.1439928948879242,0.10672914981842041,9384,9506,75.0,8,0.007275584,0.00020694613,0.008622755,8,-0.0005361857
x,0,0.1439928948879242,0.10672914981842041,22326,23188,105.0,9,0.0046858527,0.0006068644,0.025286017,9,-0.00047811866
x,0,0.1439928948879242,0.10672914981842041,11268,11239,135.0,10,0.00666562,4.1286665e-05,-0.0017202777,10,-0.0023381705
x,0,0.1439928948879242,0.10672914981842041,28702,29108,165.0,11,0.004158909,0.00022503624,0.00937651,11,0.0007058885
x,1,0.16748358309268951,0.1439928948879242,30273,29939,-165.0,0,0.004075178,0.00017774315,-0.007405964,12,0.00021473598
x,1,0.16748358309268951,0.1439928948879242,12355,12112,-135.0,1,0.0063925106,0.00031824017,-0.013260007,13,0.0008400995
x,1,0.16748358309268951,0.1439928948879242,21445,21221,-105.0,2,0.004841148,0.00016822692,-0.007009455,14,-0.00027120207
x,1,0.16748358309268951,0.1439928948879242,11729,11286,-75.0,3,0.0065894783,0.0006167685,-0.025698686,15,-0.001428077
x,1,0.16748358309268951,0.1439928948879242,9182,8857,-45.0,4,0.007443344,0.00057729834,-0.024054097,16,0.0017480664
x,1,0.16748358309268951,0.1439928948879242,3400,3413,-15.0,5,0.0121151665,6.114126e-05,0.0025475526,17,-0.0010217086
x,1,0.16748358309268951,0.1439928948879242,3423,3519,15.0,6,0.012000067,0.0004431146,0.018463109,18,-0.002588911
x,1,0.16748358309268951,0.1439928948879242,9332,9171,45.0,7,0.007351054,0.0002788131,-0.011617212,19,0.001978673
x,1,0.16748358309268951,0.1439928948879242,11400,11419,75.0,8,0.0066199,2.6680036e-05,0.0011116682,20,0.00043805304
x,1,0.16748358309268951,0.1439928948879242,21132,21918,105.0,9,0.004818195,0.00058503094,0.024376288,21,-2.6423484e-05
x,1,0.16748358309268951,0.1439928948879242,12511,12456,135.0,10,0.006328706,7.0587164e-05,-0.0029411318,22,0.00064047426
x,1,0.16748358309268951,0.1439928948879242,29711,30075,165.0,11,0.004089648,0.00019508835,0.008128681,23,0.00012587011
x,2,0.18959711492061615,0.16748358309268951,30554,30429,-165.0,0,0.0040494306,6.567962e-05,-0.0027366509,24,0.0010425894
x,2,0.18959711492061615,0.16748358309268951,13432,13049,-135.0,1,0.0061440086,0.00046344032,-0.019310012,25,-0.0002892483
x,2,0.18959711492061615,0.16748358309268951,20710,19708,-105.0,2,0.004971353,0.0007943691,-0.033098713,26,0.0009576902
x,2,0.18959711492061615,0.16748358309268951,12967,12420,-75.0,3,0.0062735667,0.0006904073,-0.02876697,27,-0.00018779375
x,2,0.18959711492061615,0.16748358309268951,8314,8024,-45.0,4,0.007821294,0.0005687593,-0.023698304,28,0.0031727832
x,2,0.18959711492061615,0.16748358309268951,3090,3149,-15.0,5,0.012659247,0.00030301663,0.012625692,29,0.002586308
x,2,0.18959711492061615,0.16748358309268951,3138,3137,15.0,6,0.0126238875,5.1064103e-06,-0.00021276709,30,0.0026867266
x,2,0.18959711492061615,0.16748358309268951,8068,8447,45.0,7,0.0077778,0.00073534314,0.030639298,31,-8.101389e-05
x,2,0.18959711492061615,0.16748358309268951,11974,12576,75.0,8,0.006378835,0.00078573194,0.03273883,32,-0.00016210601
x,2,0.18959711492061615,0.16748358309268951,19879,20739,105.0,9,0.004959834,0.0006784367,0.028268196,33,-0.0011705514
x,2,0.18959711492061615,0.16748358309268951,13266,13634,135.0,10,0.0060960907,0.00043835395,0.018264748,34,-0.001601262
x,2,0.18959711492061615,0.16748358309268951,29783,30455,165.0,11,0.004073958,0.00035746058,0.01489419,35,0.00083140004
x,3,0.21181243658065796,0.18959711492061615,30865,30444,-165.0,0,0.004038496,0.00022003271,-0.00916803,36,-0.00036332756
x,3,0.21181243658065796,0.18959711492061615,14474,13969,-135.0,1,0.005927755,0.0005689124,-0.023704683,37,-0.00050840713
x,3,0.21181243658065796,0.18959711492061615,19380,18789,-105.0,2,0.0051174285,0.00049614214,-0.02067259,38,-0.0016573817
x,3,0.21181243658065796,0.18959711492061615,13461,12895,-75.0,3,0.0061571775,0.00068812346,-0.02867181,39,0.0018842183
x,3,0.21181243658065796,0.18959711492061615,7899,7492,-45.0,4,0.00805556,0.00084733864,-0.035305776,40,0.0033482723
x,3,0.21181243658065796,0.18959711492061615,3132,2965,-15.0,5,0.012798271,0.0008776668,-0.03656945,41,0.0011541694
x,3,0.21181243658065796,0.18959711492061615,3067,3132,15.0,6,0.012699792,0.00033598597,0.013999416,42,-0.0018848069
x,3,0.21181243658065796,0.18959711492061615,7709,7893,45.0,7,0.008004902,0.00037789138,0.015745474,43,3.6403537e-05
x,3,0.21181243658065796,0.18959711492061615,12723,13379,75.0,8,0.006186122,0.00080530334,0.033554304,44,-0.0028166566
x,3,0.21181243658065796,0.18959711492061615,18873,19178,105.0,9,0.005126159,0.0002568403,0.01070168,45,7.9440884e-05
x,3,0.21181243658065796,0.18959711492061615,14110,14260,135.0,10,0.005936897,0.0001694187,0.007059112,46,-0.0004921523
x,3,0.21181243658065796,0.18959711492061615,29945,30646,165.0,11,0.0040620393,0.0003707143,0.015446428,47,-0.00036040042
x,4,0.23488591611385345,0.21181243658065796,30778,30340,-165.0,0,0.004044786,0.00022963306,-0.009568044,48,-0.0005904278
x,4,0.23488591611385345,0.21181243658065796,15021,14690,-135.0,1,0.0058008726,0.00035697693,-0.014874038,49,0.001642948
x,4,0.23488591611385345,0.21181243658065796,18524,17745,-105.0,2,0.005248722,0.00068822637,-0.028676098,50,0.0019824393
x,4,0.23488591611385345,0.21181243658065796,14024,13375,-75.0,3,0.0060383095,0.0007589959,-0.031624828,51,0.0027023014
x,4,0.23488591611385345,0.21181243658065796,7536,7351,-45.0,4,0.008194768,0.00039819334,-0.016591389,52,0.0015586903
x,4,0.23488591611385345,0.21181243658065796,3005,2961,-15.0,5,0.012946052,0.00023631912,-0.00984663,53,-0.000113671646
x,4,0.23488591611385345,0.21181243658065796,3027,3025,15.0,6,0.012854362,1.0589136e-05,-0.00044121398,54,-0.0006284171
x,4,0.23488591611385345,0.21181243658065796,7341,7565,45.0,7,0.008189022,0.0004815222,0.020063424,55,-0.0021664612
x,4,0.23488591611385345,0.21181243658065796,12973,13683,75.0,8,0.0061210752,0.0008534789,0.03556162,56,-0.002110429
x,4,0.23488591611385345,0.21181243658065796,18128,18687,105.0,9,0.0052107275,0.0004865376,0.0202724,57,-0.0012837127
x,4,0.23488591611385345,0.21181243658065796,15097,15204,135.0,10,0.005744691,0.00011315044,0.0047146017,58,0.0020726547
x,4,0.23488591611385345,0.21181243658065796,29918,30300,165.0,11,0.0040749405,0.00020326681,0.00846945,59,-0.0003227014
x,5,0.25981650948524476,0.23488591611385345,30341,30123,-165.0,0,0.004066741,0.00011552848,-0.0048136865,60,-5.2703544e-05
x,5,0.25981650948524476,0.23488591611385345,15866,15186,-135.0,1,0.005672435,0.0007016956,-0.029237317,61,0.00027316622
x,5,0.25981650948524476,0.23488591611385345,17522,17063,-105.0,2,0.005376355,0.0004252598,-0.017719157,62,0.0017900635
x,5,0.25981650948524476,0.23488591611385345,14107,13331,-75.0,3,0.006032731,0.00090623053,-0.037759606,63,-0.001272697
x,5,0.25981650948524476,0.23488591611385345,7476,7108,-45.0,4,0.008275897,0.00080853835,-0.033689097,64,0.00016676635
x,5,0.25981650948524476,0.23488591611385345,3121,3046,-15.0,5,0.012732268,0.00038968775,-0.016236989,65,-0.0041223895
x,5,0.25981650948524476,0.23488591611385345,3018,3083,15.0,6,0.012801343,0.0003413829,0.014224287,66,0.006159125
x,5,0.25981650948524476,0.23488591611385345,7253,7361,45.0,7,0.008271691,0.00023680128,0.00986672,67,-0.00055259373
x,5,0.25981650948524476,0.23488591611385345,13357,14205,75.0,8,0.0060183564,0.0009858584,0.04107743,68,0.000412751
x,5,0.25981650948524476,0.23488591611385345,17326,18175,105.0,9,0.005304668,0.00076629594,0.031928997,69,-0.000407625
x,5,0.25981650948524476,0.23488591611385345,15554,15995,135.0,10,0.005629004,0.00044790137,0.018662557,70,-0.0018104874
x,5,0.25981650948524476,0.23488591611385345,29960,30089,165.0,11,0.0040808003,6.8835645e-05,0.0028681518,71,-0.00024650106
x,6,0.2881471276283264,0.25981650948524476,30112,29772,-165.0,0,0.0040863175,0.00018192716,-0.007580298,72,0.00028839102
x,6,0.2881471276283264,0.25981650948524476,16797,16394,-135.0,1,0.0054882355,0.00038905782,-0.016210742,73,0.001434938
x,6,0.2881471276283264,0.25981650948524476,17285,16571,-105.0,2,0.0054326276,0.0006757592,-0.028156634,74,0.0019884724
x,6,0.2881471276283264,0.25981650948524476,14176,13533,-75.0,3,0.006004558,0.0007435661,-0.030981919,75,-0.00020506792
x,6,0.2881471276283264,0.25981650948524476,7247,7125,-45.0,4,0.008340911,0.00027200195,-0.011333414,76,0.0011348184
x,6,0.2881471276283264,0.25981650948524476,3052,3009,-15.0,5,0.012844239,0.00022732835,-0.009472014,77,0.0024305014
x,6,0.2881471276283264,0.25981650948524476,2942,3002,15.0,6,0.012969438,0.00032344606,0.013476918,78,-0.001088595
x,6,0.2881471276283264,0.25981650948524476,7133,7403,45.0,7,0.008291707,0.0005951799,0.024799163,79,-0.0034480672
x,6,0.2881471276283264,0.25981650948524476,13581,14167,75.0,8,0.0060008317,0.0006766987,0.02819578,80,-0.0019101314
x,6,0.2881471276283264,0.25981650948524476,16721,17309,105.0,9,0.0054194275,0.00055366213,0.023069255,81,2.2990629e-05
x,6,0.2881471276283264,0.25981650948524476,16107,16657,135.0,10,0.005523221,0.0005378921,0.022412172,82,-0.0010093767
x,6,0.2881471276283264,0.25981650948524476,29496,30013,165.0,11,0.0040990147,0.00027837954,0.011599148,83,-0.0003885217
x,7,0.3230433464050293,0.2881471276283264,29836,29314,-165.0,0,0.004111426,0.0002827777,-0.011782404,84,-0.0008735331
x,7,0.3230433464050293,0.2881471276283264,17263,16905,-135.0,1,0.0054093827,0.0003357321,-0.013988838,85,-0.00032394845
x,7,0.3230433464050293,0.2881471276283264,16497,16003,-105.0,2,0.0055458597,0.00048704943,-0.020293726,86,0.001845872
x,7,0.3230433464050293,0.2881471276283264,14308,13516,-75.0,3,0.005990683,0.00091208436,-0.038003515,87,0.0014877506
x,7,0.3230433464050293,0.2881471276283264,7324,7120,-45.0,4,0.008319152,0.00045255577,-0.01885649,88,-0.0005424395
x,7,0.3230433464050293,0.2881471276283264,3261,3104,-15.0,5,0.012527522,0.0007903704,-0.0329321,89,-0.00574914
x,7,0.3230433464050293,0.2881471276283264,3062,3131,15.0,6,0.012705782,0.00035700758,0.014875315,90,0.00077788346
x,7,0.3230433464050293,0.2881471276283264,7092,7428,45.0,7,0.0082948655,0.00074148446,0.030895187,91,-0.0009086821
x,7,0.3230433464050293,0.2881471276283264,13384,14482,75.0,8,0.005982199,0.0012625749,0.052607287,92,0.0008084476
x,7,0.3230433464050293,0.2881471276283264,16029,16633,105.0,9,0.005531542,0.00059254805,0.024689503,93,-0.0013515577
x,7,0.3230433464050293,0.2881471276283264,17176,17422,135.0,10,0.0053759464,0.00022783138,0.009492974,94,-0.00033653714
x,7,0.3230433464050293,0.2881471276283264,29255,29566,165.0,11,0.0041230917,0.00016941717,0.0070590484,95,-0.00019646995
x,8,0.3746954619884492,0.3230433464050293,29640,29336,-165.0,0,0.0041176747,0.00016516866,-0.0068820277,96,-0.0026205592
x,8,0.3746954619884492,0.3230433464050293,18012,17265,-135.0,1,0.0053220694,0.0006785134,-0.02827139,97,-0.00030293874
x,8,0.3746954619884492,0.3230433464050293,16133,15528,-105.0,2,0.0056181885,0.00061229424,-0.02551226,98,0.00080083683
x,8,0.3746954619884492,0.3230433464050293,14225,13637,-75.0,3,0.005988546,0.00067623006,-0.028176252,99,0.0017706957
x,8,0.3746954619884492,0.3230433464050293,7319,7231,-45.0,4,0.008289997,0.00019379793,-0.008074913,100,0.001036277
x,8,0.3746954619884492,0.3230433464050293,3350,3204,-15.0,5,0.012346806,0.00071379886,-0.029741619,101,0.0007346887
x,8,0.3746954619884492,0.3230433464050293,3167,3114,15.0,6,0.012617056,0.0002703812,-0.011265883,102,-0.003442116
x,8,0.3746954619884492,0.3230433464050293,7138,7452,45.0,7,0.008275476,0.0006896104,0.028733766,103,-1.3044104e-05
x,8,0.3746954619884492,0.3230433464050293,13669,14097,75.0,8,0.0060000014,0.0004939237,0.020580154,104,-0.0002802927
x,8,0.3746954619884492,0.3230433464050293,15799,16460,105.0,9,0.0055656,0.00065656845,0.027357018,105,0.000113459304
x,8,0.3746954619884492,0.3230433464050293,17379,18072,135.0,10,0.0053093066,0.0006263746,0.026098942,106,-0.0025051944
x,8,0.3746954619884492,0.3230433464050293,28835,29004,165.0,11,0.004158017,9.362576e-05,0.0039010732,107,-0.0007568819
x,9,0.6019378304481506,0.3746954619884492,28766,28838,-165.0,0,0.004166516,4.0050625e-05,0.001668776,108,0.00070032675
x,9,0.6019378304481506,0.3746954619884492,18696,18301,-135.0,1,0.005198435,0.00034210546,-0.014254394,109,0.0014573298
x,9,0.6019378304481506,0.3746954619884492,15852,14993,-105.0,2,0.0056899334,0.0008923553,-0.03718147,110,-0.00053692237
x,9,0.6019378304481506,0.3746954619884492,14243,13753,-75.0,3,0.0059749377,0.0005608277,-0.023367822,111,-0.0019962266
x,9,0.6019378304481506,0.3746954619884492,7642,7224,-45.0,4,0.0081959,0.0009009725,-0.03754052,112,0.0019374937
x,9,0.6019378304481506,0.3746954619884492,3306,3194,-15.0,5,0.012400191,0.0005521208,-0.023005033,113,0.0016926154
x,9,0.6019378304481506,0.3746954619884492,3178,3214,15.0,6,0.012507467,0.0001804659,0.0075194123,114,-0.00039065955
x,9,0.6019378304481506,0.3746954619884492,7375,7589,45.0,7,0.008173292,0.00045824263,0.019093443,115,-0.0011299402
x,9,0.6019378304481506,0.3746954619884492,13798,14474,75.0,8,0.0059442944,0.00076616014,0.03192334,116,-0.0014702398
x,9,0.6019378304481506,0.3746954619884492,15227,16020,105.0,9,0.0056538773,0.0008131942,0.03388309,117,-0.001572907
x,9,0.6019378304481506,0.3746954619884492,18039,18445,135.0,10,0.005234809,0.00035657673,0.014857364,118,-0.00041101035
x,9,0.6019378304481506,0.3746954619884492,28137,28749,165.0,11,0.0041923015,0.00034472713,0.01436363,119,0.0005484894
z,0,0.21658755838871002,0.12122540920972824,30028,29857,-165.0,0,0.004086371,9.149713e-05,-0.0038123804,0,0.0014373583
z,0,0.21658755838871002,0.12122540920972824,18436,18333,-135.0,1,0.005215021,8.976041e-05,-0.003740017,1,0.0023600375
z,0,0.21658755838871002,0.12122540920972824,20498,20102,-105.0,2,0.004962496,0.00031253495,-0.01302229,2,0.00039753597
z,0,0.21658755838871002,0.12122540920972824,12547,12458,-75.0,3,0.0063238516,0.00011404928,-0.0047520534,3,0.00018076785
z,0,0.21658755838871002,0.12122540920972824,13041,12925,-45.0,4,0.0062056854,0.00014314703,-0.0059644594,4,0.0034698169
z,0,0.21658755838871002,0.12122540920972824,8272,8342,-15.0,5,0.0077581117,0.00013500605,0.005625252,5,-0.00457339
z,0,0.21658755838871002,0.12122540920972824,8413,8341,15.0,6,0.0077256244,0.000137703,-0.005737625,6,-0.0015817485
z,0,0.21658755838871002,0.12122540920972824,12716,12877,45.0,7,0.0062506343,0.00020157381,0.008398909,7,0.0002852315
z,0,0.21658755838871002,0.12122540920972824,12570,12779,75.0,8,0.0062804865,0.00026418906,0.011007878,8,-0.0024915012
z,0,0.21658755838871002,0.12122540920972824,20005,20231,105.0,9,0.0049851746,0.0001799795,0.007499146,9,-0.0007909606
z,0,0.21658755838871002,0.12122540920972824,18099,18199,135.0,10,0.0052487478,8.827683e-05,0.0036782012,10,0.0024675108
z,0,0.21658755838871002,0.12122540920972824,29947,29619,165.0,11,0.0040972177,0.00017644315,-0.007351798,11,0.0003471356
z,1,0.2697250545024872,0.21658755838871002,31304,31097,-165.0,0,0.004003132,0.000106293875,-0.0044289115,12,2.9020477e-05
z,1,0.2697250545024872,0.21658755838871002,18379,18142,-135.0,1,0.0052325376,0.00020793859,-0.008664108,13,0.0019056275
z,1,0.2697250545024872,0.21658755838871002,23054,22470,-105.0,2,0.004686149,0.0004110568,-0.017127367,14,0.0021455633
z,1,0.2697250545024872,0.21658755838871002,13559,13111,-75.0,3,0.0061218017,0.0005382505,-0.022427103,15,0.00051018596
z,1,0.2697250545024872,0.21658755838871002,12924,12690,-45.0,4,0.006247827,0.00029273043,-0.0121971015,16,0.0020130174
z,1,0.2697250545024872,0.21658755838871002,6589,6537,-15.0,5,0.008728261,0.00012694055,-0.0052891895,17,0.002370696
z,1,0.2697250545024872,0.21658755838871002,6577,6669,15.0,6,0.008688383,0.00022255252,0.0092730215,18,-0.0013615238
z,1,0.2697250545024872,0.21658755838871002,12486,12767,45.0,7,0.0062920996,0.0003565519,0.014856329,19,-0.0022480208
z,1,0.2697250545024872,0.21658755838871002,13450,13836,75.0,8,0.006052748,0.00045329073,0.018887114,20,-0.0041103754
z,1,0.2697250545024872,0.21658755838871002,22414,22688,105.0,9,0.004708557,0.00019466336,0.008110973,21,-0.0012931325
z,1,0.2697250545024872,0.21658755838871002,18503,18741,135.0,10,0.0051815063,0.00020476234,0.008531764,22,-6.525777e-05
z,1,0.2697250545024872,0.21658755838871002,30573,30727,165.0,11,0.0040389393,8.049885e-05,0.0033541187,23,0.0013236632
z,2,0.3165688216686249,0.2697250545024872,32354,32081,-165.0,0,0.0039394186,0.0001357595,-0.0056566456,24,-0.0007721544
z,2,0.3165688216686249,0.2697250545024872,18187,17940,-135.0,1,0.005260972,0.00021907584,-0.00912816,25,0.00029804464
z,2,0.3165688216686249,0.2697250545024872,23314,22819,-105.0,2,0.0046553207,0.0003438135,-0.014325563,26,0.00046969857
z,2,0.3165688216686249,0.2697250545024872,14282,13858,-75.0,3,0.0059600524,0.00048280437,-0.020116849,27,0.0018288661
z,2,0.3165688216686249,0.2697250545024872,12334,12113,-45.0,4,0.006395221,0.00028966504,-0.012069377,28,-0.00015827641
z,2,0.3165688216686249,0.2697250545024872,5637,5456,-15.0,5,0.009492321,0.0005228282,-0.021784507,29,-0.00017421879
z,2,0.3165688216686249,0.2697250545024872,5708,5738,15.0,6,0.009346962,8.398407e-05,0.0034993363,30,0.00051001343
z,2,0.3165688216686249,0.2697250545024872,12012,12110,45.0,7,0.0064385333,0.00013017937,0.0054241405,31,-0.0011997665
z,2,0.3165688216686249,0.2697250545024872,13645,14254,75.0,8,0.0059844074,0.00069945224,0.029143844,32,-0.0011344701
z,2,0.3165688216686249,0.2697250545024872,23102,23584,105.0,9,0.0046277023,0.00033081853,0.013784105,33,-0.0022300016
z,2,0.3165688216686249,0.2697250545024872,18201,18561,135.0,10,0.005215108,0.00031378545,0.013074393,34,-0.0026503345
z,2,0.3165688216686249,0.2697250545024872,31258,31759,165.0,11,0.0039833337,0.0002547472,0.010614467,35,-0.0007953765
z,3,0.3609524369239807,0.3165688216686249,33482,32949,-165.0,0,0.0038796244,0.00025709037,-0.010712099,36,0.00044765696
z,3,0.3609524369239807,0.3165688216686249,18096,17314,-135.0,1,0.0053118793,0.0007076366,-0.029484857,37,0.0038990583
z,3,0.3609524369239807,0.3165688216686249,24079,23084,-105.0,2,0.0046028513,0.00067600684,-0.028166952,38,0.00061127543
z,3,0.3609524369239807,0.3165688216686249,15039,14508,-75.0,3,0.0058159176,0.0005758516,-0.023993816,39,-0.0012019202
z,3,0.3609524369239807,0.3165688216686249,11676,11168,-45.0,4,0.006613364,0.00071255927,-0.02968997,40,0.0027594361
z,3,0.3609524369239807,0.3165688216686249,5071,5016,-15.0,5,0.009956518,0.00017471495,-0.0072797895,41,-0.0016532964
z,3,0.3609524369239807,0.3165688216686249,4922,4924,15.0,6,0.0100779,6.5087797e-06,0.00027119915,42,0.00050987344
z,3,0.3609524369239807,0.3165688216686249,11584,11947,45.0,7,0.0065175993,0.00049430574,0.020596072,43,0.0011170935
z,3,0.3609524369239807,0.3165688216686249,14425,15213,75.0,8,0.0058049937,0.0008519355,0.03549731,44,-0.0030815452
z,3,0.3609524369239807,0.3165688216686249,23592,24193,105.0,9,0.0045739664,0.00040300674,0.016791947,45,-0.0002764687
z,3,0.3609524369239807,0.3165688216686249,17761,18184,135.0,10,0.0052738423,0.00037707807,0.015711587,46,-0.0010415828
z,3,0.3609524369239807,0.3165688216686249,32627,33066,165.0,11,0.0039014241,0.00021412868,0.008922028,47,-8.333195e-05
z,4,0.40566761791706085,0.3609524369239807,34733,34207,-165.0,0,0.0038083936,0.00024448032,-0.01018668,48,-0.00033552665
z,4,0.40566761791706085,0.3609524369239807,17995,17440,-135.0,1,0.005311153,0.00050186855,-0.020911189,49,-0.00012954324
z,4,0.40566761791706085,0.3609524369239807,23817,23556,-105.0,2,0.0045943363,0.00017653833,-0.007355764,50,-0.00013978267
z,4,0.40566761791706085,0.3609524369239807,16145,15538,-75.0,3,0.005616228,0.00061389175,-0.025578823,51,-0.0013174918
z,4,0.40566761791706085,0.3609524369239807,10906,10710,-45.0,4,0.006801121,0.00029054284,-0.012105951,52,0.0020023892
z,4,0.40566761791706085,0.3609524369239807,4407,4370,-15.0,5,0.010673825,0.00013507812,-0.005628255,53,-0.0016253828
z,4,0.40566761791706085,0.3609524369239807,4357,4461,15.0,6,0.01064783,0.00037791373,0.015746405,54,-0.0007451307
z,4,0.40566761791706085,0.3609524369239807,11188,11328,45.0,7,0.006664068,0.00019923526,0.0083014695,55,-0.000328918
z,4,0.40566761791706085,0.3609524369239807,15196,15935,75.0,8,0.0056648087,0.0007606428,0.03169345,56,-0.00048170798
z,4,0.40566761791706085,0.3609524369239807,23793,24498,105.0,9,0.004549717,0.0004677915,0.019491313,57,0.00037299842
z,4,0.40566761791706085,0.3609524369239807,17526,18032,135.0,10,0.0053021614,0.00045597667,0.018999027,58,-0.002312392
z,4,0.40566761791706085,0.3609524369239807,33797,34335,165.0,11,0.0038308953,0.00025302332,0.010542639,59,-0.00089195184
z,5,0.4528677761554718,0.40566761791706085,35819,35788,-165.0,0,0.0037369921,1.3871891e-05,-0.00057799544,60,0.00026799162
z,5,0.4528677761554718,0.40566761791706085,17977,17490,-135.0,1,0.005309025,0.000439981,-0.018332541,61,-0.001826223
z,5,0.4528677761554718,0.40566761791706085,23916,23038,-105.0,2,0.0046134763,0.00059917173,-0.02496549,62,0.0018132329
z,5,0.4528677761554718,0.40566761791706085,17047,16188,-75.0,3,0.0054820552,0.0008281842,-0.034507673,63,0.0008902736
z,5,0.4528677761554718,0.40566761791706085,10313,9758,-45.0,4,0.007053738,0.00088604016,-0.03691834,64,-0.0005475767
z,5,0.4528677761554718,0.40566761791706085,3923,3979,-15.0,5,0.011248952,0.0002270808,0.0094617,65,0.00025240704
z,5,0.4528677761554718,0.40566761791706085,3956,4040,15.0,6,0.011182036,0.0003366169,0.014025704,66,0.0011478942
z,5,0.4528677761554718,0.40566761791706085,10232,10499,45.0,7,0.006944255,0.00041268664,0.017195277,67,-0.00012769178
z,5,0.4528677761554718,0.40566761791706085,16105,16779,75.0,8,0.0055124545,0.0006567569,0.027364872,68,-1.8840656e-05
z,5,0.4528677761554718,0.40566761791706085,23190,24000,105.0,9,0.004602152,0.00055000227,0.02291676,69,-0.0004322715
z,5,0.4528677761554718,0.40566761791706085,17772,17768,135.0,10,0.0053044613,3.606384e-06,-0.000150266,70,-0.0018331212
z,5,0.4528677761554718,0.40566761791706085,35052,35933,165.0,11,0.0037528141,0.00039768458,0.01657019,71,0.00019163452
z,6,0.5047141313552856,0.4528677761554718,36949,36826,-165.0,0,0.0036816653,5.3422635e-05,-0.0022259431,72,-0.00069878856
z,6,0.5047141313552856,0.4528677761554718,18276,17819,-135.0,1,0.00526277,0.000405694,-0.016903916,73,0.0016068341
z,6,0.5047141313552856,0.4528677761554718,23035,22392,-105.0,2,0.0046909996,0.0004535512,-0.018897967,74,0.00040912256
z,6,0.5047141313552856,0.4528677761554718,17371,16789,-75.0,3,0.0054091457,0.000545927,-0.022746956,75,-0.0006478261
z,6,0.5047141313552856,0.4528677761554718,9496,9052,-45.0,4,0.007338876,0.0007670352,-0.0319598,76,0.0015248302
z,6,0.5047141313552856,0.4528677761554718,3687,3549,-15.0,5,0.011751949,0.00061109674,-0.025462363,77,0.00070122257
z,6,0.5047141313552856,0.4528677761554718,3648,3535,15.0,6,0.011796447,0.00050408294,-0.021003455,78,0.0024399906
z,6,0.5047141313552856,0.4528677761554718,9358,9702,45.0,7,0.0072412314,0.00057831564,0.024096485,79,-0.0006879382
z,6,0.5047141313552856,0.4528677761554718,16561,17358,75.0,8,0.0054270606,0.0007529128,0.031371366,80,0.0017344467
z,6,0.5047141313552856,0.4528677761554718,22304,23345,105.0,9,0.004678245,0.00073071645,0.030446518,81,0.00043428317
z,6,0.5047141313552856,0.4528677761554718,17910,18438,135.0,10,0.0052441857,0.0004654605,0.019394187,82,0.0002714973
z,6,0.5047141313552856,0.4528677761554718,36813,37010,165.0,11,0.003680454,8.5507454e-05,0.0035628106,83,0.0008647803
z,7,0.5654403567314148,0.5047141313552856,38943,38975,-165.0,0,0.0035824575,1.3159567e-05,0.0005483153,84,5.8033853e-05
z,7,0.5654403567314148,0.5047141313552856,18617,18536,-135.0,1,0.005188015,6.98587e-05,-0.0029107793,85,0.00034183217
z,7,0.5654403567314148,0.5047141313552856,22389,21433,-105.0,2,0.004774959,0.0006990289,-0.029126205,86,0.00023231655
z,7,0.5654403567314148,0.5047141313552856,17598,16890,-75.0,3,0.0053827325,0.00065780117,-0.027408382,87,0.0021313708
z,7,0.5654403567314148,0.5047141313552856,8899,8284,-45.0,4,0.0076199844,0.0011468471,-0.047785297,88,0.0011297539
z,7,0.5654403567314148,0.5047141313552856,3289,3147,-15.0,5,0.012459582,0.0007069712,-0.029457133,89,0.0009807218
z,7,0.5654403567314148,0.5047141313552856,3172,3210,15.0,6,0.012517219,0.00019079026,0.007949594,90,-0.0005162377
z,7,0.5654403567314148,0.5047141313552856,8393,8626,45.0,7,0.0076640868,0.00043868352,0.01827848,91,-0.000205094
z,7,0.5654403567314148,0.5047141313552856,16954,17295,75.0,8,0.005403034,0.00031903322,0.01329305,92,-0.0008175075
z,7,0.5654403567314148,0.5047141313552856,21439,22520,105.0,9,0.0047669644,0.0007879657,0.032831904,93,7.266924e-05
z,7,0.5654403567314148,0.5047141313552856,18466,18660,135.0,10,0.0051897964,0.0001674376,0.0069765663,94,-6.874092e-05
z,7,0.5654403567314148,0.5047141313552856,37923,38781,165.0,11,0.0036102938,0.00035842534,0.014934389,95,-0.000597463
z,8,0.6457359492778778,0.5654403567314148,41197,40585,-165.0,0,0.0034966283,0.0002397856,-0.0099910665,96,9.154901e-07
z,8,0.6457359492778778,0.5654403567314148,19942,19129,-135.0,1,0.005057141,0.00066675374,-0.027781405,97,-0.00020061992
z,8,0.6457359492778778,0.5654403567314148,21428,20409,-105.0,2,0.004886411,0.0007804464,-0.0325186,98,-0.0007202141
z,8,0.6457359492778778,0.5654403567314148,17342,16582,-75.0,3,0.0054269037,0.0007178537,-0.029910572,99,0.00083553046
z,8,0.6457359492778778,0.5654403567314148,7759,7408,-45.0,4,0.008116013,0.0007415439,-0.030897662,100,0.0012052543
z,8,0.6457359492778778,0.5654403567314148,3034,2880,-15.0,5,0.012995612,0.0008343895,-0.034766227,101,-0.0007861145
z,8,0.6457359492778778,0.5654403567314148,2992,2925,15.0,6,0.01299869,0.00036282954,-0.015117898,102,-0.00164646
z,8,0.6457359492778778,0.5654403567314148,7122,7590,45.0,7,0.008237057,0.0010193037,0.042470984,103,-0.00015060604
z,8,0.6457359492778778,0.5654403567314148,16400,17342,75.0,8,0.0054401727,0.00089456,0.037273332,104,-0.0005163178
z,8,0.6457359492778778,0.5654403567314148,20491,21681,105.0,9,0.0048660827,0.00090417435,0.03767393,105,-0.00053434074
z,8,0.6457359492778778,0.5654403567314148,19353,19969,135.0,10,0.005041818,0.0005019663,0.020915262,106,0.00031848252
z,8,0.6457359492778778,0.5654403567314148,40566,40790,165.0,11,0.0035059222,8.8224224e-05,0.0036760094,107,-0.00020557083
z,9,0.8930836319923401,0.6457359492778778,46666,46008,-165.0,0,0.003284744,0.0002275084,-0.009479516,108,-0.00018619094
z,9,0.8930836319923401,0.6457359492778778,22611,21570,-135.0,1,0.004755183,0.00075499597,-0.031458165,109,-5.9641898e-05
z,9,0.8930836319923401,0.6457359492778778,19151,18505,-105.0,2,0.005151918,0.00054970256,-0.022904273,110,0.00064826757
z,9,0.8930836319923401,0.6457359492778778,15308,14482,-75.0,3,0.0057898453,0.00088846224,-0.03701926,111,0.001019612
z,9,0.8930836319923401,0.6457359492778778,5187,5207,-45.0,4,0.009808604,6.1656196e-05,0.0025690082,112,0.0006210748
z,9,0.8930836319923401,0.6457359492778778,2561,2434,-15.0,5,0.014141058,0.0008146999,-0.03394583,113,0.0032048281
z,9,0.8930836319923401,0.6457359492778778,2417,2484,15.0,6,0.014281877,0.00043804577,0.018251907,114,-0.00066682696
z,9,0.8930836319923401,0.6457359492778778,4931,5167,45.0,7,0.009946512,0.0007488694,0.03120289,115,-0.00014762022
z,9,0.8930836319923401,0.6457359492778778,14370,15152,75.0,8,0.0058164145,0.0008487707,0.035365447,116,-0.00022377074
z,9,0.8930836319923401,0.6457359492778778,18454,19502,105.0,9,0.0051293755,0.0008847291,0.03686371,117,-0.00057717785
z,9,0.8930836319923401,0.6457359492778778,21625,22109,135.0,10,0.0047812667,0.00035461376,0.014775573,118,-0.0007383423
z,9,0.8930836319923401,0.6457359492778778,45360,46047,165.0,11,0.0033074128,0.00024082784,0.010034493,119,0.00016873516
pt,0,0.21249502301216125,0.00028420978924259543,27411,26925,-165.0,0,0.004289683,0.00028660122,-0.011941718,0,-0.0011956962
pt,0,0.21249502301216125,0.00028420978924259543,18719,18299,-135.0,1,0.0051968917,0.00036355134,-0.015147973,1,0.00042786915
pt,0,0.21249502301216125,0.00028420978924259543,14019,13640,-105.0,2,0.0060118632,0.00043906836,-0.018294515,2,0.0006196089
pt,0,0.21249502301216125,0.00028420978924259543,13120,12448,-75.0,3,0.0062500583,0.0008421742,-0.03509059,3,0.0019273274
pt,0,0.21249502301216125,0.00028420978924259543,8553,8403,-45.0,4,0.007679059,0.0002834636,-0.011810983,4,0.003451664
pt,0,0.21249502301216125,0.00028420978924259543,7281,7089,-15.0,5,0.0083407005,0.00042812826,-0.017838677,5,0.0020524748
pt,0,0.21249502301216125,0.00028420978924259543,6893,6906,15.0,6,0.008512867,3.0187362e-05,0.0012578068,6,-0.0015422568
pt,0,0.21249502301216125,0.00028420978924259543,8101,8498,45.0,7,0.0077577806,0.0007663691,0.031932045,7,0.00022515655
pt,0,0.21249502301216125,0.00028420978924259543,12636,12880,75.0,8,0.0062597687,0.00030641264,0.012767193,8,0.0013048807
pt,0,0.21249502301216125,0.00028420978924259543,13258,13726,105.0,9,0.006085978,0.0005557365,0.023155687,9,-0.0014942717
pt,0,0.21249502301216125,0.00028420978924259543,17806,18063,135.0,10,0.0052798367,0.00022958487,0.009566036,10,-0.0006863009
pt,0,0.21249502301216125,0.00028420978924259543,27006,27303,165.0,11,0.0042909407,0.00017523227,0.0073013445,11,-0.001131623
pt,1,0.2847542405128479,0.21249502301216125,33929,33426,-165.0,0,0.003852951,0.00023929165,-0.009970485,12,-0.00078581274
pt,1,0.2847542405128479,0.21249502301216125,18438,18005,-135.0,1,0.005237672,0.0003807178,-0.015863242,13,0.00014254265
pt,1,0.2847542405128479,0.21249502301216125,15128,14342,-105.0,2,0.0058214935,0.0008546176,-0.035609066,14,0.00053464994
pt,1,0.2847542405128479,0.21249502301216125,14478,13803,-75.0,3,0.0059433593,0.00076478336,-0.031865973,15,0.0005373433
pt,1,0.2847542405128479,0.21249502301216125,6061,5723,-45.0,4,0.009205236,0.0009190801,-0.038295005,16,-0.0016311631
pt,1,0.2847542405128479,0.21249502301216125,557,535,-15.0,5,0.030250428,0.0006455494,-0.02689789,17,0.0035974812
pt,1,0.2847542405128479,0.21249502301216125,536,547,15.0,6,0.030384062,0.00032545702,0.01356071,18,0.0111854365
pt,1,0.2847542405128479,0.21249502301216125,5869,6002,45.0,7,0.009177148,0.00035899944,0.01495831,19,-0.0013424838
pt,1,0.2847542405128479,0.21249502301216125,13819,14720,75.0,8,0.005914179,0.0010116154,0.042150643,20,-0.0024175495
pt,1,0.2847542405128479,0.21249502301216125,14699,15276,105.0,9,0.005774002,0.00061680237,0.025700098,21,-0.0020182356
pt,1,0.2847542405128479,0.21249502301216125,18231,18430,135.0,10,0.005222596,0.00017393148,0.007247145,22,-0.0005373182
pt,1,0.2847542405128479,0.21249502301216125,33162,33286,165.0,11,0.0038793387,5.979559e-05,0.002491483,23,0.0012232482
pt,2,0.33873298168182375,0.2847542405128479,32224,31897,-165.0,0,0.0039490242,0.00016340935,-0.006808723,24,-3.031129e-05
pt,2,0.33873298168182375,0.2847542405128479,16412,15585,-135.0,1,0.0055871024,0.00082818186,-0.034507576,25,0.0017670393
pt,2,0.33873298168182375,0.2847542405128479,16394,15832,-105.0,2,0.0055690235,0.0005588038,-0.02328349,26,0.0016742535
pt,2,0.33873298168182375,0.2847542405128479,15416,14948,-75.0,3,0.0057375776,0.0004938742,-0.02057809,27,-0.0017430633
pt,2,0.33873298168182375,0.2847542405128479,6802,6552,-45.0,4,0.008650847,0.0005998713,-0.024994636,28,0.0008397829
pt,2,0.33873298168182375,0.2847542405128479,1356,1381,-15.0,5,0.019113064,0.0002926811,0.012195045,29,0.0027224235
pt,2,0.33873298168182375,0.2847542405128479,1255,1315,15.0,6,0.019716162,0.00074807915,0.031169964,30,0.005558064
pt,2,0.33873298168182375,0.2847542405128479,6505,6747,45.0,7,0.008684207,0.00058514485,0.024381034,31,-0.004240921
pt,2,0.33873298168182375,0.2847542405128479,14719,15440,75.0,8,0.0057553295,0.0007660334,0.03191806,32,-0.00023214892
pt,2,0.33873298168182375,0.2847542405128479,15934,16546,105.0,9,0.0055469535,0.00060376065,0.025156694,33,-0.0019338578
pt,2,0.33873298168182375,0.2847542405128479,15903,16072,135.0,10,0.005592216,0.00016935794,0.007056581,34,-0.0019318536
pt,2,0.33873298168182375,0.2847542405128479,31747,32218,165.0,11,0.003953737,0.00023594344,0.009830977,35,0.00028967764
pt,3,0.3863597631454468,0.33873298168182375,31496,31373,-165.0,0,0.0039882306,6.268996e-05,-0.0026120816,36,-0.00032824092
pt,3,0.3863597631454468,0.33873298168182375,15278,14642,-135.0,1,0.0057788873,0.00068112207,-0.028380087,37,0.003110623
pt,3,0.3863597631454468,0.33873298168182375,17438,16966,-105.0,2,0.0053904206,0.00043960486,-0.018316869,38,-7.873215e-05
pt,3,0.3863597631454468,0.33873298168182375,15467,14666,-75.0,3,0.0057571176,0.0008517645,-0.03549019,39,-0.0006477013
pt,3,0.3863597631454468,0.33873298168182375,7067,6653,-45.0,4,0.0085304165,0.0009668868,-0.04028695,40,0.000406079
pt,3,0.3863597631454468,0.33873298168182375,1976,1886,-15.0,5,0.016083611,0.00074672326,-0.031113468,41,-0.005492337
pt,3,0.3863597631454468,0.33873298168182375,1955,1977,15.0,6,0.015947077,0.00017928278,0.007470116,42,-0.0010046754
pt,3,0.3863597631454468,0.33873298168182375,6654,6895,45.0,7,0.00858863,0.00056995323,0.023748051,43,-0.00083420426
pt,3,0.3863597631454468,0.33873298168182375,14410,15363,75.0,8,0.005790176,0.0010256512,0.04273547,44,-0.0027971119
pt,3,0.3863597631454468,0.33873298168182375,17367,17985,105.0,9,0.0053170985,0.00056014943,0.02333956,45,0.0012010746
pt,3,0.3863597631454468,0.33873298168182375,14715,15102,135.0,10,0.005790323,0.00041588803,0.017328668,46,-0.00048249774
pt,3,0.3863597631454468,0.33873298168182375,31022,30940,165.0,11,0.004017322,4.2405078e-05,-0.0017668782,47,0.0007587065
pt,4,0.4320445656776428,0.3863597631454468,30698,30087,-165.0,0,0.0040556705,0.00032208776,-0.013420323,48,-0.00014315639
pt,4,0.4320445656776428,0.3863597631454468,14568,13997,-135.0,1,0.005914638,0.000640518,-0.026688248,49,-0.0027039032
pt,4,0.4320445656776428,0.3863597631454468,19198,18373,-105.0,2,0.0051568784,0.00070360774,-0.02931699,50,0.0016057845
pt,4,0.4320445656776428,0.3863597631454468,14766,14335,-75.0,3,0.0058608567,0.00047456834,-0.01977368,51,-0.0010244343
pt,4,0.4320445656776428,0.3863597631454468,6957,6753,-45.0,4,0.008538775,0.00047678448,-0.01986602,52,0.0023993626
pt,4,0.4320445656776428,0.3863597631454468,2453,2362,-15.0,5,0.014406668,0.0006055842,-0.025232675,53,1.3392419e-06
pt,4,0.4320445656776428,0.3863597631454468,2458,2394,15.0,6,0.0143539775,0.00042265753,-0.01761073,54,0.005682974
pt,4,0.4320445656776428,0.3863597631454468,6850,7082,45.0,7,0.008470048,0.00053358544,0.022232726,55,0.0010762736
pt,4,0.4320445656776428,0.3863597631454468,13999,14742,75.0,8,0.005895087,0.0008283547,0.034514777,56,-0.0012460165
pt,4,0.4320445656776428,0.3863597631454468,18379,19145,105.0,9,0.0051604086,0.0006541074,0.027254475,57,-7.2624534e-06
pt,4,0.4320445656776428,0.3863597631454468,14240,14703,135.0,10,0.005876641,0.00051258615,0.021357756,58,-0.0015246626
pt,4,0.4320445656776428,0.3863597631454468,30189,31016,165.0,11,0.0040414375,0.00043296025,0.01804001,59,-4.656799e-05
pt,5,0.47917515635490415,0.4320445656776428,30195,29988,-165.0,0,0.0040762285,0.00011021125,-0.0045921355,60,0.00043303845
pt,5,0.47917515635490415,0.4320445656776428,13969,13708,-135.0,1,0.0060104374,0.0003021697,-0.012590405,61,0.0011807829
pt,5,0.47917515635490415,0.4320445656776428,19531,19201,-105.0,2,0.0050808564,0.00027300676,-0.011375282,62,0.00059279706
pt,5,0.47917515635490415,0.4320445656776428,14047,13545,-75.0,3,0.006018389,0.000582975,-0.024290625,63,0.0013742857
pt,5,0.47917515635490415,0.4320445656776428,7394,7305,-45.0,4,0.008247872,0.00019401337,-0.00808389,64,0.00085467054
pt,5,0.47917515635490415,0.4320445656776428,2898,2885,-15.0,5,0.01314987,7.203103e-05,-0.0030012927,65,-0.0032689483
pt,5,0.47917515635490415,0.4320445656776428,2868,2882,15.0,6,0.01318754,7.801707e-05,0.0032507111,66,-0.0034740116
pt,5,0.47917515635490415,0.4320445656776428,7151,7591,45.0,7,0.008229561,0.00095636945,0.039848726,67,0.00073196366
pt,5,0.47917515635490415,0.4320445656776428,13332,13978,75.0,8,0.0060481485,0.0007579494,0.031581227,68,-0.00046527945
pt,5,0.47917515635490415,0.4320445656776428,19170,20136,105.0,9,0.005041232,0.00078749476,0.032812282,69,-0.001272086
pt,5,0.47917515635490415,0.4320445656776428,14144,14386,135.0,10,0.005919994,0.000271796,0.011324832,70,-0.0006395411
pt,5,0.47917515635490415,0.4320445656776428,29611,30133,165.0,11,0.004090942,0.00027996622,0.011665259,71,-0.00082309265
pt,6,0.5310157537460327,0.47917515635490415,29722,29943,-165.0,0,0.004093878,0.0001186867,0.004945279,72,-0.0007451582
pt,6,0.5310157537460327,0.47917515635490415,13788,13313,-135.0,1,0.0060727918,0.00056161376,-0.023400573,73,-0.0010731481
pt,6,0.5310157537460327,0.47917515635490415,20434,19527,-105.0,2,0.005000142,0.00072727783,-0.030303244,74,0.0009737294
pt,6,0.5310157537460327,0.47917515635490415,13202,12528,-75.0,3,0.006230377,0.00083936244,-0.034973435,75,0.0013074316
pt,6,0.5310157537460327,0.47917515635490415,8099,7733,-45.0,4,0.007943742,0.00074075523,-0.030864801,76,0.0017389301
pt,6,0.5310157537460327,0.47917515635490415,3392,3215,-15.0,5,0.012294755,0.00085841713,-0.03576738,77,0.00015913695
pt,6,0.5310157537460327,0.47917515635490415,3197,3298,15.0,6,0.012405572,0.0004982779,0.02076158,78,0.0025705006
pt,6,0.5310157537460327,0.47917515635490415,8068,8187,45.0,7,0.007843064,0.00023457916,0.009774132,79,-0.0023430735
pt,6,0.5310157537460327,0.47917515635490415,12571,12827,75.0,8,0.006274237,0.0003229757,0.013457322,80,0.0002643494
pt,6,0.5310157537460327,0.47917515635490415,19999,20814,105.0,9,0.0049481895,0.00063986523,0.026661051,81,0.0003135223
pt,6,0.5310157537460327,0.47917515635490415,13618,14169,135.0,10,0.0059969015,0.0006353885,0.02647452,82,-0.0022269636
pt,6,0.5310157537460327,0.47917515635490415,29063,29735,165.0,11,0.0041235206,0.00036621504,0.0152589595,83,0.00039288495
pt,7,0.5932133913040161,0.5310157537460327,29293,28966,-165.0,0,0.0041429177,0.00017985153,-0.0074938135,84,0.00038248068
pt,7,0.5932133913040161,0.5310157537460327,13799,13508,-135.0,1,0.006050887,0.00034146674,-0.014227781,85,0.0014415318
pt,7,0.5932133913040161,0.5310157537460327,21168,20434,-105.0,2,0.004901425,0.000565342,-0.023555918,86,0.00074903853
pt,7,0.5932133913040161,0.5310157537460327,11989,11497,-75.0,3,0.006522672,0.00067125185,-0.027968826,87,-0.00021034479
pt,7,0.5932133913040161,0.5310157537460327,8959,8526,-45.0,4,0.0075583966,0.00079350866,-0.03306286,88,0.0018543508
pt,7,0.5932133913040161,0.5310157537460327,3718,3718,-15.0,5,0.01159659,0.0,0.0,89,0.0008722811
pt,7,0.5932133913040161,0.5310157537460327,3819,3709,15.0,6,0.011523318,0.00046821195,-0.019508831,90,-0.004596906
pt,7,0.5932133913040161,0.5310157537460327,8839,9179,45.0,7,0.0074474714,0.00060464675,0.025193615,91,0.00046778098
pt,7,0.5932133913040161,0.5310157537460327,11327,11790,75.0,8,0.0065747453,0.0006417693,0.026740387,92,-0.00087684393
pt,7,0.5932133913040161,0.5310157537460327,20657,21236,105.0,9,0.004884896,0.00044286007,0.018452503,93,-0.00076826103
pt,7,0.5932133913040161,0.5310157537460327,13690,13697,135.0,10,0.006042654,8.1899825e-06,0.00034124928,94,-0.0012444129
pt,7,0.5932133913040161,0.5310157537460327,28230,29308,165.0,11,0.0041676066,0.00060033466,0.025013944,95,-0.0005589854
pt,8,0.681139159202576,0.5932133913040161,28145,27899,-165.0,0,0.0042240396,0.00014064861,-0.0058603585,96,0.00053894985
pt,8,0.681139159202576,0.5932133913040161,13740,13589,-135.0,1,0.0060488987,0.00017704458,-0.0073768576,97,0.0012299703
pt,8,0.681139159202576,0.5932133913040161,21482,21009,-105.0,2,0.0048506903,0.0003566922,-0.014862175,98,0.00036913715
pt,8,0.681139159202576,0.5932133913040161,10859,10322,-75.0,3,0.0068671703,0.0008123763,-0.033849012,99,0.0018813312
pt,8,0.681139159202576,0.5932133913040161,9936,9638,-45.0,4,0.007146123,0.00048782732,-0.020326138,100,0.0005940832
pt,8,0.681139159202576,0.5932133913040161,4458,4449,-15.0,5,0.010595803,3.2377287e-05,-0.0013490537,101,-0.0008490257
pt,8,0.681139159202576,0.5932133913040161,4370,4564,15.0,6,0.010575342,0.0006958012,0.028991718,102,-0.0022631586
pt,8,0.681139159202576,0.5932133913040161,10095,10067,45.0,7,0.0070425905,4.4499368e-05,-0.0018541403,103,0.00036427518
pt,8,0.681139159202576,0.5932133913040161,10295,10912,75.0,8,0.0068617123,0.0009322564,0.038844015,104,-0.001628954
pt,8,0.681139159202576,0.5932133913040161,20990,21751,105.0,9,0.0048356503,0.0005705181,0.023771586,105,0.0005599633
pt,8,0.681139159202576,0.5932133913040161,13625,14000,135.0,10,0.00601558,0.00043496912,0.018123712,106,0.0006183572
pt,8,0.681139159202576,0.5932133913040161,27419,27763,165.0,11,0.004256829,0.00019975168,0.008322987,107,-0.00013531
pt,9,1.193084478378296,0.681139159202576,27210,27093,-165.0,0,0.0042912746,6.903852e-05,-0.002876605,108,-0.00045309588
pt,9,1.193084478378296,0.681139159202576,14312,14176,-135.0,1,0.0059246155,0.00015297004,-0.0063737514,109,0.00060711615
pt,9,1.193084478378296,0.681139159202576,21591,21066,-105.0,2,0.004841124,0.00039436505,-0.016431877,110,-0.00027434714
pt,9,1.193084478378296,0.681139159202576,9369,9106,-75.0,3,0.00735579,0.00045614268,-0.019005945,111,0.0023152586
pt,9,1.193084478378296,0.681139159202576,10877,10541,-45.0,4,0.006831487,0.00050267787,-0.020944912,112,0.0018168613
pt,9,1.193084478378296,0.681139159202576,5429,5235,-15.0,5,0.009680812,0.0005829228,-0.024288448,113,0.00074493326
pt,9,1.193084478378296,0.681139159202576,5703,5669,15.0,6,0.009377306,9.580132e-05,-0.0039917217,114,0.0015786584
pt,9,1.193084478378296,0.681139159202576,10826,10917,45.0,7,0.0067816204,0.00013410697,0.0055877906,115,-0.00065050833
pt,9,1.193084478378296,0.681139159202576,9135,9336,75.0,8,0.007357139,0.00034868647,0.014528602,116,0.0011869427
pt,9,1.193084478378296,0.681139159202576,20987,21692,105.0,9,0.0048393523,0.0005293029,0.022054289,117,-0.0012330264
pt,9,1.193084478378296,0.681139159202576,14536,14762,135.0,10,0.005841952,0.00024717237,0.010298848,118,0.000961734
pt,9,1.193084478378296,0.681139159202576,26292,26304,165.0,11,0.0043603727,7.3106826e-06,0.00030461178,119,-0.00037931738
q2,0,1.1763041496276856,1.0000005960464478,30257,30034,-165.0,0,0.004072569,0.00011851731,-0.004938221,0,-0.00020760344
q2,0,1.1763041496276856,1.0000005960464478,10901,10542,-135.0,1,0.0068272953,0.0005364612,-0.02235255,1,0.0010540206
q2,0,1.1763041496276856,1.0000005960464478,22350,21961,-105.0,2,0.0047502276,0.00028129856,-0.011720773,2,-1.3681129e-06
q2,0,1.1763041496276856,1.0000005960464478,10536,10327,-75.0,3,0.006922656,0.00032099552,-0.013374813,3,0.0013512773
q2,0,1.1763041496276856,1.0000005960464478,10074,9811,-45.0,4,0.0070903795,0.00042379863,-0.017658276,4,1.9382685e-05
q2,0,1.1763041496276856,1.0000005960464478,4230,4176,-15.0,5,0.0109065985,0.0002058419,-0.008576746,5,0.0026664115
q2,0,1.1763041496276856,1.0000005960464478,4426,4326,15.0,6,0.0106879845,0.00036611888,-0.015254953,6,-0.0018676119
q2,0,1.1763041496276856,1.0000005960464478,10015,10319,45.0,7,0.0070113568,0.00047904928,0.019960387,7,0.0017899834
q2,0,1.1763041496276856,1.0000005960464478,10333,10626,75.0,8,0.006906199,0.00044794683,0.018664451,8,0.00085493363
q2,0,1.1763041496276856,1.0000005960464478,21806,22510,105.0,9,0.004749217,0.0005090278,0.021209491,9,-0.00079906173
q2,0,1.1763041496276856,1.0000005960464478,10943,11078,135.0,10,0.0067385575,0.00019643831,0.008184929,10,-0.0021994677
q2,0,1.1763041496276856,1.0000005960464478,29672,30138,165.0,11,0.0040887413,0.0002496557,0.010402322,11,-0.0006828541
q2,1,1.3023109912872315,1.1763041496276856,30735,30433,-165.0,0,0.00404323,0.00015820205,-0.0065917517,12,6.6231005e-06
q2,1,1.3023109912872315,1.1763041496276856,12531,12193,-135.0,1,0.0063586994,0.00043805374,-0.018252239,13,0.0022262372
q2,1,1.3023109912872315,1.1763041496276856,20555,20016,-105.0,2,0.0049639093,0.00042569885,-0.017737452,14,0.0014030356
q2,1,1.3023109912872315,1.1763041496276856,12418,12327,-75.0,3,0.006356983,0.00011783746,-0.004909894,15,5.4603443e-06
q2,1,1.3023109912872315,1.1763041496276856,8905,8305,-45.0,4,0.007614451,0.0011171199,-0.04654666,16,0.0034736097
q2,1,1.3023109912872315,1.1763041496276856,3413,3360,-15.0,5,0.012150265,0.00025074036,-0.010447514,17,0.0052733985
q2,1,1.3023109912872315,1.1763041496276856,3462,3474,15.0,6,0.01200727,5.543724e-05,0.0023098849,18,0.0012364811
q2,1,1.3023109912872315,1.1763041496276856,8578,8844,45.0,7,0.0075746183,0.00048923,0.020384582,19,-0.00031722337
q2,1,1.3023109912872315,1.1763041496276856,12122,12234,75.0,8,0.006407503,0.00014734706,0.006139461,20,-0.0007831524
q2,1,1.3023109912872315,1.1763041496276856,19740,20788,105.0,9,0.004964362,0.00082858204,0.03452425,21,0.0011388585
q2,1,1.3023109912872315,1.1763041496276856,12606,12806,135.0,10,0.00627273,0.0002521858,0.010507741,22,-0.00086348783
q2,1,1.3023109912872315,1.1763041496276856,30162,30804,165.0,11,0.0040496103,0.0003374246,0.014059358,23,0.00068901386
q2,2,1.4181427240371705,1.3023109912872315,30281,29923,-165.0,0,0.0040754317,0.00019054039,-0.007939183,24,0.0016060998
q2,2,1.4181427240371705,1.3023109912872315,13832,13712,-135.0,1,0.0060253064,0.00013959942,-0.0058166427,25,-9.198487e-05
q2,2,1.4181427240371705,1.3023109912872315,19232,19050,-105.0,2,0.0051108594,0.00015233728,-0.0063473866,26,-0.0005255216
q2,2,1.4181427240371705,1.3023109912872315,13212,12509,-75.0,3,0.006231129,0.0008757838,-0.03649099,27,0.0013684295
q2,2,1.4181427240371705,1.3023109912872315,8409,8162,-45.0,4,0.0077667553,0.00047761467,-0.01990061,28,0.0013497584
q2,2,1.4181427240371705,1.3023109912872315,3234,3233,-15.0,5,0.01243508,4.954805e-06,-0.00020645019,29,-0.0011961904
q2,2,1.4181427240371705,1.3023109912872315,3170,3292,15.0,6,0.012435937,0.0006049539,0.025206413,30,0.0028085578
q2,2,1.4181427240371705,1.3023109912872315,8271,8416,45.0,7,0.007740725,0.000278432,0.0116013335,31,0.00063597225
q2,2,1.4181427240371705,1.3023109912872315,12624,13217,75.0,8,0.0062178667,0.0007353173,0.030638222,32,-0.0016666837
q2,2,1.4181427240371705,1.3023109912872315,18583,19462,105.0,9,0.005124417,0.0007403221,0.030846754,33,-0.0018694028
q2,2,1.4181427240371705,1.3023109912872315,13824,13872,135.0,10,0.0060088355,5.5533317e-05,0.0023138882,34,0.00158844
q2,2,1.4181427240371705,1.3023109912872315,30022,30375,165.0,11,0.0040689195,0.00018727886,0.0078032855,35,4.1805208e-05
q2,3,1.5404878377914428,1.4181427240371705,30084,30164,-165.0,0,0.0040740655,4.2547766e-05,0.0017728236,36,0.00010831829
q2,3,1.5404878377914428,1.4181427240371705,14824,14237,-135.0,1,0.0058639026,0.00064722757,-0.026967814,37,0.0006101206
q2,3,1.5404878377914428,1.4181427240371705,18671,18067,-105.0,2,0.005216,0.00052680616,-0.021950256,38,0.0006094258
q2,3,1.5404878377914428,1.4181427240371705,13652,13045,-75.0,3,0.006117424,0.0007285438,-0.03035599,39,-0.000847606
q2,3,1.5404878377914428,1.4181427240371705,8128,7832,-45.0,4,0.007913168,0.00059427606,-0.024761502,40,0.0025218297
q2,3,1.5404878377914428,1.4181427240371705,3243,3262,-15.0,5,0.012398611,9.3591356e-05,0.0038996397,41,-0.005491429
q2,3,1.5404878377914428,1.4181427240371705,3216,3215,15.0,6,0.012469836,4.9825417e-06,-0.0002076059,42,-0.00019490042
q2,3,1.5404878377914428,1.4181427240371705,8154,8163,45.0,7,0.007828521,1.7673867e-05,0.00073641114,43,0.00061644864
q2,3,1.5404878377914428,1.4181427240371705,12851,13540,75.0,8,0.0061518834,0.0008365518,0.034856323,44,0.00010564923
q2,3,1.5404878377914428,1.4181427240371705,18270,18556,105.0,9,0.0052107396,0.00024885187,0.010368828,45,-0.0002899645
q2,3,1.5404878377914428,1.4181427240371705,14447,14731,135.0,10,0.005853769,0.0003118834,0.012995142,46,0.0017557694
q2,3,1.5404878377914428,1.4181427240371705,29645,30039,165.0,11,0.004093117,0.00021152792,0.008813663,47,0.000488285
q2,4,1.6788932085037231,1.5404878377914428,30322,30217,-165.0,0,0.0040642573,5.557551e-05,-0.0023156463,48,-0.00065241964
q2,4,1.6788932085037231,1.5404878377914428,15344,15056,-135.0,1,0.0057349345,0.00030356264,-0.012648444,49,1.870282e-05
q2,4,1.6788932085037231,1.5404878377914428,18176,17399,-105.0,2,0.0052995966,0.0006998509,-0.029160455,50,0.0013242811
q2,4,1.6788932085037231,1.5404878377914428,13655,12969,-75.0,3,0.006125002,0.0008256201,-0.034400836,51,0.0021545552
q2,4,1.6788932085037231,1.5404878377914428,7949,7693,-45.0,4,0.007993743,0.0005244174,-0.021850724,52,-0.0014965199
q2,4,1.6788932085037231,1.5404878377914428,3261,3146,-15.0,5,0.0124895815,0.0005751386,-0.023964109,53,0.0008188933
q2,4,1.6788932085037231,1.5404878377914428,3233,3257,15.0,6,0.012412874,0.000118493896,0.0049372455,54,-0.00032995222
q2,4,1.6788932085037231,1.5404878377914428,7604,8107,45.0,7,0.007970783,0.001025873,0.042744707,55,-0.0021713004
q2,4,1.6788932085037231,1.5404878377914428,12893,13398,75.0,8,0.006165291,0.0006154796,0.025644984,56,-0.0004205685
q2,4,1.6788932085037231,1.5404878377914428,17603,18401,105.0,9,0.005267862,0.00071020145,0.029591726,57,-0.0024079569
q2,4,1.6788932085037231,1.5404878377914428,15303,15428,135.0,10,0.005704338,0.00013033551,0.0054306462,58,-0.0020471858
q2,4,1.6788932085037231,1.5404878377914428,29429,30056,165.0,11,0.0040997113,0.00033774544,0.0140727265,59,0.0012362003
q2,5,1.84252188205719,1.6788932085037231,30304,29520,-165.0,0,0.004087858,0.0004199234,-0.017496808,60,0.000112403184
q2,5,1.84252188205719,1.6788932085037231,15958,15437,-135.0,1,0.0056423903,0.0005317489,-0.022156205,61,0.0008089524
q2,5,1.84252188205719,1.6788932085037231,17933,17253,-105.0,2,0.0053293034,0.0006192535,-0.025802229,62,0.000803981
q2,5,1.84252188205719,1.6788932085037231,13743,13136,-75.0,3,0.006096716,0.00072361075,-0.030150447,63,-0.00075675175
q2,5,1.84252188205719,1.6788932085037231,7918,7715,-45.0,4,0.007996751,0.00041608603,-0.017336918,64,0.0017370833
q2,5,1.84252188205719,1.6788932085037231,3255,3232,-15.0,5,0.0124157565,0.00011360917,-0.004733715,65,-0.0018787333
q2,5,1.84252188205719,1.6788932085037231,3285,3226,15.0,6,0.012392084,0.00029035794,-0.012098248,66,0.0009390898
q2,5,1.84252188205719,1.6788932085037231,7555,7863,45.0,7,0.00805066,0.00064010633,0.026671097,67,-0.002778707
q2,5,1.84252188205719,1.6788932085037231,12755,13440,75.0,8,0.0061748433,0.0008379182,0.034913257,68,-0.0011739284
q2,5,1.84252188205719,1.6788932085037231,17569,18013,105.0,9,0.005300594,0.00039983614,0.01665984,69,7.3837116e-05
q2,5,1.84252188205719,1.6788932085037231,15877,15977,135.0,10,0.005602917,0.000100592464,0.0041913525,70,-0.0017799989
q2,5,1.84252188205719,1.6788932085037231,29330,29589,165.0,11,0.004119693,0.0001408555,0.005868979,71,-0.0013171039
q2,6,2.046119976043701,1.84252188205719,29902,29253,-165.0,0,0.0041110967,0.00035154642,-0.014647767,72,-0.0019563697
q2,6,2.046119976043701,1.84252188205719,16328,16018,-135.0,1,0.005559736,0.00030709343,-0.01279556,73,-0.000784589
q2,6,2.046119976043701,1.84252188205719,17987,17290,-105.0,2,0.005322345,0.0006330974,-0.026379058,74,0.00031889416
q2,6,2.046119976043701,1.84252188205719,13795,12962,-75.0,3,0.0061080954,0.0009975553,-0.041564807,75,0.002947837
q2,6,2.046119976043701,1.84252188205719,7577,7374,-45.0,4,0.008176991,0.00043506612,-0.018127754,76,0.002404185
q2,6,2.046119976043701,1.84252188205719,3380,3179,-15.0,5,0.012337222,0.0009819466,-0.04091444,77,0.00042054057
q2,6,2.046119976043701,1.84252188205719,3260,3316,15.0,6,0.012330794,0.00027286992,0.0113695795,78,-0.0056563895
q2,6,2.046119976043701,1.84252188205719,7547,7629,45.0,7,0.008117271,0.00017313543,0.0072139762,79,-0.0012053647
q2,6,2.046119976043701,1.84252188205719,12941,13804,75.0,8,0.006109073,0.0010339454,0.043081056,80,-0.0014457032
q2,6,2.046119976043701,1.84252188205719,17409,18188,105.0,9,0.00529795,0.00070121867,0.029217444,81,0.0004858859
q2,6,2.046119976043701,1.84252188205719,15986,16518,135.0,10,0.0055453363,0.00052445015,0.02185209,82,-0.00041347928
q2,6,2.046119976043701,1.84252188205719,28945,29515,165.0,11,0.004135555,0.00031242476,0.013017698,83,-0.0016106619
q2,7,2.3142506122589115,2.046119976043701,29589,29222,-165.0,0,0.004123402,0.00019995714,-0.0083315475,84,0.0004364401
q2,7,2.3142506122589115,2.046119976043701,17025,16584,-135.0,1,0.00545388,0.00042044817,-0.017518673,85,-0.00032619387
q2,7,2.3142506122589115,2.046119976043701,17374,16815,-105.0,2,0.005406962,0.0005239078,-0.02182949,86,0.0036465675
q2,7,2.3142506122589115,2.046119976043701,13664,13099,-75.0,3,0.0061102645,0.0006764615,-0.028185895,87,3.0044466e-05
q2,7,2.3142506122589115,2.046119976043701,7566,7310,-45.0,4,0.008196761,0.00055142085,-0.02297587,88,0.00039133802
q2,7,2.3142506122589115,2.046119976043701,3356,3345,-15.0,5,0.012216004,5.2599607e-05,-0.0021916502,89,-0.0045738006
q2,7,2.3142506122589115,2.046119976043701,3165,3291,15.0,6,0.012441443,0.00062536914,0.026057048,90,0.002025267
q2,7,2.3142506122589115,2.046119976043701,7325,7519,45.0,7,0.008206508,0.00041877446,0.017448936,91,-0.0027715992
q2,7,2.3142506122589115,2.046119976043701,12921,13658,75.0,8,0.0061296104,0.0008885017,0.037020903,92,-0.0020425506
q2,7,2.3142506122589115,2.046119976043701,17353,17667,105.0,9,0.005343315,0.00028730484,0.011971035,93,-0.0003723437
q2,7,2.3142506122589115,2.046119976043701,16693,17034,135.0,10,0.00544467,0.00032397098,0.013498791,94,-0.0006362777
q2,7,2.3142506122589115,2.046119976043701,29009,29218,165.0,11,0.0041441247,0.000115014154,0.0047922563,95,0.00016700476
q2,8,2.7251255035400392,2.3142506122589115,29536,29621,-165.0,0,0.004111461,4.6040732e-05,0.0019183637,96,-0.0012583531
q2,8,2.7251255035400392,2.3142506122589115,17818,17146,-135.0,1,0.005346215,0.00061585376,-0.025660573,97,0.0022910628
q2,8,2.7251255035400392,2.3142506122589115,17197,16436,-105.0,2,0.0054502813,0.00072501745,-0.03020906,98,-0.000110665336
q2,8,2.7251255035400392,2.3142506122589115,13892,13152,-75.0,3,0.006076794,0.0008767792,-0.036532465,99,-0.00055937096
q2,8,2.7251255035400392,2.3142506122589115,7184,6983,-45.0,4,0.008400074,0.000454619,-0.018942459,100,0.0008966718
q2,8,2.7251255035400392,2.3142506122589115,3283,3124,-15.0,5,0.01248631,0.0007951917,-0.033132985,101,0.002959786
q2,8,2.7251255035400392,2.3142506122589115,3093,3166,15.0,6,0.01263848,0.00037372086,0.015571702,102,-0.0019185431
q2,8,2.7251255035400392,2.3142506122589115,7091,7358,45.0,7,0.008316659,0.0005921107,0.024671277,103,0.0012253188
q2,8,2.7251255035400392,2.3142506122589115,13191,13643,75.0,8,0.0061030574,0.0005397373,0.022489054,104,0.0010909345
q2,8,2.7251255035400392,2.3142506122589115,16847,17628,105.0,9,0.0053833066,0.00072589895,0.03024579,105,-0.00013840199
q2,8,2.7251255035400392,2.3142506122589115,16923,17645,135.0,10,0.0053764293,0.00066925614,0.027885672,106,-0.0019071959
q2,8,2.7251255035400392,2.3142506122589115,28810,29019,165.0,11,0.00415836,0.00011580573,0.0048252386,107,0.0004134979
q2,9,4.73682165145874,2.7251255035400392,29313,29209,-165.0,0,0.0041337023,5.6943427e-05,-0.0023726427,108,-0.0006743935
q2,9,4.73682165145874,2.7251255035400392,18462,17897,-135.0,1,0.0052432497,0.0004979273,-0.02074697,109,0.0006595757
q2,9,4.73682165145874,2.7251255035400392,16908,16103,-105.0,2,0.005500984,0.00078138773,-0.032557823,110,-0.0007668361
q2,9,4.73682165145874,2.7251255035400392,14145,13672,-75.0,3,0.005994223,0.00054485415,-0.022702256,111,-0.001113154
q2,9,4.73682165145874,2.7251255035400392,6995,6642,-45.0,4,0.008558173,0.0008294406,-0.034560025,112,0.0021169484
q2,9,4.73682165145874,2.7251255035400392,2863,2698,-15.0,5,0.013399312,0.00095073716,-0.039614048,113,0.0018542036
q2,9,4.73682165145874,2.7251255035400392,2744,2698,15.0,6,0.013554798,0.00027084994,-0.011285414,114,0.001955648
q2,9,4.73682165145874,2.7251255035400392,6818,6946,45.0,7,0.008523033,0.0002979852,0.012416051,115,-0.0013742559
q2,9,4.73682165145874,2.7251255035400392,13612,14428,75.0,8,0.00596737,0.00093248434,0.038853515,116,-0.0018585734
q2,9,4.73682165145874,2.7251255035400392,16259,17093,105.0,9,0.00547264,0.00080126023,0.033385843,117,-0.0018507987
q2,9,4.73682165145874,2.7251255035400392,17906,18295,135.0,10,0.00525527,0.000344317,0.014346542,118,-0.0010920325
q2,9,4.73682165145874,2.7251255035400392,28717,29253,165.0,11,0.004153032,0.0002962722,0.012344675,119,0.00044247787
missing_mass,0,1.3907257318496704,1.2500009536743164,29022,28762,-165.0,0,0.0041599525,0.00014417672,-0.0060073636,0,-0.00012735557
missing_mass,0,1.3907257318496704,1.2500009536743164,16341,15639,-135.0,1,0.005589516,0.00070337683,-0.029307367,1,0.00052477233
missing_mass,0,1.3907257318496704,1.2500009536743164,16835,16411,-105.0,2,0.00548362,0.00040865413,-0.017027255,2,0.00042350963
missing_mass,0,1.3907257318496704,1.2500009536743164,14489,14306,-75.0,3,0.005892856,0.00020364016,-0.008485006,3,0.0007287841
missing_mass,0,1.3907257318496704,1.2500009536743164,8320,8260,-45.0,4,0.0077660945,0.000115956784,-0.0048315325,4,0.00019763084
missing_mass,0,1.3907257318496704,1.2500009536743164,3685,3504,-15.0,5,0.011787461,0.00080675096,-0.033614624,5,-0.00047029555
missing_mass,0,1.3907257318496704,1.2500009536743164,3555,3626,15.0,6,0.011799665,0.0003168129,0.013200537,6,-0.0021184962
missing_mass,0,1.3907257318496704,1.2500009536743164,8224,8479,45.0,7,0.00773593,0.00048918725,0.020382801,7,-0.00047670677
missing_mass,0,1.3907257318496704,1.2500009536743164,14093,14809,75.0,8,0.0058789314,0.0007938063,0.03307526,8,-0.0020051077
missing_mass,0,1.3907257318496704,1.2500009536743164,16571,17386,105.0,9,0.005423907,0.00076905556,0.032043982,9,-0.000814382
missing_mass,0,1.3907257318496704,1.2500009536743164,15818,16007,135.0,10,0.0056053423,0.00019029301,0.007928875,10,-0.0015939628
missing_mass,0,1.3907257318496704,1.2500009536743164,28264,28041,165.0,11,0.0042142514,0.0001269075,-0.0052878126,11,-0.000965104
missing_mass,1,1.4809121370315552,1.3907257318496704,29306,28998,-165.0,0,0.0041413317,0.00016927069,-0.0070529454,12,-0.00010823971
missing_mass,1,1.4809121370315552,1.3907257318496704,16314,16097,-135.0,1,0.0055543906,0.0002145343,-0.008938929,13,-0.0009549707
missing_mass,1,1.4809121370315552,1.3907257318496704,17218,16451,-105.0,2,0.0054473327,0.0007299524,-0.030414684,14,0.00028534792
missing_mass,1,1.4809121370315552,1.3907257318496704,14426,13754,-75.0,3,0.005954006,0.00076411315,-0.03183805,15,0.0015861616
missing_mass,1,1.4809121370315552,1.3907257318496704,8184,7864,-45.0,4,0.0078910645,0.00063893764,-0.026622402,16,0.00089876726
missing_mass,1,1.4809121370315552,1.3907257318496704,3399,3282,-15.0,5,0.01223096,0.0005611433,-0.02338097,17,-0.0012204181
missing_mass,1,1.4809121370315552,1.3907257318496704,3397,3345,15.0,6,0.012178186,0.00024714056,-0.010297523,18,0.00022704154
missing_mass,1,1.4809121370315552,1.3907257318496704,7791,7909,45.0,7,0.007980467,0.00024083066,0.0100346105,19,-0.0031444519
missing_mass,1,1.4809121370315552,1.3907257318496704,13979,14532,75.0,8,0.00592036,0.00062150136,0.02589589,20,0.0006671529
missing_mass,1,1.4809121370315552,1.3907257318496704,16639,17170,105.0,9,0.005437363,0.00050325907,0.020969128,21,0.00013618357
missing_mass,1,1.4809121370315552,1.3907257318496704,16146,16636,135.0,10,0.005521992,0.00047894986,0.019956244,22,-0.00012999028
missing_mass,1,1.4809121370315552,1.3907257318496704,28580,29321,165.0,11,0.004155216,0.00041007338,0.01708639,23,-0.0004583057
missing_mass,2,1.5457552909851073,1.4809121370315552,30164,29677,-165.0,0,0.004087662,0.00026077114,-0.010865464,24,-0.00029889774
missing_mass,2,1.5457552909851073,1.4809121370315552,16693,16229,-135.0,1,0.0055103605,0.00045160757,-0.018816981,25,0.00037235394
missing_mass,2,1.5457552909851073,1.4809121370315552,17168,16416,-105.0,2,0.005454308,0.00071748835,-0.029895347,26,0.0014754236
missing_mass,2,1.5457552909851073,1.4809121370315552,14442,13285,-75.0,3,0.005996164,0.0013370877,-0.05571199,27,0.0006426275
missing_mass,2,1.5457552909851073,1.4809121370315552,7801,7345,-45.0,4,0.00811895,0.000964709,-0.040196206,28,0.00029705837
missing_mass,2,1.5457552909851073,1.4809121370315552,3394,3205,-15.0,5,0.012301079,0.00091772614,-0.03823859,29,0.00063253194
missing_mass,2,1.5457552909851073,1.4809121370315552,3235,3396,15.0,6,0.012273888,0.00077799405,0.03241642,30,-0.0051211156
missing_mass,2,1.5457552909851073,1.4809121370315552,7415,7819,45.0,7,0.008096934,0.000849761,0.03540671,31,-0.000623852
missing_mass,2,1.5457552909851073,1.4809121370315552,13561,14346,75.0,8,0.0059818695,0.00090133434,0.037555598,32,-0.0010734983
missing_mass,2,1.5457552909851073,1.4809121370315552,16562,17254,105.0,9,0.005435966,0.0006557122,0.027321342,33,3.1683594e-06
missing_mass,2,1.5457552909851073,1.4809121370315552,16381,16872,135.0,10,0.005482772,0.00047312956,0.019713731,34,-0.0004893523
missing_mass,2,1.5457552909851073,1.4809121370315552,28867,29688,165.0,11,0.0041318247,0.00044927123,0.018719634,35,0.0008884724
missing_mass,3,1.619528603553772,1.5457552909851073,30955,30536,-165.0,0,0.0040325173,0.00021833928,-0.00909747,36,0.00047012512
missing_mass,3,1.619528603553772,1.5457552909851073,15997,15701,-135.0,1,0.0056163,0.00029921907,-0.012467461,37,0.0006268285
missing_mass,3,1.619528603553772,1.5457552909851073,17650,16680,-105.0,2,0.005393291,0.0009053726,-0.037723858,38,0.00090231374
missing_mass,3,1.619528603553772,1.5457552909851073,13799,13108,-75.0,3,0.00609273,0.0008228907,-0.034287114,39,0.001754161
missing_mass,3,1.619528603553772,1.5457552909851073,7695,7271,-45.0,4,0.008168385,0.00090779865,-0.037824944,40,0.00067320466
missing_mass,3,1.619528603553772,1.5457552909851073,3163,3069,-15.0,5,0.012664796,0.00048331454,-0.020138105,41,0.0008977484
missing_mass,3,1.619528603553772,1.5457552909851073,3063,3122,15.0,6,0.012714372,0.0003056622,0.012735925,42,0.0019772276
missing_mass,3,1.619528603553772,1.5457552909851073,7244,7766,45.0,7,0.008153442,0.0011143439,0.046430994,43,-0.0008120835
missing_mass,3,1.619528603553772,1.5457552909851073,12885,13671,75.0,8,0.006131678,0.0009483951,0.039516464,44,0.0006162189
missing_mass,3,1.619528603553772,1.5457552909851073,16855,17725,105.0,9,0.005374553,0.0008061646,0.03359019,45,-0.0019699745
missing_mass,3,1.619528603553772,1.5457552909851073,15758,16218,135.0,10,0.005591236,0.00046095988,0.019206662,46,0.0019182935
missing_mass,3,1.619528603553772,1.5457552909851073,30339,30680,165.0,11,0.004048139,0.00017906832,0.0074611795,47,0.0004609446
missing_mass,4,1.6956312656402588,1.619528603553772,30479,30496,-165.0,0,0.0040497114,8.933601e-06,0.00037223336,48,-0.00067208556
missing_mass,4,1.6956312656402588,1.619528603553772,15660,15221,-135.0,1,0.005689526,0.00045551488,-0.018979786,49,0.0016263928
missing_mass,4,1.6956312656402588,1.619528603553772,18248,17405,-105.0,2,0.0052934093,0.0007576365,-0.03156819,50,0.0024629068
missing_mass,4,1.6956312656402588,1.619528603553772,13570,13055,-75.0,3,0.0061264704,0.0006197935,-0.02582473,51,-0.00013267435
missing_mass,4,1.6956312656402588,1.619528603553772,7462,7331,-45.0,4,0.008221319,0.0002837556,-0.011823149,52,2.3570843e-05
missing_mass,4,1.6956312656402588,1.619528603553772,3117,3163,-15.0,5,0.012618258,0.00023470784,0.009779493,53,-0.0021171388
missing_mass,4,1.6956312656402588,1.619528603553772,3071,3028,15.0,6,0.01280417,0.00022591198,-0.009412999,54,0.0017497204
missing_mass,4,1.6956312656402588,1.619528603553772,7559,7736,45.0,7,0.008084877,0.0003708115,0.015450479,55,0.0006372761
missing_mass,4,1.6956312656402588,1.619528603553772,12895,13523,75.0,8,0.006149378,0.0007617091,0.03173788,56,0.00052221864
missing_mass,4,1.6956312656402588,1.619528603553772,17274,18314,105.0,9,0.0052968464,0.0009363952,0.039016467,57,0.0009697415
missing_mass,4,1.6956312656402588,1.619528603553772,15359,15733,135.0,10,0.005670478,0.00038543608,0.016059836,58,-0.002139302
missing_mass,4,1.6956312656402588,1.619528603553772,30102,30926,165.0,11,0.004047295,0.0004326408,0.0180267,59,-0.00069534406
missing_mass,5,1.7762217760086059,1.6956312656402588,30725,30655,-165.0,0,0.004036324,3.6542697e-05,-0.0015226123,60,-0.00081417616
missing_mass,5,1.7762217760086059,1.6956312656402588,15222,14929,-135.0,1,0.0057585426,0.0003113833,-0.012974304,61,0.00011842325
missing_mass,5,1.7762217760086059,1.6956312656402588,18543,18052,-105.0,2,0.005226602,0.0004299215,-0.017913396,62,1.585856e-05
missing_mass,5,1.7762217760086059,1.6956312656402588,13226,12917,-75.0,3,0.006183982,0.00037873242,-0.015780518,63,-0.0008478556
missing_mass,5,1.7762217760086059,1.6956312656402588,7759,7424,-45.0,4,0.008112089,0.0007069955,-0.029458145,64,0.003860265
missing_mass,5,1.7762217760086059,1.6956312656402588,3085,3084,-15.0,5,0.012731882,5.194152e-06,-0.000216423,65,-0.0016773549
missing_mass,5,1.7762217760086059,1.6956312656402588,3094,3084,15.0,6,0.012722575,5.1865853e-05,-0.0021610772,66,-0.0018331213
missing_mass,5,1.7762217760086059,1.6956312656402588,7595,7822,45.0,7,0.00805223,0.00047179725,0.01965822,67,-0.00042610802
missing_mass,5,1.7762217760086059,1.6956312656402588,12599,13208,75.0,8,0.006221793,0.0007561521,0.031506337,68,0.0010967962
missing_mass,5,1.7762217760086059,1.6956312656402588,18062,18749,105.0,9,0.0052104634,0.00059801014,0.024917088,69,-0.0007904526
missing_mass,5,1.7762217760086059,1.6956312656402588,15013,15338,135.0,10,0.0057394346,0.00034311504,0.01429646,70,0.0008484684
missing_mass,5,1.7762217760086059,1.6956312656402588,29915,30317,165.0,11,0.004074451,0.00021385933,0.008910805,71,-3.256928e-05
missing_mass,6,1.8584782361984251,1.7762217760086059,30400,30008,-165.0,0,0.0040685204,0.00020793184,-0.008663827,72,-6.0993247e-05
missing_mass,6,1.8584782361984251,1.7762217760086059,15036,14386,-135.0,1,0.0058274013,0.0007078979,-0.029495744,73,-0.0008557867
missing_mass,6,1.8584782361984251,1.7762217760086059,19169,18879,-105.0,2,0.0051263897,0.00024422808,-0.01017617,74,0.00040830113
missing_mass,6,1.8584782361984251,1.7762217760086059,13271,12454,-75.0,3,0.0062291897,0.0010176445,-0.042401854,75,0.0015207082
missing_mass,6,1.8584782361984251,1.7762217760086059,7835,7545,-45.0,4,0.008060912,0.0006041866,-0.025174443,76,0.0022867844
missing_mass,6,1.8584782361984251,1.7762217760086059,3136,3046,-15.0,5,0.012716086,0.00046649066,-0.01943711,77,-0.000326775
missing_mass,6,1.8584782361984251,1.7762217760086059,3117,3147,15.0,6,0.0126347095,0.00015346131,0.0063942214,78,0.0044164145
missing_mass,6,1.8584782361984251,1.7762217760086059,7718,7977,45.0,7,0.007980202,0.0005287713,0.022032138,79,-0.0006291773
missing_mass,6,1.8584782361984251,1.7762217760086059,12284,13029,75.0,8,0.006280477,0.000943066,0.039294418,80,-0.0024629906
missing_mass,6,1.8584782361984251,1.7762217760086059,18908,19407,105.0,9,0.0051079886,0.00041731226,0.01738801,81,-0.00058257766
missing_mass,6,1.8584782361984251,1.7762217760086059,14679,15089,135.0,10,0.0057949773,0.0004413302,0.018388757,82,-0.0013291202
missing_mass,6,1.8584782361984251,1.7762217760086059,29854,30119,165.0,11,0.0040833307,0.00014158574,0.0058994056,83,-0.00076836767
missing_mass,7,1.9525676488876342,1.8584782361984251,30068,29881,-165.0,0,0.004084184,9.9951445e-05,-0.0041646436,84,-0.0018286444
missing_mass,7,1.9525676488876342,1.8584782361984251,14707,14029,-135.0,1,0.0058961874,0.00075601914,-0.031500798,85,0.001642609
missing_mass,7,1.9525676488876342,1.8584782361984251,19648,19412,-105.0,2,0.005059642,0.0001936017,-0.008066738,86,-0.0008020112
missing_mass,7,1.9525676488876342,1.8584782361984251,12597,12154,-75.0,3,0.006354474,0.0005735092,-0.023896217,87,-0.0023753867
missing_mass,7,1.9525676488876342,1.8584782361984251,8245,7990,-45.0,4,0.007846543,0.0005032888,-0.020970367,88,0.00455077
missing_mass,7,1.9525676488876342,1.8584782361984251,3332,3206,-15.0,5,0.012363281,0.0006175258,-0.02573024,89,0.0017295368
missing_mass,7,1.9525676488876342,1.8584782361984251,3282,3279,15.0,6,0.012345677,1.4651451e-05,-0.0006104771,90,0.0027775492
missing_mass,7,1.9525676488876342,1.8584782361984251,8097,8207,45.0,7,0.007831326,0.00021618618,0.0090077575,91,0.0026199305
missing_mass,7,1.9525676488876342,1.8584782361984251,12077,12379,75.0,8,0.0063936412,0.00039568622,0.016486926,92,-0.003765476
missing_mass,7,1.9525676488876342,1.8584782361984251,19204,19940,105.0,9,0.0050527817,0.00060247915,0.025103299,93,-0.001501549
missing_mass,7,1.9525676488876342,1.8584782361984251,14522,14422,135.0,10,0.0058778175,0.00011070592,-0.0046127466,94,0.0016032052
missing_mass,7,1.9525676488876342,1.8584782361984251,29429,29822,165.0,11,0.0041080443,0.00021253295,0.008855539,95,-0.000128733
missing_mass,8,2.072742462158203,1.9525676488876342,29526,29435,-165.0,0,0.0041182875,4.945452e-05,-0.002060605,96,0.0012228244
missing_mass,8,2.072742462158203,1.9525676488876342,14071,13700,-135.0,1,0.0059997775,0.00042806705,-0.017836127,97,0.0030134832
missing_mass,8,2.072742462158203,1.9525676488876342,20417,19833,-105.0,2,0.0049835127,0.00046491803,-0.019371584,98,0.0011195317
missing_mass,8,2.072742462158203,1.9525676488876342,12242,11602,-75.0,3,0.0064718938,0.000860063,-0.03583596,99,0.0015268773
missing_mass,8,2.072742462158203,1.9525676488876342,8516,8274,-45.0,4,0.0077160355,0.0004618427,-0.019243445,100,0.003154032
missing_mass,8,2.072742462158203,1.9525676488876342,3511,3472,-15.0,5,0.011966493,0.00017895835,-0.007456598,101,0.0033702739
missing_mass,8,2.072742462158203,1.9525676488876342,3477,3523,15.0,6,0.0119518265,0.00021056646,0.008773603,102,-0.00064618234
missing_mass,8,2.072742462158203,1.9525676488876342,8524,8513,45.0,7,0.0076613147,2.0688498e-05,-0.00086202077,103,-0.0012688034
missing_mass,8,2.072742462158203,1.9525676488876342,11451,11910,75.0,8,0.0065404074,0.00062957965,0.026232485,104,-0.0012428407
missing_mass,8,2.072742462158203,1.9525676488876342,20022,20353,105.0,9,0.004976428,0.0002626908,0.01094545,105,-0.0014628815
missing_mass,8,2.072742462158203,1.9525676488876342,13777,14099,135.0,10,0.0059887078,0.00037013047,0.015422102,106,-0.0032715872
missing_mass,8,2.072742462158203,1.9525676488876342,29289,29736,165.0,11,0.0041158525,0.00024266152,0.010110897,107,0.0001383517
missing_mass,9,2.4956703186035156,2.072742462158203,29676,29149,-165.0,0,0.004122759,0.0002870636,-0.011960983,108,-0.00016141124
missing_mass,9,2.4956703186035156,2.072742462158203,12982,12891,-135.0,1,0.0062168706,0.00011270002,-0.004695834,109,0.0002546045
missing_mass,9,2.4956703186035156,2.072742462158203,21487,20851,-105.0,2,0.0048590065,0.00048134467,-0.020056028,110,0.00030754507
missing_mass,9,2.4956703186035156,2.072742462158203,10651,10563,-75.0,3,0.0068656565,0.00013291975,-0.005538323,111,-0.0007857708
missing_mass,9,2.4956703186035156,2.072742462158203,8888,8523,-45.0,4,0.0075756162,0.0006717359,-0.027988996,112,-0.002478864
missing_mass,9,2.4956703186035156,2.072742462158203,3696,3724,-15.0,5,0.01160894,0.00012091594,0.005038164,113,-0.00019703805
missing_mass,9,2.4956703186035156,2.072742462158203,3763,3711,15.0,6,0.011566574,0.00022293572,-0.009288988,114,-0.0018156022
missing_mass,9,2.4956703186035156,2.072742462158203,8791,8937,45.0,7,0.0075100684,0.00026388976,0.010995407,115,-0.0009755213
missing_mass,9,2.4956703186035156,2.072742462158203,10418,10581,75.0,8,0.0069004493,0.0002487244,0.010363516,116,0.0001433827
missing_mass,9,2.4956703186035156,2.072742462158203,21343,22008,105.0,9,0.004801858,0.00049153215,0.020480506,117,0.0003382936
missing_mass,9,2.4956703186035156,2.072742462158203,13054,12969,135.0,10,0.0061989366,0.00010466247,-0.004360936,118,-0.00353092
missing_mass,9,2.4956703186035156,2.072742462158203,29103,29356,165.0,11,0.004135872,0.00013867512,0.00577813,119,0.0014984757
