axis,axis_bin,axis_max,axis_min,counts_neg,counts_pos,phi,phi_bin,stat,sys_0,value,global_index,sys_1,sys_10,sys_11,sys_2,sys_3,sys_4,sys_5,sys_6,sys_7,sys_8,sys_9,sys_total,err_0,par_0
x,0,0.150191903114,0.106729149818,16436,16311,-165.0,0,0.00552597083151,0.000152889580932,-0.00509631959721,0,0.00490026781335,0.00124016031623,0.0123882610351,0.000382040627301,0.00668656779453,0.00300325406715,0.000823196955025,0.0017686067149,0.0044399574399,0.00173733220436,0.00157924741507,0.00467195982452,0.00447827987514,0.015554327187
x,0,0.150191903114,0.106729149818,5994,5694,-135.0,1,0.00924431532621,0.00102806475479,-0.0342688262463,1,0.0103793032467,0.0217254497111,0.0369346924126,0.000558998435736,0.00746938958764,0.00210789218545,0.00615891441703,0.00426779314876,0.0079555362463,0.00131908804178,0.00823352113366,0.0135197749606,0.00447827987514,0.015554327187
x,0,0.150191903114,0.106729149818,12239,11837,-105.0,2,0.0064431745559,0.000668776687235,-0.0222925562412,2,0.00413549877703,0.0161972027272,0.00916459783912,0.00063905864954,0.00949953310192,0.0101511031389,3.88734042645e-05,0.00859768968076,0.00377507694066,0.00274044834077,0.00225660763681,0.00740445428978,0.00447827987514,0.015554327187
x,0,0.150191903114,0.106729149818,5800,5776,-75.0,3,0.00929435156286,8.30409189803e-05,-0.00276803062297,3,0.00146548089106,0.0147605221719,0.00706542190164,0.000467697391286,0.00897535029799,0.00721465982497,0.00121866166592,0.00644670985639,0.010674957186,0.00431855861098,0.003016886767,0.00699713795824,0.00447827987514,0.015554327187
x,0,0.150191903114,0.106729149818,4752,4481,-45.0,4,0.0103990789503,0.00117561698426,-0.0391872338951,4,0.000980690121651,0.00366553664207,0.0146238766611,0.000749565660954,0.0110152959824,0.00519433245063,0.0020697414875,0.00590744242072,0.0102797355503,0.0013766810298,0.00827061757445,0.00702547981124,0.00447827987514,0.015554327187
x,0,0.150191903114,0.106729149818,2482,2428,-15.0,5,0.0142696211115,0.000440505857114,-0.0146835288033,5,0.00471279304475,0.0245146416128,0.0138466032222,0.00206223409623,0.0014160303399,0.00983738154173,0.00186069402844,0.04094620049,0.0145413065329,0.00553055759519,0.0103043792769,0.0156689952124,0.00447827987514,0.015554327187
x,0,0.150191903114,0.106729149818,2559,2388,15.0,6,0.0142025407404,0.00138450204395,-0.0461500696838,6,0.00733123347163,0.00791885703802,0.0036178342998,0.00408448651433,0.00323666259646,0.0055947303772,0.00122082233429,0.0141259767115,0.0142208747566,0.0130684860051,0.0165926814079,0.00929772972158,0.00447827987514,0.015554327187
x,0,0.150191903114,0.106729149818,4781,4819,45.0,7,0.0102060642093,0.000158544717124,0.00528482394293,7,0.00205494766124,0.0158667583019,0.0116387158632,0.0022978563793,0.00546548934653,0.00306374789216,0.000492561608553,0.00379758002236,0.0048282709904,0.00130867538974,0.00707320263609,0.00661874902113,0.00447827987514,0.015554327187
x,0,0.150191903114,0.106729149818,5726,5541,75.0,8,0.00941871106625,0.000657662167214,-0.0219220723957,8,0.00341453030705,0.00867763347924,0.0108187450096,0.00145551934838,0.0064612198621,0.00260569900274,0.000661216676235,0.00470490008593,0.00928225368261,0.00300976075232,0.00389258004725,0.00568334932444,0.00447827987514,0.015554327187
x,0,0.150191903114,0.106729149818,11715,12258,105.0,9,0.00645565241575,0.000907228910364,0.0302409641445,9,0.00164229236543,0.00578533858061,0.00541040301323,0.000818578526378,0.00352619960904,0.00333757698536,0.00145360454917,0.000691756606102,0.00624362006783,0.00135349109769,0.00423472002149,0.00354756229499,0.00447827987514,0.015554327187
x,0,0.150191903114,0.106729149818,5654,5584,135.0,10,0.00943279638886,0.000249487318797,-0.00831624399871,10,0.00965882185847,0.0156759247184,0.0162324346602,0.00045336317271,0.020823456347,0.00530427414924,0.000856265891343,0.0152792856097,0.00547625031322,0.00233969837427,0.00681606028229,0.0107260917505,0.00447827987514,0.015554327187
x,0,0.150191903114,0.106729149818,16114,16135,165.0,11,0.00556854484603,2.60820925178e-05,0.000869403127581,11,0.000580340041779,0.00928449258208,0.00618462497368,0.000719221308827,0.00396247208118,0.00336503004655,0.000776159926318,0.00598576059565,0.00343537819572,0.0010165279964,0.00223654392175,0.00414928819201,0.00447827987514,0.015554327187
x,1,0.18161906302,0.150191903114,16520,16581,-165.0,0,0.00549639714882,7.38121962058e-05,0.00246040662751,12,0.00739437714219,0.00422325124964,0.0108337029815,0.00168204912916,0.00241528474726,0.00216393498704,0.00032498431392,0.00379982870072,0.00908006727695,0.0011831454467,0.00395098794252,0.00514157371032,0.00415678229105,0.0262239728105
x,1,0.18161906302,0.150191903114,6854,6852,-135.0,1,0.00854170601815,5.84465260545e-06,-0.000194821754121,13,0.00233659893274,0.00786803103983,0.0125086447224,0.000771951221395,0.00276812096126,0.00895168539137,0.00306087173522,0.0116465492174,0.0041484227404,0.00211917096749,0.00373199931346,0.00640873124241,0.00415678229105,0.0262239728105
x,1,0.18161906302,0.150191903114,10736,10395,-105.0,2,0.00687763560563,0.000646358937956,-0.0215452983975,14,0.00682168640196,0.00298008695245,0.00937437452376,0.00145006738603,0.000860441476107,0.0077095348388,0.000731436535716,0.00119073502719,0.00712262745947,0.000715006142855,0.00643701292574,0.00500171840586,0.00415678229105,0.0262239728105
x,1,0.18161906302,0.150191903114,7251,6833,-75.0,3,0.00841968413442,0.00118874770124,-0.0396249257028,15,0.0109078269452,0.00586425513029,0.00667958706617,0.000913698226213,0.00834322348237,0.00705901905894,0.000458884984255,0.00291088223457,0.00151233002543,0.00108318403363,0.00296508148313,0.00531661688831,0.00415678229105,0.0262239728105
x,1,0.18161906302,0.150191903114,3888,3640,-45.0,4,0.0115143572912,0.00131950632203,-0.0439835451543,16,0.00334874913096,0.0146684385836,0.028168072924,0.00329641997814,0.00380348786712,0.0111224763095,0.00310565531254,0.00369034707546,0.00565679743886,0.00231678411365,0.00772017985582,0.0103645698846,0.00415678229105,0.0262239728105
x,1,0.18161906302,0.150191903114,1351,1369,-15.0,5,0.0191733762622,0.000265059294179,0.00883531011641,17,0.0116723552346,0.0146487709135,0.00380347529426,0.0118765709922,0.00407724361867,0.0153799839318,0.00198103673756,0.007279234007,0.0179434679449,0.0070841666311,0.00883531011641,0.010273937366,0.00415678229105,0.0262239728105
x,1,0.18161906302,0.150191903114,1352,1436,15.0,6,0.0189235210419,0.00120677403174,0.0402258001268,18,0.0177491419017,0.0149978734553,0.0324454195797,0.00563736632466,0.000697884708643,0.0286339186132,0.00546249374747,0.00649432837963,0.0120758190751,0.00488907843828,0.0127811841667,0.0154108837014,0.00415678229105,0.0262239728105
x,1,0.18161906302,0.150191903114,3899,3855,45.0,7,0.0113559802994,0.000227282667765,-0.00757608888671,19,0.00356432981789,0.0148973949254,0.00121581507847,0.00100653851405,0.00401778426021,0.00747432699427,0.000139390584081,0.0106660788879,0.00620861165226,0.00280173681676,0.00737413577735,0.00660615519772,0.00415678229105,0.0262239728105
x,1,0.18161906302,0.150191903114,6802,7168,75.0,8,0.0084554348141,0.00104935909621,0.0349786356091,20,0.00466945767403,0.0139439217746,0.00511191785336,0.00192246958613,0.00731600262225,0.0097483843565,0.000211022794247,0.0032889470458,0.0198842473328,0.00121333822608,0.00644546747208,0.0083859034033,0.00415678229105,0.0262239728105
x,1,0.18161906302,0.150191903114,10454,10898,105.0,9,0.006840900518,0.000832882651594,0.0277627557516,21,0.00947031751275,0.0114535503089,0.0108017660677,0.00115483999252,0.00786407291889,0.00725405290723,0.00168647989631,0.00732431560755,0.00376475974917,0.00207414478064,0.00419105216861,0.00674461318941,0.00415678229105,0.0262239728105
x,1,0.18161906302,0.150191903114,6675,6750,135.0,10,0.00863039679825,0.000223762021051,0.00745873432606,22,0.00360756507143,0.0138342184946,0.0125253917649,0.00366377830505,0.00789318326861,0.0112402113155,0.0075468365103,0.00373258069158,0.0111279431731,0.00119430758059,0.0016120551154,0.00796919402789,0.00415678229105,0.0262239728105
x,1,0.18161906302,0.150191903114,16261,16517,165.0,11,0.00552312890068,0.000312821764965,0.0104273920879,23,0.00126286130399,0.00586280785501,0.00356779247522,0.000535724684596,0.00274490006268,0.00693080481142,0.0010670684278,0.00264805555344,0.0064769629389,0.00283962115645,0.00264364946634,0.0037606318547,0.00415678229105,0.0262239728105
x,2,0.215409338474,0.18161906302,16799,16504,-165.0,0,0.00547933625057,0.000354795483872,-0.0118265161291,24,0.0031206747517,0.00558506883681,0.00448440015316,0.00191823858768,0.00162464007735,0.0030052838847,0.000501628965139,0.00353226624429,0.00502744223922,0.00097322743386,0.0019899001345,0.00315307867449,0.0038420260771,0.0348079286778
x,2,0.215409338474,0.18161906302,7838,7516,-135.0,1,0.00806712731719,0.00083998934133,-0.027999645099,25,0.00543464161456,0.00423889607191,0.0198888126761,0.00105446018279,0.00836866162717,0.0133353928104,0.00267183221877,0.00556589476764,0.0119267795235,0.00101056136191,0.00309821777046,0.00857823628705,0.0038420260771,0.0348079286778
x,2,0.215409338474,0.18161906302,9977,9607,-105.0,2,0.00714350072667,0.000756727880798,-0.0252242628485,26,0.00286039710045,0.00688411109149,0.00368707440794,0.0029261559248,0.00226200930774,0.00677719525993,0.00133528746665,0.00280763022602,0.00982830859721,0.00171351060271,0.00222724862397,0.00449939820034,0.0038420260771,0.0348079286778
x,2,0.215409338474,0.18161906302,7745,7353,-75.0,3,0.00813353247941,0.00103993469384,-0.0346644893289,27,0.00152967497706,0.00565342418849,0.00849216990173,0.00303040072322,0.00270641222596,0.004229452461,0.00229667127132,0.00253665819764,0.00311905890703,0.00068362429738,0.00459747761488,0.00391425098024,0.0038420260771,0.0348079286778
x,2,0.215409338474,0.18161906302,3607,3401,-45.0,4,0.011936259456,0.00117736880202,-0.0392456278205,28,0.00438262522221,0.0064682289958,0.0177943818271,0.00171688571572,0.00784206017852,0.00666575133801,0.00305054709315,0.00226870179176,0.0157409794629,0.00143443048,0.00650975853205,0.00813033971656,0.0038420260771,0.0348079286778
x,2,0.215409338474,0.18161906302,1271,1323,-15.0,5,0.0196272488683,0.000802920898423,0.0267640314996,29,0.00618764571846,0.030931070447,0.00883059576154,0.0130148418248,0.00415202230215,0.0237208977342,0.00968582928181,0.0439094118774,0.00813454203308,0.00286938250065,0.0144656300545,0.0185468196049,0.0038420260771,0.0348079286778
x,2,0.215409338474,0.18161906302,1256,1382,15.0,6,0.0194302219898,0.0019130888395,0.0637696310878,30,0.00386475771666,0.0288368612528,0.00590323656797,0.00293136388063,0.0065504796803,0.0163103789091,0.00735638663173,0.00737876072526,0.0119145028293,0.00445286557078,0.00712613761425,0.0112546546681,0.0038420260771,0.0348079286778
x,2,0.215409338474,0.18161906302,3373,3594,45.0,7,0.0119698103517,0.00127053272445,0.0423510931432,31,0.00385768339038,0.0141179617494,0.00951662659645,0.00724874809384,0.00345621630549,0.00727569684386,0.00475285574794,0.00245942920446,0.00568010285497,0.00192827358842,0.0030228048563,0.00642876269824,0.0038420260771,0.0348079286778
x,2,0.215409338474,0.18161906302,7252,7605,75.0,8,0.00820003729314,0.000951662601437,0.0317220874131,32,0.00345405749977,0.00478977710009,0.00688715279102,0.000757653266191,0.00567604973912,0.00803700089455,0.00127861462533,0.00163258612156,0.00933274626732,0.00111572630703,0.00862989574671,0.00537595422092,0.0038420260771,0.0348079286778
x,2,0.215409338474,0.18161906302,9406,9858,105.0,9,0.00720134424046,0.000939791265409,0.0313263759017,33,0.00452896766365,0.00171899423003,0.0165141634643,0.000615948811173,0.00146199576557,0.0048063583672,0.00111461430788,0.0077653862536,0.00883229263127,0.00176859647036,0.00490538962185,0.00638060702547,0.0038420260771,0.0348079286778
x,2,0.215409338474,0.18161906302,7441,7622,135.0,10,0.00814682524651,0.000481289665913,0.0160429887474,34,0.00316955428571,0.0117137050256,0.00882471352816,0.00113833043724,0.0122637711465,0.00817851908505,0.00153928156942,0.000553908757865,0.00288446433842,0.00117145851254,0.00395871140063,0.00627001216224,0.0038420260771,0.0348079286778
x,2,0.215409338474,0.18161906302,16212,16555,165.0,11,0.0055238166824,0.000419272953877,0.0139757655561,35,0.00381351821125,0.00401526689529,0.00121608469635,0.00213179178536,0.00335151981562,0.00598570890725,0.000219890847802,0.00287586636841,0.00404296722263,0.000423785299063,0.00258775986731,0.00309960645644,0.0038420260771,0.0348079286778
x,3,0.256316304207,0.215409338474,16483,16166,-165.0,0,0.00553386518732,0.000388891814509,-0.0129630602896,36,0.000550492666662,0.00307652726769,0.00423766672611,0.00219274591655,0.00266958400607,0.00506812427193,0.000188780017197,0.00394477695227,0.0015623588115,0.000974096357822,0.00113549176604,0.00267118344499,0.00455018988999,0.036909669101
x,3,0.256316304207,0.215409338474,8629,8209,-135.0,1,0.00770218204707,0.000999075360596,-0.0333025120199,37,0.00407978147268,0.00729474052787,0.0084497500211,0.00366077013314,0.00187539681792,0.00725508108735,0.00145518034697,0.000545669347048,0.00402907654643,0.00144267827272,0.00216274708509,0.0044367616069,0.00455018988999,0.036909669101
x,3,0.256316304207,0.215409338474,9427,8938,-105.0,2,0.007374455221,0.00106649147347,-0.0355497151613,38,0.00978871434927,0.0108997039497,0.00773879140615,0.00946632027626,0.00430306047201,0.00501295737922,0.000650446861982,0.00112723186612,0.0028450936079,0.00151162594557,0.00799499452114,0.00634929063456,0.00455018988999,0.036909669101
x,3,0.256316304207,0.215409338474,8018,7474,-75.0,3,0.00802543293685,0.00140647124499,-0.0468823760748,39,0.00322690978646,0.0115782171488,0.0108529813588,0.0032315403223,0.00566425919533,0.00866436585784,0.00103102251887,0.00344581529498,0.0023949034512,0.00148876011372,0.00153093412519,0.00579572804808,0.00455018988999,0.036909669101
x,3,0.256316304207,0.215409338474,3707,3623,-45.0,4,0.0116787720472,0.00045900218538,-0.0153000727296,40,0.00182910449803,0.0223658904433,0.00577622838318,0.00211688876152,0.00196897797287,0.00239005684853,0.00420500151813,0.00380184873939,0.00191296078265,0.00308296829462,0.00262675434351,0.00708998119059,0.00455018988999,0.036909669101
x,3,0.256316304207,0.215409338474,1417,1370,-15.0,5,0.018937446177,0.000675461022183,-0.0225153677166,41,0.029792714864,0.0340747907758,0.0156744793057,0.0106236692518,0.028330322355,0.0162950176746,0.00360441207886,0.00331938825548,0.0141790807247,0.00379962474108,0.00701200030744,0.0177107438968,0.00455018988999,0.036909669101
x,3,0.256316304207,0.215409338474,1401,1370,15.0,6,0.0189947374165,0.000448089325801,-0.0149363111705,42,0.0188385210931,0.0045418292284,0.00580612942576,0.0127600869164,0.0108210332692,0.00517419166863,0.0030673481524,0.0151187684387,0.0138227883726,0.00793571583927,0.00604296568781,0.0101835829874,0.00455018988999,0.036909669101
x,3,0.256316304207,0.215409338474,3465,3661,45.0,7,0.0118381557986,0.00110166531522,0.0367221795022,43,0.00559054873884,0.00613372027874,0.0160672236234,0.00658068992198,0.00332797318697,0.00901828706264,0.00379048287868,0.00115324929357,0.0021158233285,0.00348823517561,0.00925975106657,0.00695717883885,0.00455018988999,0.036909669101
x,3,0.256316304207,0.215409338474,7441,7820,75.0,8,0.00809039361775,0.000994708039798,0.0331569351256,44,0.00322271883488,0.00353537499905,0.000191170722246,0.00180779770017,0.00155121088028,0.00863969326019,0.00193576700985,0.00135779380798,0.0113089736551,0.00252199359238,0.00420325249434,0.00466146876846,0.00455018988999,0.036909669101
x,3,0.256316304207,0.215409338474,9061,9453,105.0,9,0.00734642893076,0.000848057388794,0.0282685793936,45,0.00305004045367,0.0105098877102,0.00577114149928,0.00169415213168,0.000637920573354,0.00618170388043,0.000580914318562,0.0035750977695,0.00415360555053,0.00106508098543,0.00403384491801,0.00449383507827,0.00455018988999,0.036909669101
x,3,0.256316304207,0.215409338474,8328,8486,135.0,10,0.00771134765819,0.000376379059162,0.0125459693372,46,0.00319526810199,0.0155523046851,0.00299795065075,0.000664850696921,0.00561989378184,0.00378634035587,0.00245734211057,0.00280695036054,0.0054447571747,0.00229673553258,0.00308803282678,0.00552122461761,0.00455018988999,0.036909669101
x,3,0.256316304207,0.215409338474,16085,16358,165.0,11,0.00555152213201,0.000337039702572,0.0112346569076,47,0.00204238202423,0.00872924551368,0.00276158191264,0.00140021927655,0.00316580478102,0.00339027680457,0.00147683825344,0.000717990100384,0.00133966840804,0.00106601975858,0.00288329366595,0.00323284381932,0.00455018988999,0.036909669101
x,4,0.316878080368,0.256316304207,16475,16247,-165.0,0,0.00552791403607,0.000279083673377,-0.00930278934538,48,0.00156056182459,0.00677894521505,0.00288424780592,0.00161782186478,0.000857224687934,0.00699537573382,0.000407963059843,0.00115567725152,0.00177599815652,0.00179559132084,0.00324336532503,0.00325826590248,0.00384331879651,0.0338203056964
x,4,0.316878080368,0.256316304207,9520,9107,-135.0,1,0.00732382852584,0.000888068694621,-0.0296022910625,49,0.00533556379378,0.000402253121138,0.00528581999242,0.00197110138834,0.00345568917692,0.00542787835002,0.00163921900094,0.0044275727123,0.000486716628075,0.00172798335552,0.00408618338406,0.00346493129529,0.00384331879651,0.0338203056964
x,4,0.316878080368,0.256316304207,9056,8674,-105.0,2,0.00750699080527,0.00086296669906,-0.0287655573338,50,0.00422870740294,0.00101761519909,0.00183662585914,0.000704256817698,0.00558612309396,0.00878095440567,0.000895101577044,0.00565742887557,0.000381903722882,0.000760477036238,0.00513444654644,0.00398947611567,0.00384331879651,0.0338203056964
x,4,0.316878080368,0.256316304207,8158,7639,-75.0,3,0.00794867053628,0.0013159281807,-0.0438642725348,51,0.00390880554914,0.00184164568782,0.00890123099089,0.00911415368319,0.00248938798904,0.011444222182,0.000151481479406,0.00659577175975,0.00712964311242,0.001718737185,0.00208901241422,0.00591477244645,0.00384331879651,0.0338203056964
x,4,0.316878080368,0.256316304207,3860,3706,-45.0,4,0.0114922858775,0.000815255683847,-0.0271751899272,52,0.00102053396404,0.012026399374,0.0164327677339,0.00574765540659,0.00830924138427,0.00755980797112,0.00133652240038,0.00256956927478,0.00131588615477,0.00186460465193,0.0123707149178,0.00786115572149,0.00384331879651,0.0338203056964
x,4,0.316878080368,0.256316304207,1648,1489,-15.0,5,0.0178133696318,0.00203012139536,-0.0676707178354,53,0.00188981741667,0.0156229734421,0.0118414759636,0.00269519537687,0.00409388542175,0.0203911699355,0.00225687026978,0.0147949382663,0.00820983201265,0.00291948020458,0.00860982388258,0.0100072077553,0.00384331879651,0.0338203056964
x,4,0.316878080368,0.256316304207,1518,1443,15.0,6,0.0183667503297,0.00101452390663,-0.0338174626231,54,0.0122209340334,0.00260698795319,0.00576679222286,0.00810132920742,0.00494389608502,0.0160582326353,0.000347953289747,0.0171162486076,0.00312964618206,0.00458140298724,0.018507739529,0.0100156185742,0.00384331879651,0.0338203056964
x,4,0.316878080368,0.256316304207,3752,3841,45.0,7,0.0114746680483,0.000469478836749,0.0156492944807,55,0.00468777213246,0.00850419234484,0.00114822760224,0.00706159323454,0.00229030195624,0.0146790081635,0.000247467309237,0.00236559938639,0.00713480543345,0.00125970132649,0.00156931392848,0.00596386428901,0.00384331879651,0.0338203056964
x,4,0.316878080368,0.256316304207,7795,8066,75.0,8,0.00793819408864,0.000684349797666,0.0228116605431,56,0.0026795938611,0.0034954380244,0.00425445102155,0.00245210342109,0.00158770941198,0.0039875973016,0.000468434765935,0.00263974070549,0.0023497287184,0.00306910276413,0.00521836802363,0.00304539094536,0.00384331879651,0.0338203056964
x,4,0.316878080368,0.256316304207,8612,9067,105.0,9,0.00751648191363,0.00103084440343,0.0343614816666,57,0.00296574831009,0.0150910280645,0.0128604210913,0.00300500914454,0.00447027012706,0.00953630357981,0.000510174781084,0.00219673663378,0.00263561308384,0.000893998891115,0.00383136793971,0.00676628100364,0.00384331879651,0.0338203056964
x,4,0.316878080368,0.256316304207,9136,9453,135.0,10,0.00733262347057,0.00068303453736,0.0227678176016,58,0.00681352987885,0.0125923696905,0.00407817773521,0.00533728301525,0.00500014796853,0.00730099901557,0.000177064910531,0.00228799879551,0.00224404409528,0.00202007777989,0.00269001722336,0.00540088792902,0.00384331879651,0.0338203056964
x,4,0.316878080368,0.256316304207,16386,16602,165.0,11,0.00550560979173,0.00026226308546,0.00874210335314,59,0.000906299799681,0.00932007469237,0.00550987198949,0.000844383612275,0.00370830995962,0.00533716659993,0.00066376850009,0.00401528459042,0.000734006054699,0.00141654815525,0.00460715126246,0.00409601503475,0.00384331879651,0.0338203056964
x,5,0.601675570011,0.316878080368,16283,16351,-165.0,0,0.0055355806835,8.34599341033e-05,0.00278199790046,60,0.00123873213306,0.00141713034827,0.000546898460016,0.0015916491393,0.00241798348725,0.000788856297731,0.000545354560018,0.00503664743155,0.0014955396764,0.00324236741289,0.00164111098275,0.0021203804415,0.00387804300844,0.0298641313035
x,5,0.601675570011,0.316878080368,10480,10021,-135.0,1,0.00698101148009,0.00089676171774,-0.0298920571804,61,0.000705607235432,0.00305093079805,0.00482462160289,0.00521184131503,0.00188875757158,0.00802681595087,0.00144802778959,0.00300191529095,0.00113910622895,0.00181664153934,0.0026575922966,0.00354744426165,0.00387804300844,0.0298641313035
x,5,0.601675570011,0.316878080368,8912,8566,-105.0,2,0.00756140332669,0.00079290982103,-0.0264303274453,62,0.00280532240868,0.0111341327429,0.00225884467363,0.00121315382421,0.00121950730681,0.00751411914825,0.000133095309138,0.0047924593091,0.00476947799325,0.00111901201308,0.00638338178396,0.00486565432105,0.00387804300844,0.0298641313035
x,5,0.601675570011,0.316878080368,8344,8004,-75.0,3,0.00781808141619,0.000833016703837,-0.0277672242373,63,0.00188564322889,0.0055668130517,0.00310244970024,0.00215620733798,0.00442676059902,0.0088223721832,0.00208172388375,0.00109146535397,0.00588998943567,0.00048696808517,0.00438090227544,0.00414222395649,0.00387804300844,0.0298641313035
x,5,0.601675570011,0.316878080368,4461,4311,-45.0,4,0.0106742531061,0.000684907718096,-0.0228302571923,64,0.00146171078086,0.0040151886642,0.00472702458501,0.0026117451489,0.000313911587,0.00972130522132,0.00144453160465,0.0049059651792,0.000321999192238,0.0022205170244,0.00348180532455,0.0039300036239,0.00387804300844,0.0298641313035
x,5,0.601675570011,0.316878080368,2068,1991,-15.0,5,0.0156910195947,0.000759820628446,-0.0253273546696,65,0.00282355584204,0.0343510694802,0.00869706831872,0.00395144894719,0.00312831811607,0.0121237896383,0.00274593569338,0.00853347592056,0.00348879396915,0.00313499942422,0.00766682997346,0.0115366611226,0.00387804300844,0.0298641313035
x,5,0.601675570011,0.316878080368,1981,1991,15.0,6,0.0158669296652,0.000100839388324,0.00336131290533,66,0.00931499619037,0.012057797052,0.009361397475,0.0164250452071,0.00440139090642,0.00906476937234,0.00269674672745,0.00801327638328,0.00160761759616,0.00207149866037,0.0194276608527,0.00977630797195,0.00387804300844,0.0298641313035
x,5,0.601675570011,0.316878080368,4338,4484,45.0,7,0.0106441359967,0.0006628651754,0.0220955070108,67,0.000396817922592,0.00708321109414,0.0037209559232,0.00343303568661,0.00177529454231,0.00889520719647,0.00100768357515,0.0017018429935,0.00195117108524,0.00299656018615,0.00766131840646,0.00441239645484,0.00387804300844,0.0298641313035
x,5,0.601675570011,0.316878080368,8008,8288,75.0,8,0.00783150456846,0.000688202795573,0.0229400936514,68,0.00538077391684,0.00257475860417,0.00182656571269,0.00265225768089,0.00262038782239,0.00473861955106,0.00156202167273,0.000422079116106,0.00921557098627,0.000558165833354,0.00360963493586,0.00383144549603,0.00387804300844,0.0298641313035
x,5,0.601675570011,0.316878080368,8500,8999,105.0,9,0.00755402492359,0.00114215945359,0.0380719825625,69,0.000967342406511,0.00345522910357,0.00284879654646,0.00284726545215,0.0021814852953,0.00782025046647,0.000878620892763,0.00584734231234,0.00070409104228,0.00200866162777,0.00432271510363,0.00357295204334,0.00387804300844,0.0298641313035
x,5,0.601675570011,0.316878080368,10142,10320,135.0,10,0.00699031399563,0.000348426634446,0.0116142211482,70,0.00371215399355,0.00601716339588,0.00523150432855,0.00192766543478,0.00112596340477,0.00512433657423,0.000497855246067,0.00183422397822,0.010120248422,0.000999447889626,0.00777762848884,0.00479687015714,0.00387804300844,0.0298641313035
x,5,0.601675570011,0.316878080368,15902,16141,165.0,11,0.00558614078909,0.00029874741449,0.00995824765414,71,0.00301311258227,0.00528071355075,0.00191945582628,0.00396324880421,0.00194849818945,0.0100497463718,0.000803137198091,0.00063534360379,0.00134572945535,0.00151162035763,0.00117944646627,0.00373816187915,0.00387804300844,0.0298641313035
z,0,0.451184600592,0.283898770809,16485,16472,-165.0,0,0.0055084079504,1.57992017193e-05,-0.000526640040334,0,0.00304082036018,0.00399887049571,0.01016128622,0.000644778541755,0.00248965341598,0.0215104445815,8.94582481124e-05,0.00513238739222,0.0,0.00118703651242,0.0016580184456,0.00723596408522,0.00393609713177,0.0172745728268
z,0,0.451184600592,0.283898770809,8639,8296,-135.0,1,0.00768154487014,0.000811238074675,-0.0270412694663,1,0.00204170867801,0.0130713935941,0.0040190871805,0.00196068361402,0.00204639695585,0.0120666483417,8.92747193575e-05,0.00355548039079,0.0,0.00287386029959,0.00220281817019,0.00555712666476,0.00393609713177,0.0172745728268
z,0,0.451184600592,0.283898770809,13131,12860,-105.0,2,0.00620220927522,0.000417624250986,-0.0139208091423,2,0.00355942547321,0.00452360697091,0.00329474546015,0.00114394165576,0.00580819603056,0.00547417160124,0.000982004217803,0.00323551800102,0.0,0.00200015306473,0.00223665032536,0.00328423382381,0.00393609713177,0.0172745728268
z,0,0.451184600592,0.283898770809,7919,7508,-75.0,3,0.00804608035833,0.00106708682142,-0.0355695597827,3,0.0027517862618,0.00752121955156,0.00884063914418,0.00184290483594,0.00142897665501,0.0140439942479,0.000873789191246,0.00145749375224,0.0,0.000556234270334,0.00269927829504,0.00544252785989,0.00393609713177,0.0172745728268
z,0,0.451184600592,0.283898770809,6174,5956,-45.0,4,0.00907704606652,0.000719838542864,-0.0239946190268,4,0.00114548578858,0.0035192463547,0.00547281466424,0.00203049369156,0.00405639410019,0.00204984284937,0.00355701334774,0.00743969716132,0.0,0.00136188976467,0.0033133495599,0.00352683159538,0.00393609713177,0.0172745728268
z,0,0.451184600592,0.283898770809,2884,2866,-15.0,5,0.0131874941289,0.000125384569401,-0.00417948560789,5,0.00319392187521,0.0116130150855,0.014697028324,0.00280165951699,0.00625667488202,0.0153684318066,0.00126095954329,0.0236291792244,0.0,0.00513525912538,0.00743879424408,0.0103516687325,0.00393609713177,0.0172745728268
z,0,0.451184600592,0.283898770809,2860,2860,15.0,6,0.0132221477106,0.0,0.0,6,0.000963980855886,0.0101120248437,0.0112667800859,0.00375524139963,0.00287233502604,0.00713665084913,0.00134950818028,0.0208340194076,0.0,0.00433478411287,0.0101455664262,0.00847057150407,0.00393609713177,0.0172745728268
z,0,0.451184600592,0.283898770809,6248,6204,45.0,7,0.00896139536053,0.00014153146185,-0.00471771555021,7,0.00997521169484,0.00873262993991,0.00343491649255,0.0059338719584,0.00226214900613,0.00653857877478,0.000730872154236,0.00338960485533,0.0,0.00133505370468,0.00279736565426,0.00493520271834,0.00393609713177,0.0172745728268
z,0,0.451184600592,0.283898770809,7682,7644,75.0,8,0.00807761587203,9.93102730718e-05,-0.00331034255214,8,0.00276672956534,0.0152191836387,0.00425669457763,0.0011016826611,0.000853915698826,0.00401750020683,0.00221543735825,0.00282369018532,0.0,0.00149158411659,0.00269649736583,0.00498212042068,0.00393609713177,0.0172745728268
z,0,0.451184600592,0.283898770809,12747,13084,105.0,9,0.00622104713693,0.000522550311871,0.0174183435738,9,0.000742787495255,0.0031693726778,0.00223358161747,0.000745860859752,0.000744104385376,0.0031447513029,0.00147883407772,0.00787683203816,0.0,0.00108237192035,0.00116826035082,0.00278915755201,0.00393609713177,0.0172745728268
z,0,0.451184600592,0.283898770809,8400,8431,135.0,10,0.00770803587511,7.37719456083e-05,0.00245906482451,10,0.00254962407053,0.00834428053349,0.00378916808404,0.00120617251378,0.0024827492889,0.00954069569707,0.000466587021947,0.012330471538,0.0,0.00120100867935,0.00443976651877,0.00549652425196,0.00393609713177,0.0172745728268
z,0,0.451184600592,0.283898770809,16405,16677,165.0,11,0.00549766095355,0.000329318863805,0.0109772952273,11,0.00231309700757,0.0060539804399,0.00357866473496,0.000983332283795,0.0041678394191,0.00732018332928,0.00110428314656,0.00347111560404,0.0,0.000580054707825,0.00231579877436,0.00348446937888,0.00393609713177,0.0172745728268
z,1,0.514184117317,0.451184600592,16903,16962,-165.0,0,0.00543404556811,6.97815048625e-05,0.0023260503076,12,0.00282048690133,0.00276397191919,0.00430305115879,0.00182013388257,0.00223310827278,0.0030993395485,0.000426920829341,0.0096611622721,0.000117556424811,0.000782298389822,0.00495733413845,0.00377202191401,0.00337345149373,0.0192275065595
z,1,0.514184117317,0.451184600592,8221,8098,-135.0,1,0.00782764703035,0.000301891588606,-0.0100630531088,13,0.00688774418086,0.00521705206484,0.00624888855964,0.00461634527892,0.00490479543805,0.00112863630056,0.00161432381719,0.00245240190998,1.23307108879e-06,0.00323205720633,0.00449200626463,0.00407833068795,0.00337345149373,0.0192275065595
z,1,0.514184117317,0.451184600592,11615,11197,-105.0,2,0.00661893794313,0.000733926135581,-0.0244642049074,14,0.00311440788209,0.00105885975063,0.00927512347698,0.00283911079168,0.0113149657845,0.00232646428049,0.0029698703438,0.00221126712859,8.58120620251e-06,0.00125344097614,0.00350025855005,0.00470711255079,0.00337345149373,0.0192275065595
z,1,0.514184117317,0.451184600592,8303,7954,-75.0,3,0.00783973466605,0.000859853520524,-0.0286617837846,15,0.00367830879986,0.00841132551432,0.00531105697155,0.00301195122302,0.0109855234623,0.00197165645659,0.00192685239017,0.00251406803727,8.0369412899e-05,0.00112877227366,0.00331201218069,0.00472944669761,0.00337345149373,0.0192275065595
z,1,0.514184117317,0.451184600592,4903,4657,-45.0,4,0.0102214990184,0.00103066279553,-0.0343554280698,16,0.00452205166221,0.0107758082449,0.00566704012454,0.00408868864179,0.00257149711251,0.00951065123081,0.00209178030491,0.00193352997303,0.000136077404022,0.001136764884,0.00259774923325,0.00498863652819,0.00337345149373,0.0192275065595
z,1,0.514184117317,0.451184600592,2061,1957,-15.0,5,0.0157665088773,0.00103672314435,-0.0345574393868,17,0.00519530661404,0.00586872547865,0.0098790153861,0.00826728530228,0.00197930261493,0.0248382221907,0.00185767561197,0.007662339136,0.00140072777867,0.00550577417016,0.0080949999392,0.00916605164232,0.00337345149373,0.0192275065595
z,1,0.514184117317,0.451184600592,2018,2024,15.0,6,0.015728995204,5.94558187004e-05,0.00198186072521,18,0.00366742047481,0.0138794230297,0.00543543603271,0.00259044556879,0.0026721986942,0.00708878971636,0.00325887021609,0.00856247264892,0.000659311539494,0.00727852899581,0.01095086243,0.00681299953613,0.00337345149373,0.0192275065595
z,1,0.514184117317,0.451184600592,4817,5072,45.0,7,0.0100500052795,0.00103282614145,0.0344275385141,19,0.00755716487765,0.0145033225417,0.00294965878129,0.00630277022719,0.00800259038806,0.00316169857979,0.00332935713232,0.00775228813291,0.000124603509903,0.00337295606732,0.00421321764588,0.00639170326698,0.00337345149373,0.0192275065595
z,1,0.514184117317,0.451184600592,8003,8079,75.0,8,0.00788535643369,0.000189283586224,0.00630945293233,20,0.00518528232351,0.00555119337514,0.00352649996057,0.0021610041149,0.00275977374986,0.00636690901592,0.000612881500274,0.00413617538288,7.84639269114e-07,0.00203345762566,0.00549615127966,0.00381651152819,0.00337345149373,0.0192275065595
z,1,0.514184117317,0.451184600592,11299,11523,105.0,9,0.00661890022457,0.000393127760617,0.0131042590365,21,0.00163047201931,0.00383412372321,0.00204213429242,0.000873033888638,0.00114521197975,0.0047720791772,0.000119680538774,0.00111636333168,5.10644167662e-05,0.00173166487366,0.00182468723506,0.00212067283656,0.00337345149373,0.0192275065595
z,1,0.514184117317,0.451184600592,8138,8138,135.0,10,0.00783837679774,0.0,0.0,22,0.0034336396493,0.00991709716618,0.00442804861814,0.00289682275616,0.0008618083084,0.00646846275777,0.00199282565154,0.00205454742536,8.20547938929e-05,0.000976198003627,0.00455723749474,0.00418969217658,0.00337345149373,0.0192275065595
z,1,0.514184117317,0.451184600592,16914,16992,165.0,11,0.00543074822053,9.21419632505e-05,0.00307139893994,23,0.00176823546644,0.00552870379761,0.000364357605577,0.00075365928933,0.00140786450356,0.0074585606344,0.00105823716149,0.00505282217637,3.83928418159e-05,0.00368610862643,0.00228306464851,0.00338450295679,0.00337345149373,0.0192275065595
z,2,0.57101136446,0.514184117317,17708,17810,-165.0,0,0.00530606461689,0.000115024689876,0.0038341563195,24,0.00465608388186,0.00213630520739,0.0091673322022,0.000768453814089,0.00532237626612,0.00213461206295,0.000314919743687,0.0045263315551,0.00733513431624,0.00202479865402,0.00120892189443,0.00431769638394,0.00371447092486,0.0267038586922
z,2,0.57101136446,0.514184117317,8581,8384,-135.0,1,0.00767663447186,0.0004651058116,-0.0155035275966,25,0.000840278342366,0.00138097815216,0.006442877464,0.00148193538189,0.00221791118383,0.00644167140126,0.00077554769814,0.00991001538932,0.00164997018874,0.00149208307266,0.00309191457927,0.00414379817555,0.00371447092486,0.0267038586922
z,2,0.57101136446,0.514184117317,10913,10471,-105.0,2,0.00683581177145,0.000827890238725,-0.027596341446,26,0.00704281963408,0.010746685788,0.00178531929851,0.00493775866926,0.00114230252802,0.0049603395164,9.8530203104e-05,0.00218284502625,0.000284098088741,0.00123787857592,0.00727108307183,0.00481168228916,0.00371447092486,0.0267038586922
z,2,0.57101136446,0.514184117317,8514,8183,-75.0,3,0.00773621629924,0.000794015417341,-0.0264671817422,27,0.00343196839094,0.00994721800089,0.00259991176426,0.00335908867419,0.00271208956838,0.00275984033942,0.000229954719543,0.00711410492659,0.00640509650111,0.00212319195271,0.00451012887061,0.00465723948268,0.00371447092486,0.0267038586922
z,2,0.57101136446,0.514184117317,4391,4144,-45.0,4,0.0108161782846,0.00115913187619,-0.0386377312243,28,0.000688768923283,0.0103585701436,0.00890355184674,0.00328978523612,0.00785052590072,0.00667669251561,0.00192267820239,0.0094465278089,0.00408358126879,0.00252362340689,0.00556059554219,0.0061303710687,0.00371447092486,0.0267038586922
z,2,0.57101136446,0.514184117317,1693,1604,-15.0,5,0.0174043681473,0.00108121102676,-0.0360403694212,29,0.00158857181668,0.0120661966503,0.0162511374801,0.00563765689731,0.0138121247292,0.0165065545589,0.0032970905304,0.0167418941855,0.00633567199111,0.00637118145823,0.0207729674876,0.0119396089325,0.00371447092486,0.0267038586922
z,2,0.57101136446,0.514184117317,1630,1619,15.0,6,0.0175436809659,0.000135607086122,-0.00452023651451,30,0.0118202446029,0.00589239830151,0.0231114625931,0.00791594944894,0.0150506077334,0.00668664742261,0.00310439663008,0.020578302443,0.0338753387332,0.0127544170246,0.00694683287293,0.0153678467662,0.00371447092486,0.0267038586922
z,2,0.57101136446,0.514184117317,4298,4288,45.0,7,0.0107920523733,4.66496676381e-05,-0.00155498890672,31,0.00494858855382,0.0161453802139,0.00982843805104,0.00431222189218,0.00941447075456,0.0052156005986,0.00338851613924,0.00403483957052,0.00266296695918,0.00124202272855,0.0031913802959,0.00684818057316,0.00371447092486,0.0267038586922
z,2,0.57101136446,0.514184117317,8100,8340,75.0,8,0.00779770128429,0.000584721216001,0.0194907076657,32,0.0006790664047,0.0121083473787,0.00386106409132,0.00373246893287,0.00119880214334,0.00380231067538,9.41418111324e-05,0.0043961238116,0.00103123299778,0.0012390948832,0.00667403731495,0.00463935501697,0.00371447092486,0.0267038586922
z,2,0.57101136446,0.514184117317,10301,10987,105.0,9,0.00684747193009,0.00129070994444,0.0430236645043,33,0.0037777274847,0.00234357267618,0.00561632588506,0.00210215523839,0.00254948809743,0.00593297556043,0.000225257128477,0.0154311135411,0.011102553457,0.000428453087807,0.00177455693483,0.00620614710732,0.00371447092486,0.0267038586922
z,2,0.57101136446,0.514184117317,8274,8424,135.0,10,0.00773813948035,0.000359804194886,0.0119934733957,34,0.00756414234638,0.00784101709723,0.0077859503217,0.00133214052767,0.0120861828327,0.00305796973407,0.000921959988773,0.00272338557988,0.00464170798659,0.000794640742242,0.00212375633419,0.0055638303717,0.00371447092486,0.0267038586922
z,2,0.57101136446,0.514184117317,17262,17561,165.0,11,0.00535843987018,0.000343909690855,0.0114636570215,35,0.00253456458449,0.00422708597034,0.00335358735174,0.00249304994941,0.00448997644708,0.00622484600171,0.00130768865347,0.00101700983942,0.00123113021255,0.00102081429213,0.0028654159978,0.00308457758774,0.00371447092486,0.0267038586922
z,3,0.629800617695,0.57101136446,18301,17974,-165.0,0,0.00525006698444,0.000361060316209,-0.012035343796,36,0.00133123714477,0.00389032624662,0.0088063031435,0.000425008125603,0.00112946890295,0.00393161084503,0.000139298848808,0.00625510327518,0.00258888211101,0.00073959864676,0.00131622329354,0.00364576447283,0.00426789301408,0.0437761767104
z,3,0.629800617695,0.57101136446,8978,8500,-135.0,1,0.00755900144577,0.00109540717676,-0.0365135744214,37,0.0031276345253,0.00460373982787,0.0167869683355,0.0082603096962,0.00291324779391,0.00245651230216,0.00116949155927,0.000904086977243,0.01470297575,0.000784415751696,0.00602906942368,0.00736467113749,0.00426789301408,0.0437761767104
z,3,0.629800617695,0.57101136446,10391,9645,-105.0,2,0.00705597829074,0.00149130751379,-0.0497102513909,38,0.00118392333388,0.00568106770515,0.00253309682012,0.0018897280097,0.00921798124909,0.00572950392962,0.000498697161674,0.00166601315141,0.00128088518977,0.000559706240892,0.0037271939218,0.00387655840626,0.00426789301408,0.0437761767104
z,3,0.629800617695,0.57101136446,8424,8007,-75.0,3,0.00779683887959,0.00101650960278,-0.0338836535811,39,0.00530616566539,0.00303192436695,0.0044199116528,0.0016128718853,0.00554332137108,0.00553955510259,0.000348497182131,0.00140715762973,0.00260489806533,0.0010523237288,0.00213920325041,0.00335994331944,0.00426789301408,0.0437761767104
z,3,0.629800617695,0.57101136446,3967,3734,-45.0,4,0.0113860173151,0.00121184810996,-0.0403949394822,40,0.00429977104068,0.00984647497535,0.0163491554558,0.00582635402679,0.0154435001314,0.00362072885036,0.00104708224535,0.00644028931856,0.00966155529022,0.00106984376907,0.00601520761847,0.00837426815841,0.00426789301408,0.0437761767104
z,3,0.629800617695,0.57101136446,1560,1496,-15.0,5,0.0180822927505,0.00083881476894,-0.027960492298,41,0.0150424037129,0.0190456043929,0.00636694207788,0.000361246988177,0.00916957296431,0.0199590940028,0.00492658466101,0.00854219682515,0.00263493321836,0.00240329094231,0.0055899694562,0.0102197957852,0.00426789301408,0.0437761767104
z,3,0.629800617695,0.57101136446,1533,1488,15.0,6,0.018190253526,0.000596624682657,-0.019887490198,42,0.00238127075136,0.0101391579956,0.0178260691464,0.00341872870922,0.0046712839976,0.0139775313437,0.000450380146503,0.0118322651833,0.00101980194449,0.00607001595199,0.00970200449228,0.00879081443694,0.00426789301408,0.0437761767104
z,3,0.629800617695,0.57101136446,3752,3893,45.0,7,0.0114335091785,0.000738722039387,0.02462406829,43,0.00621153227985,0.00717023015022,0.00297035090625,0.0116913449019,0.0083023570478,0.00435855984688,0.00406277365983,0.00754994153976,0.018627692014,0.00263768993318,0.00715662539005,0.00817570278462,0.00426789301408,0.0437761767104
z,3,0.629800617695,0.57101136446,7801,8327,75.0,8,0.00786679144949,0.00130630517378,0.0435435064137,44,0.000992868095636,0.00275592505932,0.0158735699952,0.00293339416385,0.00429664552212,0.00370321050286,0.00195321068168,0.00272468850017,0.000522390007973,0.00116603076458,0.00432685390115,0.00526722578472,0.00426789301408,0.0437761767104
z,3,0.629800617695,0.57101136446,9687,10387,105.0,9,0.00705036893487,0.00139670132194,0.0465567111969,45,0.00319040566683,0.0155451465398,0.0111898072064,0.00228978320956,0.00183148682117,0.00397036224604,0.00119581073523,0.000879961997271,0.0121178738773,0.00115017965436,0.00211237743497,0.00680830067803,0.00426789301408,0.0437761767104
z,3,0.629800617695,0.57101136446,8559,8875,135.0,10,0.00757136661559,0.000725988065824,0.0241996031255,46,0.0022194236517,0.01769406721,0.0032363422215,0.00266975350678,0.00816410779953,0.00501877628267,0.00108974613249,0.00226056016982,0.00397256202996,0.00123628228903,0.00510886497796,0.00630579062802,0.00426789301408,0.0437761767104
z,3,0.629800617695,0.57101136446,17948,18063,165.0,11,0.00526960985735,0.000127909283037,0.0042636427097,47,0.00305464211851,0.00444720126688,0.00809297524393,0.0028101769276,0.00162182096392,0.00105929886922,0.000301534309983,0.00203310023062,0.0101674925536,0.001376418164,0.00186381815001,0.00427419453377,0.00426789301408,0.0437761767104
z,4,0.699277639389,0.629800617695,18985,18719,-165.0,0,0.00514976028353,0.000282574939774,-0.00941916462034,48,0.00206792820245,0.00596724497154,0.00822827313095,0.00233940035105,0.00240423250943,0.00277336314321,6.75348564982e-05,0.0020225988701,0.00343636702746,0.00161859858781,0.00158349145204,0.00350671833135,0.00344618303025,0.0366213638502
z,4,0.699277639389,0.629800617695,9490,8985,-135.0,1,0.00735221803188,0.00109482917469,-0.03649430722,49,0.00284615904093,0.00404724478722,0.0174764115363,0.00184246897697,0.0132718831301,0.0100422818214,0.00180504843593,0.00242422148585,0.0241139568388,0.0013766810298,0.00229151919484,0.010033506552,0.00344618303025,0.0366213638502
z,4,0.699277639389,0.629800617695,9542,9300,-105.0,2,0.00728404521942,0.000514431740157,-0.017147725448,50,0.00591443944722,0.00923228915781,0.0105582466349,0.00364623311907,0.00396650005132,0.00573192350566,0.000465176999569,0.0016479222104,0.0220012012869,0.00163229554892,0.00585997290909,0.00825410999309,0.00344618303025,0.0366213638502
z,4,0.699277639389,0.629800617695,8115,7562,-75.0,3,0.00797785911709,0.00141286803409,-0.0470956005156,51,0.0045984312892,0.0039805918932,0.00795000046492,0.00773678719997,0.00566679984331,0.00379132479429,0.00121387466788,0.00189488381147,0.00977535545826,0.0022738724947,0.00637144595385,0.00542313946775,0.00344618303025,0.0366213638502
z,4,0.699277639389,0.629800617695,3431,3295,-45.0,4,0.0121888648719,0.00080988148693,-0.02699605003,52,0.00444569438696,0.00539406388998,0.012873608619,0.00535444170237,0.00592933595181,0.00451939180493,0.00123662315309,0.0118375569582,0.00544111058116,0.00336583890021,0.00279965996742,0.00638534480353,0.00344618303025,0.0366213638502
z,4,0.699277639389,0.629800617695,1369,1379,-15.0,5,0.0190759655088,0.000145754747791,0.00485849147663,53,0.0104485414922,0.0180924814194,0.0107498485595,0.00367258442566,0.0183143727481,0.00612881826237,0.00296067539603,0.000982980709523,0.00672098388895,0.00304743507877,0.00855454988778,0.00946883636263,0.00344618303025,0.0366213638502
z,4,0.699277639389,0.629800617695,1343,1354,15.0,6,0.0192554239184,0.000163362026797,0.00544540118426,54,0.00445977505296,0.0227215513587,0.0174242332578,0.00965281203389,0.01012094412,0.0101261166856,0.0023338473402,0.00544540118426,0.0177424997091,0.00802782550454,0.0137152019888,0.0120428374452,0.00344618303025,0.0366213638502
z,4,0.699277639389,0.629800617695,3105,3321,45.0,7,0.0124621177092,0.00134633295238,0.0448777675629,55,0.00404726713896,0.014671580866,0.00496045872569,0.0108280591667,0.0130830928683,0.00981225445867,0.00115356221795,0.0070544667542,0.0343588143587,0.00283423811197,0.0023128092289,0.0125364224441,0.00344618303025,0.0366213638502
z,4,0.699277639389,0.629800617695,7678,8142,75.0,8,0.00794444419444,0.00117476470768,0.0391588248312,56,0.00571894273162,0.00418119505048,0.00591719150543,0.00207490473986,0.00342894718051,0.00295889005065,0.00078684091568,0.00156114250422,0.00663060694933,0.000732727348804,0.00294425711036,0.00372208011365,0.00344618303025,0.0366213638502
z,4,0.699277639389,0.629800617695,9150,9741,105.0,9,0.00726931262761,0.00125306018163,0.0417686738074,57,0.00108013302088,0.00133479386568,0.00719548761845,0.00218310207129,0.00573968887329,0.00191079825163,0.00108385831118,0.00172639638186,0.00771981850266,0.000903565436602,0.00406488776207,0.00384247154711,0.00344618303025,0.0366213638502
z,4,0.699277639389,0.629800617695,9041,9144,135.0,10,0.00741533795372,0.000226862830459,0.00756209436804,58,0.000846703536808,0.00124167464674,0.00405244110152,0.00178490579128,0.00613588141277,0.00370218977332,0.000179355964065,0.00565602723509,0.0104747926816,0.000881427899003,0.00210751406848,0.00428354122642,0.00344618303025,0.0366213638502
z,4,0.699277639389,0.629800617695,18461,18792,165.0,11,0.00518070440739,0.00035588213359,0.011862738058,59,0.00286065600812,0.00354930944741,0.00704322941601,0.000870392657816,0.0041609397158,0.00293179601431,0.000814960338175,0.0028174854815,0.00276922341436,0.00078931171447,0.00320356059819,0.0032172873942,0.00344618303025,0.0366213638502
z,5,0.894933462143,0.699277639389,20966,20253,-165.0,0,0.00492419721559,0.00069283763878,-0.0230945888907,60,0.0016708523035,0.00887355580926,0.00179418548942,0.00102631188929,0.00121399946511,0.00226060859859,0.000710254535079,0.000485505908728,0.02717079781,0.001873889938,0.0019719414413,0.00836052605697,0.00538612580696,0.0387691745978
z,5,0.894933462143,0.699277639389,10704,10031,-135.0,1,0.00693808821961,0.00130002130754,-0.0433340445161,61,0.00541641190648,0.001500364393,0.0100939124823,0.00268038362265,0.00101488083601,0.00425269454718,0.00277698040009,0.00103767961264,0.0164590068161,0.00119137018919,0.00408573821187,0.00617505367722,0.00538612580696,0.0387691745978
z,5,0.894933462143,0.699277639389,8287,8030,-105.0,2,0.00782679207623,0.000630858819932,-0.0210286285728,62,0.00671654008329,0.00571446865797,0.0076536424458,0.00346715189517,0.00185811705887,0.00179477035999,0.000602012500167,0.00333550386131,0.0364143252373,0.000563947483897,0.00564779900014,0.0112721892476,0.00538612580696,0.0387691745978
z,5,0.894933462143,0.699277639389,7003,6680,-75.0,3,0.00854463502765,0.000945498002693,-0.0315166004002,63,0.00662999972701,0.00365305133164,0.00856084935367,0.00155626423657,0.00575676374137,0.00397905893624,0.00160278752446,0.00392488017678,0.0367798581719,0.00208834372461,0.00768719613552,0.0116052099025,0.00538612580696,0.0387691745978
z,5,0.894933462143,0.699277639389,2364,2265,-45.0,4,0.0146919451654,0.000856618455146,-0.028553949669,64,0.00355962663889,0.0237029846758,0.0270737800747,0.00832495652139,0.0173533335328,0.0141978906468,0.00650621019304,0.00906324200332,0.028553949669,0.00343711860478,0.011004967615,0.0156850232212,0.00538612580696,0.0387691745978
z,5,0.894933462143,0.699277639389,1294,1246,-15.0,5,0.0198355782777,0.000756914669182,-0.0252304896712,65,0.00742897577584,0.0350522063673,0.019597100094,0.0050392895937,0.00768299773335,0.00867461040616,0.000410409644246,0.00441384129226,0.0463175550103,0.00580280832946,0.0111379651353,0.018597173013,0.00538612580696,0.0387691745978
z,5,0.894933462143,0.699277639389,1248,1219,15.0,6,0.0201308410615,0.000470834522275,-0.0156944841146,66,0.0034865103662,0.0381963960826,0.0187780894339,0.00919849053025,0.00985792279243,0.00709564238787,0.0013726465404,0.00919059664011,0.0263449177146,0.00399229396135,0.00904194451869,0.0156364349304,0.00538612580696,0.0387691745978
z,5,0.894933462143,0.699277639389,2239,2390,45.0,7,0.0146839916706,0.00130655954126,0.0435519851744,67,0.0165507048368,0.032729472965,0.0122217014432,0.00452865660191,0.0119690597057,0.00464360043406,0.00454993918538,0.00855789706111,0.0772913098335,0.00413063913584,0.00986670330167,0.0255964589045,0.00538612580696,0.0387691745978
z,5,0.894933462143,0.699277639389,6525,6889,75.0,8,0.00862850621343,0.00108688219916,0.0362294092774,68,0.00393884629011,0.00653237476945,0.00719877704978,0.0020669028163,0.00502337887883,0.00360013544559,0.000742390751839,0.00349654257298,0.0334450602531,0.00109677389264,0.00767496973276,0.0105827426414,0.00538612580696,0.0387691745978
z,5,0.894933462143,0.699277639389,8159,8466,105.0,9,0.00775330979377,0.000739632756449,0.0246544256806,69,0.00785574316978,0.00248710811138,0.0143091036007,0.0016241017729,0.00504535809159,0.00259278714657,0.000234011560678,0.00212121754885,0.0380229279399,0.00108843110502,0.00504454225302,0.0121942411498,0.00538612580696,0.0387691745978
z,5,0.894933462143,0.699277639389,9708,10087,135.0,10,0.00710526527837,0.000766872428358,0.0255624148995,70,0.00520120747387,0.0255624148995,0.00510671176016,0.000982418656349,0.0081349555403,0.00204006396234,0.00109335780144,0.00131525658071,0.00484430603683,0.0013321749866,0.003163671121,0.00824645765364,0.00538612580696,0.0387691745978
z,5,0.894933462143,0.699277639389,19653,20115,165.0,11,0.00501395994797,0.000465315650217,0.0155105218291,71,0.00284516159445,0.012301556766,0.00519179925323,0.000901256687939,0.00579791516066,0.00230059679598,3.82289290428e-05,0.00447922945023,0.0067842900753,0.0009969137609,0.00181220564991,0.00497048227377,0.00538612580696,0.0387691745978
pt,0,0.283997505903,0.000404074962717,13961,13835,-165.0,0,0.00599792320281,0.000181563140359,-0.00605210475624,0,0.00263002724387,0.000636487733573,0.00620783958584,0.00284120370634,0.00283046066761,0.00459450483322,0.000344159081578,0.000362224411219,0.00543042784557,0.00111075956374,0.00503518618643,0.00340806565787,0.00453172154798,0.0244940460296
pt,0,0.283997505903,0.000404074962717,9723,9422,-135.0,1,0.00722564477473,0.000629724410828,-0.0209908150136,1,0.00269271619618,0.00593657419086,0.0107280090451,0.00233391299844,0.00799742061645,0.00496945343912,0.00181208737195,0.00142578594387,0.00295699760318,0.00121717341244,0.00402299687266,0.00485979716289,0.00453172154798,0.0244940460296
pt,0,0.283997505903,0.000404074962717,7286,6933,-105.0,2,0.00838159676641,0.000994363217615,-0.033145442605,2,0.00801646523178,0.00304613262415,0.00682658329606,0.00562051869929,0.000946328043938,0.0117546040565,0.000262688845396,0.000872250646353,0.00351212546229,0.0032204836607,0.00908119603992,0.00575040469896,0.00453172154798,0.0244940460296
pt,0,0.283997505903,0.000404074962717,6874,6605,-75.0,3,0.00861027371138,0.000799344619736,-0.0266448203474,3,0.00382957048714,0.0110347699374,0.00905339978635,0.00363655388355,0.00538093410432,0.0100989323109,0.00123683363199,0.00328917987645,0.00223605521023,0.00429616123438,0.00436963140965,0.00589817980247,0.00453172154798,0.0244940460296
pt,0,0.283997505903,0.000404074962717,4019,3813,-45.0,4,0.011292646639,0.00105349859223,-0.0351166203618,4,0.00150593742728,0.00269547477365,0.00767742469907,0.00312051922083,0.00411585718393,0.0134514942765,0.00108530372381,0.0027966350317,0.00493678078055,0.000856850296259,0.0066426359117,0.00543389486673,0.00453172154798,0.0244940460296
pt,0,0.283997505903,0.000404074962717,3001,2894,-15.0,5,0.0130205862224,0.000727008387912,-0.0242336131632,5,0.0147944763303,0.0193026959896,0.0171208176762,0.00627017579973,0.00753773748875,0.00633359514177,0.000635927543044,0.00202028639615,0.0135428532958,0.00304190441966,0.0078615732491,0.0103271179082,0.00453172154798,0.0244940460296
pt,0,0.283997505903,0.000404074962717,2841,2719,15.0,6,0.0134052885696,0.000878869614098,-0.0292956549674,6,0.00573647581041,0.00878136791289,0.00722476840019,0.0045522917062,0.0018217638135,0.0161633901298,0.00194060429931,0.00452329777181,0.00103289447725,0.00221937708557,0.0119730401784,0.00719424876656,0.00453172154798,0.0244940460296
pt,0,0.283997505903,0.000404074962717,3825,3857,45.0,7,0.0114092249423,0.000166845726199,0.00556152453646,7,0.00225064181723,0.0157727170736,0.00676686316729,0.00375780463219,0.0100140227005,0.0163010042161,0.00129380496219,0.00563061097637,0.00376728503034,0.000669235829264,0.00957767292857,0.00826392137254,0.00453172154798,0.0244940460296
pt,0,0.283997505903,0.000404074962717,6703,6765,75.0,8,0.00861668586731,0.000184386022738,0.00614620093256,8,0.00766350794584,0.00155341485515,0.00887835677713,0.00559482024983,0.0022197086364,0.0191119611263,0.000358969438821,0.00339914672077,0.00191645510495,0.00179334031418,0.00741537287831,0.00715904748684,0.00453172154798,0.0244940460296
pt,0,0.283997505903,0.000404074962717,6846,7237,105.0,9,0.00842080917209,0.00111204152927,0.0370680503547,9,0.00125483423471,0.0132719427347,0.00578043609858,0.00178417935967,0.00858562998474,0.0059926211834,0.00184573605657,0.00199874863029,0.00847903266549,0.00132974609733,0.00522263348103,0.00600194565017,0.00453172154798,0.0244940460296
pt,0,0.283997505903,0.000404074962717,9303,9271,135.0,10,0.00733746634796,6.90055385348e-05,-0.00230018468574,10,0.00898670405149,0.0120620522648,0.0108725111932,0.00207928800955,0.0112015474588,0.00163076305762,0.000173687469214,0.00383206503466,0.00475041428581,0.00163963716477,0.00939915515482,0.00710185891012,0.00453172154798,0.0244940460296
pt,0,0.283997505903,0.000404074962717,13449,13495,165.0,11,0.00609211158007,6.83809630573e-05,0.00227936543524,11,0.00469280499965,0.00170858064666,0.00721066258848,0.00423442525789,0.00450145173818,0.011789762415,0.00123743293807,0.00245843920857,0.00136237591505,0.000810162746347,0.00267218751833,0.00475530778827,0.00453172154798,0.0244940460296
pt,1,0.381299346685,0.283997505903,17087,16885,-165.0,0,0.00542532512918,0.000238160457229,-0.00793868210167,12,0.00139840971678,0.00584930274636,0.00701709697023,0.00401856657118,0.00161104463041,0.00331137748435,0.000733996275812,0.00570732075721,0.00284262001514,0.00111746182665,0.00332438200712,0.00374846736623,0.00448753372151,0.0364960482698
pt,1,0.381299346685,0.283997505903,8740,8100,-135.0,1,0.00769607257098,0.00152221962344,-0.0507406555116,13,0.00370810553432,0.00212413072586,0.00684434175491,0.00121477618814,0.00179690867662,0.0107931382954,0.00129279494286,0.0016569532454,0.00188253447413,0.0011635646224,0.00586652383208,0.00437829991422,0.00448753372151,0.0364960482698
pt,1,0.381299346685,0.283997505903,7365,7113,-105.0,2,0.00830861087888,0.000697158218827,-0.0232386086136,14,0.000969374552369,0.00673514604568,0.00587351433933,0.00236749276519,0.00222677178681,0.00667831487954,0.000397017225623,0.00614101625979,0.00206111371517,0.00187825411558,0.00636599771678,0.00430247150647,0.00448753372151,0.0364960482698
pt,1,0.381299346685,0.283997505903,9196,8698,-75.0,3,0.00747044151649,0.00111470848788,-0.0371569506824,15,0.000511568039656,0.0157966986299,0.00537111610174,0.00603599846363,0.00489024445415,0.00743431225419,0.0016557648778,0.00104870647192,0.008171742782,0.00103640556335,0.00264798849821,0.00627805534432,0.00448753372151,0.0364960482698
pt,1,0.381299346685,0.283997505903,3465,3277,-45.0,4,0.0121703883633,0.00111688510515,-0.0372295044363,16,0.00334152951837,0.00991383194923,0.0094934348017,0.00284977257252,0.00795070081949,0.0149823073298,0.000840317457914,0.0113076455891,0.00257892534137,0.00411923229694,0.0158825386316,0.00865940006654,0.00448753372151,0.0364960482698
pt,1,0.381299346685,0.283997505903,239,241,-15.0,5,0.0456428416073,0.000166889192769,0.00556297320873,17,0.0148994307965,0.0118894902989,0.00237654475495,0.0154388109222,0.0340938642621,0.129070311785,0.00520407035947,0.0263775400817,0.0,0.0218448452652,0.0310422368348,0.0414252032094,0.00448753372151,0.0364960482698
pt,1,0.381299346685,0.283997505903,230,236,15.0,6,0.0463172607124,0.000515709049068,0.0171903017908,18,0.0226638298482,0.0534328296781,0.00486617721617,0.00613045692444,0.0283989403397,0.0316351130605,0.00063930824399,0.085792966187,0.00290817953646,0.0254845600575,0.00930004566908,0.0333448043998,0.00448753372151,0.0364960482698
pt,1,0.381299346685,0.283997505903,3247,3347,45.0,7,0.0123122232035,0.000607421912719,0.0202473979443,19,0.00727274082601,0.00255271978676,0.0152344563976,0.0107314223424,0.00501043722034,0.0108939828351,0.00182223692536,0.0101752597839,0.00336409918964,0.00244458019733,0.00772185437381,0.00782209050038,0.00448753372151,0.0364960482698
pt,1,0.381299346685,0.283997505903,8570,9005,75.0,8,0.00753902317956,0.00099136447534,0.0330454818904,20,0.00761652365327,0.00768917426467,0.00750352069736,0.00178498774767,0.00353862717748,0.00434861145914,0.00242361426353,0.00696566328406,0.00267314165831,0.00208704173565,0.00376417301595,0.00490000799815,0.00448753372151,0.0364960482698
pt,1,0.381299346685,0.283997505903,7093,7507,105.0,9,0.00827012583613,0.00113576091826,0.0378586985171,21,0.0047319829464,0.00177454948425,0.00439885258675,0.00227826088667,0.00339988991618,0.0100945737213,0.000638768076897,0.00921934098005,0.00198790058494,0.00160000473261,0.00656958669424,0.00498845534925,0.00448753372151,0.0364960482698
pt,1,0.381299346685,0.283997505903,8092,8348,135.0,10,0.00779749685898,0.000623702595476,0.0207900870591,22,0.00520377233624,0.0197844784707,0.00433300435543,0.00209757126868,0.0132525330409,0.00251921638846,0.00101124309003,0.00337659940124,0.0011990275234,0.000625217333436,0.00712982192636,0.00757596314333,0.00448753372151,0.0364960482698
pt,1,0.381299346685,0.283997505903,16820,16670,165.0,11,0.00546430144459,0.000179397160537,-0.00597990537062,23,0.00225302251056,0.00843968614936,0.00229772971943,0.00240135611966,0.0026068133302,0.00159520609304,0.00201604794711,0.000473640859127,0.00285681663081,0.00103071890771,0.00178401358426,0.00307389432986,0.00448753372151,0.0364960482698
pt,2,0.462551742792,0.381299346685,16984,16869,-165.0,0,0.00543496757746,0.000136063012178,-0.00453543383628,24,0.00132503313944,0.00378064042889,0.00391338858753,0.00235349382274,0.000431916676462,0.00671191141009,0.00018475856632,0.00251537188888,0.00232572574168,0.000795327592641,0.00198830291629,0.00286494518905,0.00426082211648,0.0298241112174
pt,2,0.462551742792,0.381299346685,7408,7041,-135.0,1,0.00831440649927,0.00101734360214,-0.0339114554226,25,0.00291813910007,0.000896535813808,0.00370422564447,0.00252379477024,0.0073129851371,0.0077516566962,0.00348203070462,0.00242355465889,0.0017614364624,0.00171160325408,0.00488724932075,0.00398845916507,0.00426082211648,0.0298241112174
pt,2,0.462551742792,0.381299346685,9084,8657,-105.0,2,0.00750389276072,0.000964027014561,-0.0321342349052,26,0.0032493788749,0.0090184956789,0.0126588605344,0.00326250866055,0.00239456444979,0.0129320472479,0.002471588552,0.0143033377826,0.00339528359473,0.00116126984358,0.00495715811849,0.0075492734846,0.00426082211648,0.0298241112174
pt,2,0.462551742792,0.381299346685,8937,8707,-75.0,3,0.00752723868936,0.000522119866218,-0.0174039956182,27,0.000517185777426,0.00672308728099,0.00240071397275,0.000791050493717,0.00149304792285,0.00340314209461,0.00179449282587,0.00748170726001,0.00498896837234,0.00182201527059,0.00493046455085,0.00384471839211,0.00426082211648,0.0298241112174
pt,2,0.462551742792,0.381299346685,3305,3184,-45.0,4,0.0124101340771,0.000746873440221,-0.0248957816511,28,0.00753193348646,0.00407117791474,0.00347685068846,0.00514755211771,0.00461867079139,0.00597520545125,0.00119633227587,0.00887967087328,0.00337678380311,0.00481059774756,0.00467532686889,0.00504652076386,0.00426082211648,0.0298241112174
pt,2,0.462551742792,0.381299346685,750,716,-15.0,5,0.0261050611734,0.000928932975512,-0.0309644341469,29,0.0159993544221,0.0442332401872,0.0177414231002,0.00896237418056,0.0141117423773,0.0160148441792,0.000282246619463,0.0309644341469,0.000725077465177,0.0109100230038,0.0158070586622,0.019130148368,0.00426082211648,0.0298241112174
pt,2,0.462551742792,0.381299346685,787,765,15.0,6,0.025379108265,0.000567767303437,-0.0189255774021,30,0.00439075566828,0.0203177705407,0.0290019065142,0.00674968212843,0.0146564729512,0.0288761518896,0.00676561892033,0.0104932812974,7.34496861696e-05,0.00547355320305,0.0149162281305,0.0152089482039,0.00426082211648,0.0298241112174
pt,2,0.462551742792,0.381299346685,3167,3439,45.0,7,0.0122849531472,0.00164918648079,0.0549728833139,31,0.0164509601891,0.0106193199754,0.0180743075907,0.010833285749,0.00784560292959,0.00749343633652,0.00137849152088,0.00340420380235,0.00264225900173,0.00273501500487,0.0102470591664,0.00947849627672,0.00426082211648,0.0298241112174
pt,2,0.462551742792,0.381299346685,8469,8868,75.0,8,0.00759115582332,0.00092180352658,0.0307267848402,32,0.00498191080987,0.00511207990348,0.0115492995828,0.00156484358013,0.00161008350551,0.00232011638582,0.00116177462041,0.00682043097913,0.00618909113109,0.00170939788222,0.00500396080315,0.00507360550922,0.00426082211648,0.0298241112174
pt,2,0.462551742792,0.381299346685,8724,9170,105.0,9,0.00747146364301,0.0009983133059,0.0332771092653,33,0.00174140930176,0.00587187893689,0.00660403445363,0.00235411897302,0.00166947767138,0.00404196605086,0.000713430345058,0.00733658671379,0.00656468421221,0.0017652399838,0.0036808103323,0.00428062752639,0.00426082211648,0.0298241112174
pt,2,0.462551742792,0.381299346685,7387,7366,135.0,10,0.00823301728815,5.70135853195e-05,-0.00190045288764,34,0.00576282572001,0.00920813437551,0.00287999305874,0.00751781277359,0.00562937930226,0.00824917852879,0.00357121322304,0.000457086949609,0.00671486835927,0.00217769667506,0.00500622205436,0.00555583174927,0.00426082211648,0.0298241112174
pt,2,0.462551742792,0.381299346685,16824,17257,165.0,11,0.00541603378952,0.000508879544213,0.0169626511633,35,0.00179551355541,0.00650956295431,0.0057828091085,0.00357236526906,0.003069344908,0.00372732523829,0.00184088107198,0.00196319818497,0.00143758393824,0.000706344842911,0.0016310038045,0.00326066863596,0.00426082211648,0.0298241112174
pt,3,0.5466837883,0.462551742792,17251,17134,-165.0,0,0.00539275910705,0.000136287562782,-0.00454291887581,36,0.00262162880972,0.00493910815567,0.00709420535713,0.00217542052269,0.00566458608955,0.0041296351701,0.000154823064804,0.00186833553016,0.00393326487392,0.000993316527456,0.00184793467633,0.00363840754988,0.00414802313376,0.0366852797292
pt,3,0.5466837883,0.462551742792,7358,6939,-135.0,1,0.00835689343512,0.00117383897305,-0.0391279682517,37,0.00682601705194,0.0113466456532,0.00728239864111,0.00224744528532,0.00182376801968,0.0120488386601,0.000126805156469,0.00832582823932,0.00142735987902,0.00160354375839,0.00445552542806,0.00629630692395,0.00414802313376,0.0366852797292
pt,3,0.5466837883,0.462551742792,10738,10166,-105.0,2,0.00691186543554,0.0010959886713,-0.0365329571068,38,0.00194244459271,0.00643197819591,0.00698827579618,0.00138937681913,0.00319622084498,0.0069937761873,0.000868514180183,0.00258694216609,0.00439317896962,0.00163178145885,0.00569933839142,0.00425176738786,0.00414802313376,0.0366852797292
pt,3,0.5466837883,0.462551742792,8046,7371,-75.0,3,0.00804001372308,0.00175365165342,-0.0584550574422,39,0.00322844460607,0.00899679586291,0.00874466449022,0.00267037376761,0.00689572840929,0.00646773725748,0.0003373734653,0.00216760486364,0.00626596808434,0.0024683624506,0.00166998058558,0.00514218075563,0.00414802313376,0.0366852797292
pt,3,0.5466837883,0.462551742792,3537,3391,-45.0,4,0.0120094772428,0.000844081572723,-0.0281360521913,40,0.00630139932036,0.00733185559511,0.00682651624084,0.00606593117118,0.00695808045566,0.0178666971624,0.00178017280996,0.0151204578578,0.00161061808467,0.000659750774503,0.00826988741755,0.0084049191777,0.00414802313376,0.0366852797292
pt,3,0.5466837883,0.462551742792,1359,1283,-15.0,5,0.0194407515228,0.00115217966959,-0.0384059883654,41,0.00702980905771,0.00702980905771,0.0152352582663,0.00748347491026,0.0211595334113,0.0168319698423,0.00658260285854,0.0156973134726,0.00586826354265,0.00581020861864,0.0087368004024,0.0113734193701,0.00414802313376,0.0366852797292
pt,3,0.5466837883,0.462551742792,1316,1353,15.0,6,0.0193531345576,0.000555255101062,0.0185085032135,42,0.00640777684748,0.00674881227314,0.0122960284352,0.0142292939126,0.00417527742684,0.00292627699673,0.00186750106514,0.0295817181468,0.00203873962164,0.00446854904294,0.0147895244882,0.0115024898157,0.00414802313376,0.0366852797292
pt,3,0.5466837883,0.462551742792,3506,3508,45.0,7,0.011940350756,1.14209869935e-05,0.000380699581001,43,0.00619837455451,0.015147282742,0.0311908777803,0.00319667393342,0.00822416972369,0.00750843249261,0.000548398180399,0.00302053033374,0.00431635556743,0.00233215792105,0.00568493455648,0.0109574017586,0.00414802313376,0.0366852797292
pt,3,0.5466837883,0.462551742792,7513,7574,75.0,8,0.00814127177,0.000161944553838,0.00539815193042,44,0.00363953923807,0.00280737550929,0.0139919258654,0.00408014887944,0.00647104904056,0.0117213521153,0.0015573753044,0.00266355695203,0.0125012183562,0.00118754431605,0.00208109989762,0.00697827241433,0.00414802313376,0.0366852797292
pt,3,0.5466837883,0.462551742792,10278,10819,105.0,9,0.00688073690981,0.00102710770443,0.0342369228601,45,0.00429280474782,0.00669795274734,0.0128972213715,0.00136506929994,0.003761831671,0.00622754916549,0.000121369957924,0.0056444182992,0.000768769532442,0.00059324875474,0.0048333927989,0.00532764056805,0.00414802313376,0.0366852797292
pt,3,0.5466837883,0.462551742792,6912,7141,135.0,10,0.00843359343708,0.000652688380796,0.0217562802136,46,0.00240355916321,0.0061399359256,0.00971408095211,0.00131837464869,0.00172636844218,0.00654696300626,0.00391061231494,0.00145996175706,0.00283000618219,0.000988081097603,0.00267673283815,0.00427195288897,0.00414802313376,0.0366852797292
pt,3,0.5466837883,0.462551742792,16764,17435,165.0,11,0.005405603908,0.000785866111983,0.0261955372989,47,0.00277965143323,0.00665050558746,0.00397558137774,0.000673564150929,0.000994982197881,0.00329690240324,0.000580927357078,0.00736984238029,0.000903492793441,0.000351147726178,0.00439994968474,0.00359427081307,0.00414802313376,0.0366852797292
pt,4,0.654011130333,0.5466837883,16946,16745,-165.0,0,0.00544790178537,0.000238957989495,-0.00796526670456,48,0.00278871878982,0.00350663159043,0.00438943412155,0.000928964465857,0.00250101834536,0.00277554057539,0.00030024163425,0.00255953986198,0.0121742468327,0.00206951098517,0.00193957705051,0.00425304550564,0.00405691794469,0.0274676332526
pt,4,0.654011130333,0.5466837883,7604,7360,-135.0,1,0.00817284360528,0.000653102819342,-0.02177009359,49,0.00492357090116,0.00827098824084,0.00734243355691,0.002406520769,0.00399867072701,0.0068635372445,0.00149010680616,0.00420746393502,0.0105886850506,0.00221936963499,0.00469691306353,0.00558630018289,0.00405691794469,0.0274676332526
pt,4,0.654011130333,0.5466837883,12388,11979,-105.0,2,0.00640456844121,0.000672296155244,-0.0224098730832,50,0.000144422054291,0.00428035482764,0.0112793873996,0.000387329608202,0.0017821919173,0.00573135539889,0.000231551006436,0.00762803480029,0.00289091095328,0.00165910087526,0.00190762430429,0.00460734093031,0.00405691794469,0.0274676332526
pt,4,0.654011130333,0.5466837883,6687,6353,-75.0,3,0.00875199586153,0.00102590769529,-0.0341969244182,51,0.00236384943128,0.00299163907766,0.00160660222173,0.00581712275743,0.00529768317938,0.0146926306188,0.000966638326645,0.00128043070436,0.00306279957294,0.000426109880209,0.00568744540215,0.00531804989672,0.00405691794469,0.0274676332526
pt,4,0.654011130333,0.5466837883,4272,4101,-45.0,4,0.0109244091436,0.000818002154119,-0.0272667389363,52,0.00152784027159,0.00656806118786,0.00962615758181,0.00495779700577,0.00740179419518,0.00545345805585,0.00176425464451,0.0108670610934,0.00572046078742,0.00223138183355,0.00409244559705,0.00593646643923,0.00405691794469,0.0274676332526
pt,4,0.654011130333,0.5466837883,1947,1978,-15.0,5,0.0159608498216,0.000316345365718,0.0105448458344,53,0.00221278518438,0.0163473933935,0.00562886148691,0.00506858108565,0.00410539191216,0.013071546331,0.00192671548575,0.0165613349527,0.00548440311104,0.00535490037873,0.00815359782428,0.00875810430469,0.00405691794469,0.0274676332526
pt,4,0.654011130333,0.5466837883,1893,1917,15.0,6,0.0162002667785,0.000252304889727,0.00841016322374,54,0.00550300255418,0.00515254959464,0.011578945443,0.00341241201386,0.00680738594383,0.0105581283569,0.00400608452037,0.021668991074,0.00911101140082,0.00297845713794,0.00841016322374,0.00916773956154,0.00405691794469,0.0274676332526
pt,4,0.654011130333,0.5466837883,4344,4477,45.0,7,0.010645181872,0.000603911408689,0.0201303809881,55,0.00306623615324,0.0119051225483,0.003124486655,0.00244945660233,0.0023281276226,0.00683359801769,0.00281814858317,0.00658022798598,0.00728180538863,0.00130939856172,0.00446922518313,0.00536166012436,0.00405691794469,0.0274676332526
pt,4,0.654011130333,0.5466837883,6482,6807,75.0,8,0.00867006182671,0.000979558681138,0.0326519571245,56,0.00474221259356,0.0286371260881,0.0113409385085,0.00106792524457,0.00284443795681,0.00340643152595,0.000486474484205,0.0137514509261,0.00113458931446,0.00209743529558,0.00852599553764,0.0102459085823,0.00405691794469,0.0274676332526
pt,4,0.654011130333,0.5466837883,11914,12305,105.0,9,0.00642422866076,0.000646636181045,0.0215545389801,57,0.00162369571626,0.00319988280535,0.00179598852992,0.00193524733186,0.00156641751528,0.00602941028774,0.00150675885379,0.00521393120289,0.00238029658794,0.001555159688,0.00552179850638,0.00324915168558,0.00405691794469,0.0274676332526
pt,4,0.654011130333,0.5466837883,7240,7428,135.0,10,0.0082556437701,0.000513365142979,0.0171121712774,58,0.00563067570329,0.00240161269903,0.0194007139653,0.0019889306277,0.00467533804476,0.0108744446188,0.00326079875231,0.0145152900368,0.0107756741345,0.00201245211065,0.00364345312119,0.00872111638491,0.00405691794469,0.0274676332526
pt,4,0.654011130333,0.5466837883,16601,16901,165.0,11,0.00546303018928,0.000358665769454,0.0119555257261,59,0.00276559311897,0.00145069602877,0.00331002101302,0.000521384179592,0.00295594148338,0.00514404149726,0.000319125130773,0.00182309933007,0.00778252910823,0.0025812163949,0.00190114881843,0.00329709713308,0.00405691794469,0.0274676332526
pt,5,1.17797291279,0.654011130333,16767,16692,-165.0,0,0.00546690588817,8.97816789802e-05,-0.00299272267148,60,0.00131333468016,0.00456223078072,0.000685688806698,0.00184684828855,0.0034348918125,0.00209924345836,0.000602644402534,0.00357368495315,0.00634670397267,0.000914002768695,0.00265045184642,0.00294251128671,0.00368784949265,0.0229040528467
pt,5,1.17797291279,0.654011130333,8482,8537,-135.0,1,0.00766529608518,0.000129439868033,0.00431466242298,61,0.00615264894441,0.00184609834105,0.0103422719985,0.00135680381209,0.00111766951159,0.00745970429853,0.00181940593757,0.0129887554795,0.00214817048982,0.00230358587578,0.00184196070768,0.00571762639135,0.00368784949265,0.0229040528467
pt,5,1.17797291279,0.654011130333,13486,13169,-105.0,2,0.00612429203466,0.0004763432662,-0.0158781092614,62,0.00401144847274,0.0020229332149,0.0021058395505,0.00088956579566,0.00448128767312,0.00392259098589,0.000381564721465,0.0036358172074,0.00207891687751,0.00203907303512,0.00870538130403,0.00363440344357,0.00368784949265,0.0229040528467
pt,5,1.17797291279,0.654011130333,5576,5345,-75.0,3,0.00956523325294,0.000847205985337,-0.0282402001321,63,0.00832162797451,0.0092407129705,0.00689983740449,0.00382372736931,0.0039447452873,0.00310780480504,0.00559508427978,0.00574823468924,0.00209872052073,0.00132917612791,0.00559175759554,0.00535315048819,0.00368784949265,0.0229040528467
pt,5,1.17797291279,0.654011130333,5677,5396,-45.0,4,0.00949768908322,0.00101643695962,-0.0338812321424,64,0.000957198441029,0.00126372650266,0.00262086093426,0.00300738215446,0.00312869809568,0.0068398732692,0.00381376594305,0.0127577316016,0.00209281593561,0.00103091821074,0.00265587866306,0.00469751707251,0.00368784949265,0.0229040528467
pt,5,1.17797291279,0.654011130333,2941,2858,-15.0,5,0.0131293777376,0.000573276833165,-0.0191092286259,65,0.00598295778036,0.0121877677739,0.0349318683147,0.00937098264694,0.00383442360908,0.0101149315014,0.00415058806539,0.00917863287032,0.00252956151962,0.00862012151629,0.0159401986748,0.0130565202211,0.00368784949265,0.0229040528467
pt,5,1.17797291279,0.654011130333,3000,3020,15.0,6,0.0128883551806,0.000133067776915,0.00443559279665,66,0.00343145104125,0.00735991075635,0.00613291468471,0.000670732930303,0.00313333794475,0.00849287956953,0.00156877236441,0.0118310190737,0.0127486884594,0.00888546183705,0.0158248841763,0.00826787954265,0.00368784949265,0.0229040528467
pt,5,1.17797291279,0.654011130333,5519,5626,45.0,7,0.00947162043303,0.000384541403037,0.0128180468455,67,0.00972353573889,0.00860088411719,0.00873402040452,0.00764443073422,0.0066335638985,0.00561739271507,0.00333254691213,0.00140957999974,0.00851434562355,0.00170216988772,0.00253071822226,0.00628285260711,0.00368784949265,0.0229040528467
pt,5,1.17797291279,0.654011130333,5287,5469,75.0,8,0.0096397055313,0.000677735137288,0.0225911717862,68,0.00228143110871,0.00819940119982,0.0132733676583,0.00153498537838,0.00462633743882,0.00923311058432,0.00256326235831,0.0189943294972,0.0157972257584,0.00148606300354,0.00380354188383,0.00908849744157,0.00368784949265,0.0229040528467
pt,5,1.17797291279,0.654011130333,12893,13495,105.0,9,0.00615311739966,0.000913754338399,0.0304584782571,69,0.00239769555628,0.00309105403721,0.00750962086022,0.00237611867487,0.00799862854183,0.00464261882007,0.000948268920183,0.00214217975736,0.00219374895096,0.00132132507861,0.00312493368983,0.0039230904651,0.00368784949265,0.0229040528467
pt,5,1.17797291279,0.654011130333,8442,8661,135.0,10,0.00764540303499,0.000512874685228,0.0170958228409,70,0.00314183905721,0.00305696204305,0.00472017377615,0.00214694440365,0.00161822326481,0.006602069363,0.00465509295464,0.00170859135687,0.00300317816436,0.000665692612529,0.00221837125719,0.00330761896195,0.00368784949265,0.0229040528467
pt,5,1.17797291279,0.654011130333,16502,16550,165.0,11,0.00550047634169,5.81678359595e-05,0.00193892791867,71,0.00230848393403,0.00320669682696,0.00174080114812,0.000934025389142,0.0036607910879,0.004121189937,0.000553175108507,0.00255364691839,0.00251022167504,0.00181354559027,0.00357991922647,0.00256796758129,0.00368784949265,0.0229040528467
q2,0,1.22083187103,1.00000059605,16575,16448,-165.0,0,0.00550282886252,0.00015403755242,-0.0051345853135,0,0.00331775285304,0.00130626792088,0.018999055028,0.000421750824898,0.0133981807157,0.002593413461,0.000870055984706,0.00144560681656,0.00592961115763,0.00030355527997,0.0029840618372,0.00711276236354,0.00482667870794,0.0171976030009
q2,0,1.22083187103,1.00000059605,5845,5533,-135.0,1,0.00936862360686,0.00109831790905,-0.0366105996072,1,0.0045934394002,0.0155109465122,0.0476094074547,0.00176091119647,0.0100910682231,0.00505364313722,0.00590545497835,0.00931626930833,0.00892646610737,0.00138078629971,0.00764521583915,0.0156005330198,0.00482667870794,0.0171976030009
q2,0,1.22083187103,1.00000059605,11392,11055,-105.0,2,0.00667319120839,0.000601327454206,-0.0200442485511,2,0.0018829703331,0.01568871364,0.00618602987379,0.00115902721882,0.0165532045066,0.0114275757223,0.000237422063947,0.00220476649702,0.00171444378793,0.0030298307538,0.00209046714008,0.00772062334638,0.00482667870794,0.0171976030009
q2,0,1.22083187103,1.00000059605,6302,6261,-75.0,3,0.00892173219472,0.000130716347485,-0.00435721175745,3,0.00815014727414,0.0141355078667,0.0137838777155,0.000968061154708,0.0110904928297,0.00462989090011,0.000645125983283,0.0087946113199,0.0120936604217,0.00174815766513,0.00145491072908,0.00832063524276,0.00482667870794,0.0171976030009
q2,0,1.22083187103,1.00000059605,4387,4206,-45.0,4,0.0107834013179,0.000843671092298,-0.0281223710626,4,0.00211366824806,0.0318741947412,0.0208686385304,0.00194562599063,0.0262543335557,0.00584333203733,0.00115190446377,0.00540675409138,0.000774743035436,0.002705052495,0.00280811823905,0.0136305872817,0.00482667870794,0.0171976030009
q2,0,1.22083187103,1.00000059605,2145,2137,-15.0,5,0.0152818290517,7.48312086216e-05,-0.00249437359162,5,0.00485610123724,0.0262619145215,0.00276319612749,0.000920238904655,0.00713751278818,0.0091193811968,0.000120838638395,0.034197576344,0.0130402371287,0.00597849022597,0.012801525183,0.0141274472063,0.00482667870794,0.0171976030009
q2,0,1.22083187103,1.00000059605,2226,2100,15.0,6,0.0151924612001,0.00116660399362,-0.0388868004084,6,0.00600223243237,0.00328377261758,0.0244770422578,0.00429202616215,0.0144520886242,0.00908515974879,0.003991458565,0.0182051807642,0.0193739384413,0.0137066561729,0.014049153775,0.0131139906855,0.00482667870794,0.0171976030009
q2,0,1.22083187103,1.00000059605,4451,4501,45.0,7,0.0105688534677,0.000223712035222,0.00745706818998,7,0.00409989524633,0.0336015671492,0.0145020354539,0.00130470842123,0.0133723281324,0.00610953569412,8.43070447445e-05,0.0049501741305,0.00408921437338,0.00156803429127,0.00658332183957,0.0117652851011,0.00482667870794,0.0171976030009
q2,0,1.22083187103,1.00000059605,6128,6166,75.0,8,0.00901881884784,0.000123802601593,0.00412675365806,8,0.00636863242835,0.0138810072094,0.0150437727571,0.00128124514595,0.0166512690485,0.00584157835692,0.000649621477351,0.00296186190099,0.00186000741087,0.00201876275241,0.00412675365806,0.00819729166161,0.00482667870794,0.0171976030009
q2,0,1.22083187103,1.00000059605,11015,11453,105.0,9,0.00666915252805,0.000780816713814,0.0260272249579,9,0.00162262283266,0.00781164318323,0.00771144032478,0.00117331929505,0.00712745636702,0.00745453312993,0.00148953869939,0.00170110911131,0.00468305870891,0.00203932262957,0.00415633432567,0.00482481304482,0.00482667870794,0.0171976030009
q2,0,1.22083187103,1.00000059605,5571,5448,135.0,10,0.00952534377575,0.000447097612778,-0.0149032538757,10,0.00359635706991,0.017783138901,0.0308033302426,0.0021355682984,0.0274520665407,0.00238558743149,0.002440655604,0.0165713112801,0.010677956976,0.00331849604845,0.00282639544457,0.0143046363516,0.00482667870794,0.0171976030009
q2,0,1.22083187103,1.00000059605,16357,16450,165.0,11,0.00552094774321,0.000113541813334,0.00378472730517,11,0.00119604030624,0.00871937721968,0.00446497183293,0.000844481866807,0.00423332117498,0.00177138578147,5.26984222233e-05,0.00782318320125,0.000573334982619,0.0013023596257,0.00268728239462,0.00397510275708,0.00482667870794,0.0171976030009
q2,1,1.41230857372,1.22083187103,16463,16296,-165.0,0,0.00552490260452,0.000204185664188,-0.00680618919432,12,0.00843224208802,0.00373543659225,0.00834489427507,0.00121712405235,0.0022163791582,0.00322933495045,0.000389865599573,0.00187399983406,0.00535995699465,0.00266078440472,0.000953265000135,0.00420215502985,0.00403015138746,0.0347218427741
q2,1,1.41230857372,1.22083187103,6929,6822,-135.0,1,0.00852725841105,0.000311665644404,-0.0103888548911,13,0.00372385792434,0.017148129642,0.00436893524602,0.00367662869394,0.00762921571732,0.0100187920034,0.00119343306869,0.00786455627531,0.00254101585597,0.000459252856672,0.006302671507,0.00712260871132,0.00403015138746,0.0347218427741
q2,1,1.41230857372,1.22083187103,10317,9852,-105.0,2,0.00703804427758,0.000923438521568,-0.0307812839746,14,0.00153134390712,0.00227417051792,0.00377795659006,0.00186628103256,0.00812635757029,0.00730207003653,0.000756829977036,0.00343516841531,0.00371571630239,0.000619785860181,0.00296590477228,0.0038728885398,0.00403015138746,0.0347218427741
q2,1,1.41230857372,1.22083187103,7302,6934,-75.0,3,0.00837620347738,0.0010353786638,-0.0345126241446,15,0.00384386070073,0.00316781550646,0.00801339745522,0.00118770450354,0.00538478046656,0.0114926360548,0.00113934651017,0.0012535713613,0.00383471697569,0.00186648964882,0.00547870993614,0.00502150954377,0.00403015138746,0.0347218427741
q2,1,1.41230857372,1.22083187103,4080,3780,-45.0,4,0.0112648159266,0.0015287558781,-0.0509585291147,16,0.00754084810615,0.0313653200865,0.00547898560762,0.00843517109752,0.00467120110989,0.00614406913519,0.00148537009954,0.00443352013826,0.00590141117573,0.00130973756313,0.00884655490518,0.0105595723539,0.00403015138746,0.0347218427741
q2,1,1.41230857372,1.22083187103,1577,1488,-15.0,5,0.0180492084473,0.00116305146366,-0.0387683846056,17,0.00926311314106,0.0201843883842,0.00287085399032,0.00420233979821,0.00915184803307,0.0135342814028,0.00513100251555,0.00313663482666,0.00586086139083,0.0137909706682,0.00682866200805,0.00954544487927,0.00403015138746,0.0347218427741
q2,1,1.41230857372,1.22083187103,1475,1522,15.0,6,0.0182625502348,0.000628131441772,0.0209377147257,18,0.000789109617472,0.0108277834952,0.0121916532516,0.00368336588144,0.0114214085042,0.0190044492483,0.00248388014734,0.00494815409184,0.002964572981,0.00561359990388,0.0124529637396,0.00911827943533,0.00403015138746,0.0347218427741
q2,1,1.41230857372,1.22083187103,3849,3948,45.0,7,0.0113233216107,0.000508565688506,0.0169521905482,19,0.00857369415462,0.0134051302448,0.00686881598085,0.00344487838447,0.0176569838077,0.0108961090446,0.000162519514561,0.00460318475962,0.00549567490816,0.00103326514363,0.00841196998954,0.00849507150783,0.00403015138746,0.0347218427741
q2,1,1.41230857372,1.22083187103,6952,7090,75.0,8,0.00843816716224,0.000393631198676,0.013121040538,20,0.00356399081647,0.0212126374245,0.00581424729899,0.00132231414318,0.00589068233967,0.0156787205487,0.000275414437056,0.0123835243285,0.011530357413,0.00166022963822,0.00637373328209,0.00961124310483,0.00403015138746,0.0347218427741
q2,1,1.41230857372,1.22083187103,9620,10261,105.0,9,0.00708562461659,0.00129139539786,0.043046515435,21,0.00639022514224,0.00807913765311,0.00385373830795,0.00103741884232,0.00375904142857,0.00406207516789,0.000545285642147,0.00140601024032,0.00765154138207,0.00157410651445,0.00438689813018,0.00442727154305,0.00403015138746,0.0347218427741
q2,1,1.41230857372,1.22083187103,6604,6946,135.0,10,0.00858585629612,0.00101094204001,0.0336980670691,22,0.010705595836,0.0108137186617,0.00407258793712,0.00229446217418,0.0153547208756,0.0129893273115,0.000700786709785,0.0039090141654,0.0105091147125,0.000867322087288,0.00224281102419,0.00811317002645,0.00403015138746,0.0347218427741
q2,1,1.41230857372,1.22083187103,16154,16401,165.0,11,0.00554202962667,0.000303891574731,0.0101297190413,23,0.00888152979314,0.0178404357284,0.00138167478144,0.00171279255301,0.00460606440902,0.00451877433807,0.00242595560849,0.00624987762421,0.00182321947068,0.0011858548969,0.00356399919838,0.00649371013064,0.00403015138746,0.0347218427741
q2,2,1.63823652267,1.41230857372,16653,16366,-165.0,0,0.00550286425278,0.000348142784787,-0.0116047598422,24,0.00265227816999,0.00295044574887,0.00389322824776,0.0013959556818,0.00140149053186,0.00240308325738,0.000329466536641,0.00303954165429,0.00599803775549,0.00072799064219,0.0040812715888,0.00293108597132,0.00388097654933,0.0374880803747
q2,2,1.63823652267,1.41230857372,8115,7639,-135.0,1,0.00796069391072,0.00121019547805,-0.0403398498893,25,0.00720416009426,0.00805502384901,0.0175031144172,0.0045670978725,0.00981424935162,0.00815507024527,0.00222173705697,0.00231909379363,0.0111673101783,0.00356747955084,0.0110921319574,0.00855185564702,0.00388097654933,0.0374880803747
q2,2,1.63823652267,1.41230857372,9785,9460,-105.0,2,0.00720660341904,0.000676401949022,-0.0225467327982,26,0.00625521689653,0.00265414640307,0.000627666711807,0.0055365730077,0.000914663076401,0.0059853810817,0.00240580923855,0.00254336372018,0.00219231471419,0.000828631222248,0.00611079856753,0.00375247232619,0.00388097654933,0.0374880803747
q2,2,1.63823652267,1.41230857372,7657,7201,-75.0,3,0.00819700025022,0.00122926046606,-0.0409753508866,27,0.00426365435123,0.00786469504237,0.00441154465079,0.00350264459848,8.70935618877e-05,0.00410640239716,0.00421901792288,0.00101283937693,0.00375563278794,0.00125508382916,0.00324668735266,0.00380437791148,0.00388097654933,0.0374880803747
q2,2,1.63823652267,1.41230857372,3973,3738,-45.0,4,0.011378495954,0.00122066529002,-0.040688842535,28,0.00879886746407,0.0102396290749,0.00949838757515,0.00171260163188,0.0115619562566,0.00992937386036,0.00470514595509,0.00500212982297,0.00711573287845,0.00124829635024,0.00486284121871,0.00724966990615,0.00388097654933,0.0374880803747
q2,2,1.63823652267,1.41230857372,1466,1501,-15.0,5,0.0183563921601,0.000472487037769,0.0157495681196,29,0.0062806783244,0.0397823899984,0.0253798943013,0.00106723606586,0.0102802626789,0.0118476292118,0.000830272212625,0.00533375144005,0.00140888802707,0.00866047013551,0.0153486132622,0.0154248730798,0.00388097654933,0.0374880803747
q2,2,1.63823652267,1.41230857372,1499,1498,15.0,6,0.0182665530592,1.33644989546e-05,-0.000445483310614,30,0.00315875676461,0.0131261907518,0.00902655255049,0.0124562196434,0.0031964040827,0.00892623979598,0.00347295147367,0.00295669888146,0.0110919643193,0.00750997755677,0.0118390033022,0.0084123041702,0.00388097654933,0.0374880803747
q2,2,1.63823652267,1.41230857372,3792,3931,45.0,7,0.0113757895306,0.000720888667274,0.0240296218544,31,0.00350617989898,0.00213294290006,0.00970393698663,0.00269007310271,0.00289113633335,0.0123846996576,0.00483147241175,0.00918215699494,0.00290767103434,0.00275016576052,0.00748116150498,0.00618887413635,0.00388097654933,0.0374880803747
q2,2,1.63823652267,1.41230857372,7041,7463,75.0,8,0.00829713512212,0.00116537068971,0.0388456918299,32,0.000582627952099,0.00215798616409,0.00233306735754,0.00263836607337,0.00169212371111,0.00440749526024,0.000996150076389,0.00170394778252,0.0073255226016,0.00172274932265,0.00361755490303,0.00307277614275,0.00388097654933,0.0374880803747
q2,2,1.63823652267,1.41230857372,9264,9800,105.0,9,0.00723747024313,0.00112613430247,0.0375378094614,33,0.00275433808565,0.00294418260455,0.00274732336402,0.00280060991645,0.00130455568433,0.00201215595007,0.00333440676332,0.000806543976068,0.00285257771611,0.00113507732749,0.00227292627096,0.00230501272264,0.00388097654933,0.0374880803747
q2,2,1.63823652267,1.41230857372,7725,7841,135.0,10,0.00801475066692,0.000298483530059,0.00994945131242,34,0.00536787323654,0.0087379142642,0.00364214926958,0.00312790554017,0.00599798606709,0.00697813043371,0.00275805592537,0.00919271446764,0.00613960344344,0.000824069604278,0.00352291204035,0.00544504359122,0.00388097654933,0.0374880803747
q2,2,1.63823652267,1.41230857372,16151,16570,165.0,11,0.00552742974833,0.000512893137056,0.0170964375138,35,0.00446831807494,0.00292951241136,0.00310178752989,0.00105991214514,0.00431136973202,0.00618014205247,0.000784335657954,0.00171634554863,0.00874835532159,0.000911977142096,0.00413226895034,0.00402157274441,0.00388097654933,0.0374880803747
q2,3,1.94224596024,1.63823652267,16663,16450,-165.0,0,0.00549521530047,0.000257644278463,-0.00858814269304,36,0.000985238235444,0.00574206933379,0.00181076023728,0.00189578905702,0.00011573638767,0.00286119896919,0.000183747150004,0.00522458832711,0.00246139615774,0.000401261262596,0.00323689123616,0.00278450789454,0.00377498333167,0.0329125737047
q2,3,1.94224596024,1.63823652267,8679,8399,-135.0,1,0.00765028176829,0.000656690041069,-0.021889667958,37,0.00273692980409,0.00388082116842,0.0102497376502,0.00137255899608,0.000172829255462,0.00574200414121,0.000998858362436,0.00163620151579,0.00147405639291,0.00152507610619,0.00886397995055,0.00455738222255,0.00377498333167,0.0329125737047
q2,3,1.94224596024,1.63823652267,9738,9242,-105.0,2,0.00725416420028,0.00104670645669,-0.0348902158439,38,0.00164321064949,0.00206724181771,0.00297791883349,0.00120352208614,0.000448945909739,0.00653601065278,0.000437453389168,0.00566084310412,0.00717704370618,0.00145570933819,0.00302667170763,0.00359672746426,0.00377498333167,0.0329125737047
q2,3,1.94224596024,1.63823652267,7780,7306,-75.0,3,0.0081344936043,0.00125847221352,-0.0419490747154,39,0.00376411154866,0.0105015300214,0.00687821954489,0.00263590738177,0.00130821019411,0.010366037488,0.000819370150566,0.00221861153841,0.00136315077543,0.00190530717373,0.0035988651216,0.00509827207425,0.00377498333167,0.0329125737047
q2,3,1.94224596024,1.63823652267,3914,3789,-45.0,4,0.0113911638036,0.000649964378681,-0.0216654799879,40,0.00223387405276,0.01034572348,0.00970920175314,0.00205106288195,1.52513384819e-05,0.0127482824028,0.00273253209889,0.00675780978054,0.00275603309274,0.00108311884105,0.0169794410467,0.0077632874794,0.00377498333167,0.0329125737047
q2,3,1.94224596024,1.63823652267,1578,1563,-15.0,5,0.0178425610065,0.000191276994883,-0.00637590000406,41,0.00242715841159,0.0120140928775,0.018403949216,0.0139295831323,0.000369605608284,0.0155870057642,0.00149476574734,0.0231588613242,0.00621475884691,0.0026830281131,0.007625289727,0.0114331156766,0.00377498333167,0.0329125737047
q2,3,1.94224596024,1.63823652267,1621,1620,15.0,6,0.0175654981285,1.23583467939e-05,-0.000411944900407,42,0.00366819836199,0.00338908983395,0.00288734701462,0.0128978835419,0.000412199267885,0.0185135193169,0.00480490922928,0.0386332757771,0.012156104669,0.00682048965245,0.00759644759819,0.0138749390792,0.00377498333167,0.0329125737047
q2,3,1.94224596024,1.63823652267,3720,3904,45.0,7,0.0114467702806,0.000966661318671,0.0322220437229,43,0.00334692187607,0.00173643231392,0.00309229642153,0.00483777374029,0.001116104424,0.00615603104234,0.00412160716951,0.00529019162059,0.0104620866477,0.00111567974091,0.00442652404308,0.00466899104805,0.00377498333167,0.0329125737047
q2,3,1.94224596024,1.63823652267,7222,7586,75.0,8,0.00821330212057,0.000984565005638,0.0328188352287,44,0.000913038849831,0.00151751562953,0.00618990883231,0.00350261852145,0.000221807509661,0.00630751997232,0.00112920254469,0.00466367416084,0.00419175252318,0.000474162399769,0.00888526812196,0.00421626189217,0.00377498333167,0.0329125737047
q2,3,1.94224596024,1.63823652267,9367,9768,105.0,9,0.00722629530355,0.0008393736789,0.0279791224748,45,0.00155857019126,0.00942983105779,0.000478534027934,0.00174171105027,0.000680483877659,0.00199237838387,0.000634249299765,0.00589970685542,0.00418502278626,0.000760916620493,0.00642645917833,0.00401712622717,0.00377498333167,0.0329125737047
q2,3,1.94224596024,1.63823652267,8568,8682,135.0,10,0.00761357368901,0.000264700734988,0.00882335845381,46,0.00326183391735,0.0159272477031,0.00297785270959,0.00283169653267,0.000758236274123,0.00799890700728,9.61432233453e-05,0.00423336820677,0.00536269601434,0.000978797674179,0.00406555272639,0.00584477152223,0.00377498333167,0.0329125737047
q2,3,1.94224596024,1.63823652267,16198,16490,165.0,11,0.00553063442931,0.000357794720912,0.0119264908135,47,0.00370074622333,0.0117411529645,0.00820440612733,0.00392618775368,0.000542005524039,0.0028944471851,0.000511142425239,0.00348912738264,0.000574188306928,0.000524281524122,0.00296987593174,0.00469759710801,0.00377498333167,0.0329125737047
q2,4,2.41227698326,1.94224596024,16447,16310,-165.0,0,0.00552511308342,0.000167515841895,-0.00558386137709,48,0.000874612014741,0.00117435725406,0.00207318761386,0.00302195362747,0.000534139107913,0.00622666999698,0.000397757161409,0.00346883013844,0.00281131872907,0.000509163364768,0.00258637918159,0.00260886639608,0.00398328244771,0.0308618621999
q2,4,2.41227698326,1.94224596024,9566,9098,-135.0,1,0.00731567060575,0.00100433954503,-0.0334779843688,49,0.00251903757453,0.00223915092647,0.0024998113513,0.00127320736647,0.000447802245617,0.00731425173581,0.000623159110546,0.00262597575784,0.00180145353079,0.00204807147384,0.00355669111013,0.00289111030381,0.00398328244771,0.0308618621999
q2,4,2.41227698326,1.94224596024,9598,9206,-105.0,2,0.00728964852169,0.000834978360217,-0.0278326123953,50,0.00571545772254,0.00914210267365,0.00122562982142,0.0018601231277,0.00111466832459,0.00756257772446,0.00099897198379,0.0042268037796,0.00213960185647,0.00188555009663,0.00463817641139,0.00436034672747,0.00398328244771,0.0308618621999
q2,4,2.41227698326,1.94224596024,7898,7381,-75.0,3,0.00808181520551,0.00135529867839,-0.0451766252518,51,0.0014311671257,0.00131421163678,0.00266690924764,0.0031701028347,0.00231287255883,0.00378656759858,0.00101212412119,0.0024142190814,0.00675978139043,0.00202660262585,0.00468939915299,0.00315264304741,0.00398328244771,0.0308618621999
q2,4,2.41227698326,1.94224596024,3819,3728,-45.0,4,0.0115095023066,0.000482954754261,-0.0160984918475,52,0.00709112174809,0.00985780544579,0.00900921784341,0.00760410539806,0.00018323212862,0.00886654108763,0.00169371813536,0.00336908362806,0.00593164376915,0.00152735598385,0.00443739444017,0.00603134157905,0.00398328244771,0.0308618621999
q2,4,2.41227698326,1.94224596024,1736,1660,-15.0,5,0.0171522945166,0.000896365905646,-0.0298788640648,53,0.00618813000619,0.0142267402261,0.00744908861816,0.00448477454484,0.000872174277902,0.0122759491205,0.00363536737859,0.00410870648921,0.00200858153403,0.00218589045107,0.00711420364678,0.00681466925425,0.00398328244771,0.0308618621999
q2,4,2.41227698326,1.94224596024,1620,1604,15.0,6,0.01761136204,0.000198776193429,-0.00662587303668,54,0.00180287379771,0.0147635005414,0.00950948707759,0.0052100578323,0.00364285521209,0.00832665432245,0.00113879051059,0.011392637156,0.00952619127929,0.00411468790844,0.00924733933061,0.00788284636795,0.00398328244771,0.0308618621999
q2,4,2.41227698326,1.94224596024,3792,3842,45.0,7,0.011444776319,0.000262335612206,0.00874452106655,55,0.00182465557009,0.00348043534905,0.00172096863389,0.0058357771486,0.000238356180489,0.0113892611116,0.00298818945885,0.00318803079426,0.00302577205002,0.00127585232258,0.00709470547736,0.00467656984799,0.00398328244771,0.0308618621999
q2,4,2.41227698326,1.94224596024,7615,7887,75.0,8,0.00802947115153,0.000702781951986,0.0234260652214,56,0.00129500962794,0.00389196164906,0.00261834822595,0.00208996236324,0.000716093927622,0.0053146649152,0.000693764537573,0.00476413778961,0.0106698246673,0.00282922573388,0.00335179269314,0.0042137579057,0.00398328244771,0.0308618621999
q2,4,2.41227698326,1.94224596024,9335,9796,105.0,9,0.00722613884136,0.000965167535469,0.0321722514927,57,0.00103802606463,0.00177435390651,0.010027885437,0.0032467097044,0.00129111297429,0.0057149361819,0.00113270618021,0.0023078173399,0.00264398939908,0.00048454105854,0.00210183486342,0.00374060069098,0.00398328244771,0.0308618621999
q2,4,2.41227698326,1.94224596024,9044,9214,135.0,10,0.00740013830364,0.000372936716303,0.0124312238768,58,0.0012468714267,0.00508274557069,0.00102791655809,0.00227015372366,0.000423454679549,0.00577009003609,0.0012998925522,0.000924580730498,0.0061653200537,0.00189915299416,0.000663015991449,0.0030506087917,0.00398328244771,0.0308618621999
q2,4,2.41227698326,1.94224596024,16189,16252,165.0,11,0.0055520250462,7.7783188317e-05,0.0025927729439,59,0.00106842222158,0.00147896795534,0.0012156101875,0.00242298678495,0.000993103254586,0.00215517426841,0.000595381483436,0.00133619015105,0.003850675188,0.000685062026605,0.00273840571754,0.0018539200368,0.00398328244771,0.0308618621999
q2,5,4.73682165146,2.41227698326,16195,16287,-165.0,0,0.00554849905893,0.000113444773888,0.00378149258904,60,0.00088982633315,0.000717730494216,0.000303125008941,0.00293891341425,0.00430141482502,0.00258447183296,0.000340056139976,0.0065986122936,0.00401795748621,0.00205692020245,0.00157924368978,0.00291181393975,0.00369087181638,0.0253805722157
q2,5,4.73682165146,2.41227698326,10181,9908,-135.0,1,0.00705422554165,0.000544306763913,-0.0181435588747,61,0.000937877222896,0.00083046592772,0.00209250859916,0.00550914742053,0.00154221616685,0.00352680310607,0.00138953700662,0.00709756929427,0.00414350256324,0.0016155578196,0.00577920954674,0.0036124733247,0.00369087181638,0.0253805722157
q2,5,4.73682165146,2.41227698326,9517,9202,-105.0,2,0.00730716716498,0.000674011535011,-0.0224670507014,62,0.00316928513348,0.00705633778125,0.00270896963775,0.00241268612444,0.00268617831171,0.00443604588509,0.00023172236979,0.00622221454978,0.00564857199788,0.000704750418663,0.000840691849589,0.00378339959235,0.00369087181638,0.0253805722157
q2,5,4.73682165146,2.41227698326,8377,7996,-75.0,3,0.0078113512136,0.000932043418288,-0.0310681145638,63,0.00300499610603,0.000226086005569,0.00171468965709,0.00510581769049,0.00516920723021,0.00767120346427,0.00159843452275,0.00684287957847,0.00318262539804,0.00104857422411,0.00261373259127,0.0039906027281,0.00369087181638,0.0253805722157
q2,5,4.73682165146,2.41227698326,4102,3921,-45.0,4,0.0111592374742,0.000903610372916,-0.0301203466952,64,0.00453067198396,0.00185426697135,0.00619493424892,0.00372138619423,0.0016324929893,0.0103335604072,0.00100263021886,0.00337571278214,0.00255880691111,0.00181693211198,0.00259040296078,0.00422885278948,0.00369087181638,0.0253805722157
q2,5,4.73682165146,2.41227698326,1735,1621,-15.0,5,0.01724415645,0.00136057450436,-0.0453524850309,65,0.00220432505012,0.0157032310963,0.005086440593,0.00754993036389,0.0107267722487,0.0195055156946,0.00169474631548,0.0179897360504,0.00332598760724,0.00616440922022,0.0121315680444,0.0106167810314,0.00369087181638,0.0253805722157
q2,5,4.73682165146,2.41227698326,1626,1666,15.0,6,0.0174266118556,0.000486675649881,0.0162225216627,66,0.0121340490878,0.00424655806273,0.00211135298014,0.0171228013933,0.00937578640878,0.00863720290363,0.00615986343473,0.013317996636,0.00506189651787,0.00253691896796,0.00896384008229,0.00891228235614,0.00369087181638,0.0253805722157
q2,5,4.73682165146,2.41227698326,4004,4128,45.0,7,0.0110869295895,0.000610750401393,0.0203583464026,67,0.00205992162228,0.000833932310343,0.00264512374997,0.00648050010204,0.00325580686331,0.00734429620206,0.00293036736548,0.00557565130293,0.00175739638507,0.00385572016239,0.00724592246115,0.00436467447368,0.00369087181638,0.0253805722157
q2,5,4.73682165146,2.41227698326,8065,8296,75.0,8,0.00781659968197,0.000565511640161,0.0188503880054,68,0.00258323922753,0.0020442456007,0.000264951959252,0.00116437859833,0.00353626068681,0.00608734600246,0.00229537114501,0.00076206959784,0.0103926556185,0.00130135193467,0.00392196886241,0.00400802413112,0.00369087181638,0.0253805722157
q2,5,4.73682165146,2.41227698326,9147,9455,105.0,9,0.00733016990125,0.000663178623654,0.0221059545875,69,0.000807808712125,0.00189131125808,0.000770948827267,0.00207218714058,0.000831512734294,0.00414060428739,0.0012715626508,0.00871878862381,0.000784320756793,0.0020676124841,0.00570240803063,0.00343990959844,0.00369087181638,0.0253805722157
q2,5,4.73682165146,2.41227698326,9864,10084,135.0,10,0.00707951048389,0.000441735959612,0.0147245321423,70,0.000505932606757,0.00521291885525,0.00100287050009,0.00166226085275,0.00169080682099,0.00492369942367,0.000529720447958,0.00378633104265,0.0120814908296,0.00118114706129,0.00420206040144,0.00445283376138,0.00369087181638,0.0253805722157
q2,5,4.73682165146,2.41227698326,15910,16145,165.0,11,0.00558510469273,0.000293637480354,0.00978791620582,71,0.00191776175052,0.00356971099973,0.00317995995283,0.00272685475647,0.00332924444228,0.0080856885761,0.000531571917236,0.00237121619284,0.000797427259386,0.00205835606903,0.00209274329245,0.00323507195424,0.00369087181638,0.0253805722157
