axis,axis_bin,axis_max,axis_min,counts_neg,counts_pos,phi,phi_bin,stat,sys_0,value,global_index,sys_1,sys_10,sys_11,sys_2,sys_3,sys_4,sys_5,sys_6,sys_7,sys_8,sys_9,sys_total
x,0,0.158946722746,0.106729149818,38532,38335,-165.0,0,0.00360684515908,0.000102651603811,-0.00342172011733,0,-0.000437236391008,-0.000122104771435,-0.000729712191969,-0.000335433520377,-0.000369696877897,-0.000217726686969,-0.000514890765771,0.000742684584111,0.000487364828587,0.000888360897079,0.00171336019412,0.0024112583986
x,0,0.158946722746,0.106729149818,14922,14332,-135.0,1,0.00584453390911,0.000807804288343,-0.0269268099219,1,0.00306911021471,-0.00158508308232,0.00277504511178,0.00027777440846,0.00396395474672,-0.00193601287901,-0.00343862362206,0.000513976439834,-0.00759221799672,-0.00115764513612,-0.00779371149838,0.0130760545452
x,0,0.158946722746,0.106729149818,30165,29318,-105.0,2,0.00409944495186,0.000570334901568,-0.0190111640841,2,-0.000643294304609,0.000352259725332,-0.000181328505278,0.000268183648586,0.000493267551064,-0.00036851502955,0.000405970960855,0.00141078606248,-0.001917777583,-0.000891901552677,-0.00129395164549,0.00305362620668
x,0,0.158946722746,0.106729149818,14194,13862,-75.0,3,0.00596943031996,0.000473970954772,-0.0157990325242,3,0.00155985914171,0.000750330276787,0.0014066696167,-0.000442733988166,0.0086632873863,-0.00032158382237,-0.00162682402879,-0.00391305796802,0.000562062487006,-0.00040241330862,0.000201471149921,0.0099400137711
x,0,0.158946722746,0.106729149818,13924,13129,-45.0,4,0.00607516057789,0.0011770396959,-0.0392346568406,4,-0.000116690993309,0.00108587741852,0.000340040773153,-0.000422921031713,-0.000903286039829,-0.00256508216262,-0.000929865986109,-0.00280264392495,-0.000396437942982,0.000337585806847,-0.00413311645389,0.00591236426621
x,0,0.158946722746,0.106729149818,5955,5985,-15.0,5,0.00915156491101,0.000100636687421,0.00335455639288,5,0.000459569273517,0.000139333307743,-0.000182414194569,0.0025999257341,0.00140677718446,-1.84997916222e-05,-0.0012166579254,-0.00732126180083,-0.0039625656791,0.00493501406163,-0.00299618532881,0.0106356672887
x,0,0.158946722746,0.106729149818,6200,6187,15.0,6,0.00898496713489,4.20355390816e-05,-0.00140118470881,6,0.00390743371099,9.71720437519e-05,0.00257738586515,-0.00012143002823,-0.00208360259421,-0.00269427057356,0.00209011370316,0.000833218335174,-0.00556355994195,-0.00326266512275,0.00528618181124,0.0103990560444
x,0,0.158946722746,0.106729149818,13575,14044,45.0,7,0.00601567514241,0.000680149358232,0.0226716455072,7,-0.00254356116056,0.00087608769536,0.00109205022454,-0.000406207516789,0.00145484134555,0.000370474532247,0.00162372179329,0.00239511393011,0.00318949483335,0.00110502168536,0.000956343486905,0.00561517695795
x,0,0.158946722746,0.106729149818,13820,13961,75.0,8,0.00599951436743,0.000203287490876,0.00677624996752,8,-0.0020808391273,-0.00174362910911,-0.000496726017445,-0.000440386123955,-0.000550695229322,-0.000748495105654,0.00145817827433,0.00167245231569,0.00218283105642,0.0020248638466,-0.00107920914888,0.00486078376503
x,0,0.158946722746,0.106729149818,28842,30317,105.0,9,0.00410911999643,0.000998643692583,0.0332881249487,9,-0.00160737335682,-6.41793012619e-05,1.99228525162e-05,-0.000200860202312,-0.00195813551545,0.0030997954309,0.000585198402405,0.000785779207945,-0.00305859744549,0.000416066497564,0.00179824978113,0.00545832156576
x,0,0.158946722746,0.106729149818,14783,14835,135.0,10,0.00581059930846,7.03213227098e-05,0.00234404415824,10,0.000688724918291,-0.000878155697137,0.000376699259505,0.00028701662086,0.000167822814547,0.00254720007069,-0.000513044884428,0.000432542292401,0.000439779716544,0.000427302671596,0.00113065377809,0.00317661024329
x,0,0.158946722746,0.106729149818,38240,38287,165.0,11,0.00361486873589,2.45992905548e-05,0.000819976383355,11,0.000718726019841,-0.00025527656544,0.000167048536241,0.00023233378306,0.00126246490981,0.00133207021281,-0.000553754216526,-0.000843922200147,-0.00112382438965,0.000980169861577,-0.00181154767051,0.003249017345
x,1,0.195917218924,0.158946722746,39509,38822,-165.0,0,0.00357275619172,0.000351287337253,-0.0117095783353,12,-0.000307165086269,-0.000211746431887,0.000806809403002,-0.000175482593477,0.00391801726073,-0.00263003353029,-0.00054947193712,-0.000713833607733,0.00256170611829,-0.00049723405391,-0.000709906220436,0.00558693858323
x,1,0.195917218924,0.158946722746,17539,17131,-135.0,1,0.00536994030699,0.000471352395834,-0.0157117471099,13,-0.00235313270241,-0.000948626548052,0.00109358411282,0.00135065056384,0.00109551474452,-0.000735692679882,8.37948173285e-05,-0.00018809363246,0.000962033867836,-0.00228665396571,-0.00181451253593,0.00454839063029
x,1,0.195917218924,0.158946722746,27010,26045,-105.0,2,0.00434018997476,0.000728518236428,-0.0242839418352,14,-0.000693647190928,-0.00010490976274,-0.000559845939279,0.000775590538979,-0.000104412436485,5.56595623493e-05,-0.00193750299513,-0.00082591176033,-0.000833610072732,-0.000462613999844,-0.00261265784502,0.00368674207951
x,1,0.195917218924,0.158946722746,18232,17445,-75.0,3,0.00529197044671,0.00088353920728,-0.0294513069093,15,0.00354629382491,0.000828502699733,0.000925753265619,0.000242009758949,-0.00320513732731,-0.00143739953637,-0.000591699033976,-0.00171502120793,-0.0014688167721,0.0017637591809,0.000932540744543,0.00599554284876
x,1,0.195917218924,0.158946722746,11474,10917,-45.0,4,0.00667918706313,0.000996371149085,-0.0332123711705,16,-0.00082628056407,-0.00168670341372,-0.000679925084114,-0.000487547367811,0.0010306276381,-0.00267367437482,-0.00164111331105,0.00340267457068,-0.0012774951756,-0.00148827582598,-0.00185699760914,0.00583140485948
x,1,0.195917218924,0.158946722746,4357,4344,-15.0,5,0.010720487684,5.98430306127e-05,-0.00199476769194,17,-0.00437432900071,0.000112573849037,0.00167354417499,-0.00311369355768,0.00105273257941,-0.00210715667345,0.00292085669935,0.00214976654388,-0.000838539330289,0.000543368398212,-0.000146249702084,0.00716688958588
x,1,0.195917218924,0.158946722746,4371,4485,15.0,6,0.0106247086078,0.000515592575539,0.0171864200383,18,-0.00320028141141,-0.000872258096933,0.000858383253217,0.000400179997087,-0.00266393460333,0.00404123868793,0.000482849776745,0.00243262201548,0.00366092100739,0.00342636927962,-0.000854240730405,0.00820674289279
x,1,0.195917218924,0.158946722746,11280,11717,45.0,7,0.00659211212769,0.000761113944463,0.0253704655915,19,-0.0048157311976,-0.00162472948432,-0.0018758084625,0.000362599268556,-0.00690578110516,0.000404924154282,0.000263432040811,0.000908933579922,0.000397304072976,-0.00313994660974,0.000836065039039,0.00943115058761
x,1,0.195917218924,0.158946722746,16927,17699,75.0,8,0.00537163298577,0.000893006043043,0.0297668687999,20,-0.00139845535159,0.00103662721813,0.000460658222437,0.00104891695082,0.000372514128685,0.000742947682738,0.00016463547945,0.00244448147714,0.000735685229301,0.000811003148556,0.00108334235847,0.00366177937964
x,1,0.195917218924,0.158946722746,26115,27222,105.0,9,0.00432831561193,0.000831301324069,0.0277100447565,21,-0.00103253312409,0.00147492811084,-0.000940188765526,-0.000247810035944,0.000529944896698,0.000675439834595,0.000165229663253,-0.000728655606508,0.000574804842472,-0.000584494322538,0.00142744556069,0.00286213866893
x,1,0.195917218924,0.158946722746,17238,17564,135.0,10,0.00535998959094,0.000375191360945,0.0125063788146,22,0.00192146748304,-0.000250029377639,-0.000803136266768,-0.000373745337129,-0.00258247554302,0.000738194212317,-0.00098485685885,0.00334511976689,0.00286790914834,0.000633816234767,-0.00135176535696,0.00586234089879
x,1,0.195917218924,0.158946722746,38565,39718,165.0,11,0.00357340532355,0.000589931092691,0.0196643695235,23,0.000420529395342,-0.000838281586766,-0.00116338208318,0.000970143824816,-0.00234127789736,-0.000389251857996,-0.000812934711576,0.00175481103361,0.00166785903275,-9.33352857828e-05,-0.00140071846545,0.00415932676789
x,2,0.234135806561,0.195917218924,39655,38883,-165.0,0,0.0035679822322,0.000393710390199,-0.0131236799061,24,-4.61172312498e-05,3.41823324561e-05,0.000151579268277,-0.000756222754717,-0.000622448511422,0.000851325690746,8.29864293337e-05,-2.45729461312e-05,-0.00216663908213,-0.000591236166656,-0.000244620256126,0.00261181100103
x,2,0.234135806561,0.195917218924,19524,18933,-135.0,1,0.00509824696928,0.000615533208475,-0.0205177739263,25,0.000809635967016,-0.00128257088363,2.91261821985e-05,-0.000211829319596,0.00529917143285,-0.000103006139398,0.000466061756015,-0.00169175304472,0.00153846852481,0.000221934169531,-0.00411245040596,0.00726950321885
x,2,0.234135806561,0.195917218924,25029,23796,-105.0,2,0.00452305516228,0.00101148686372,-0.0337162278593,26,0.00165513157845,0.00110464915633,-9.84892249107e-05,0.000360440462828,0.00134507194161,-0.0005820132792,0.000834837555885,-0.000749532133341,0.000830087810755,0.00137281417847,0.00106093287468,0.00334742901506
x,2,0.234135806561,0.195917218924,19718,18564,-75.0,3,0.00510682119057,0.00120739848353,-0.040246617049,27,-0.000379264354706,-0.000498432666063,0.000648099929094,-0.000632256269455,-0.00568209961057,-0.00307310000062,0.000917639583349,-0.000499051064253,0.00248336791992,-0.000426899641752,-0.00246783345938,0.00751484754088
x,2,0.234135806561,0.195917218924,10748,10286,-45.0,4,0.00689211068675,0.000879750528838,-0.0293250177056,28,-0.00136004015803,-0.000452414155006,5.99548220634e-05,0.00110697932541,-0.00142649002373,-0.00324921123683,-3.60794365406e-05,0.00365948677063,0.00296679697931,0.0018334724009,0.00101232528687,0.00651591022452
x,2,0.234135806561,0.195917218924,4414,4228,-15.0,5,0.0107525996864,0.000862061220687,-0.0287353750318,29,0.00246329046786,0.00100819207728,1.79465860128e-05,0.000566011294723,-0.0105212032795,-0.00149843655527,-0.00442190468311,0.00313475355506,0.00382836721838,-0.00523380935192,-0.000337345525622,0.0138523951499
x,2,0.234135806561,0.195917218924,4357,4321,15.0,6,0.010734542273,0.000166158395587,-0.0055386130698,30,-0.00133596546948,-0.00367903057486,-0.00226438883692,-0.000148428604007,-0.00185305997729,0.00136332539842,0.00338533567265,0.0033464631997,0.00128313433379,1.02282501757e-05,-0.00203721318394,0.00736329643835
x,2,0.234135806561,0.195917218924,10307,10595,45.0,7,0.00691564334556,0.000551879231352,0.0183959752321,31,-0.00422237906605,-0.00039610825479,-0.00110866874456,-0.00182083249092,0.00309561192989,0.00389276631176,0.00255564600229,0.00322244502604,-0.00126726552844,0.00173856690526,-0.00331114418805,0.00893163691174
x,2,0.234135806561,0.195917218924,18088,19172,75.0,8,0.00517667271197,0.00116526812781,0.0388422720134,32,0.000481754541397,1.82054936886e-05,-0.000856079161167,0.000620871782303,-0.00198835879564,0.0045043155551,0.000989940017462,-0.00107478350401,-0.00177171826363,-0.00100796297193,-0.00213062018156,0.00603513542795
x,2,0.234135806561,0.195917218924,23802,24691,105.0,9,0.00453973328695,0.000734280736651,0.0244760252535,33,-0.00126280449331,-3.79662960768e-05,-0.00109989754856,-0.00031222961843,-0.00152086466551,0.0017090048641,0.00016575679183,0.000879183411598,0.00147855468094,0.00143491476774,0.00138270482421,0.0038851668288
x,2,0.234135806561,0.195917218924,19151,19385,135.0,10,0.00509392330423,0.00024321404635,0.00810713507235,34,-0.00010899733752,-0.00123795960099,0.000258919782937,0.000154212117195,-0.000177064910531,0.000564881134778,9.25986096263e-05,0.000333648175001,-0.00399066694081,-0.00203484809026,-0.00209828093648,0.00515503596319
x,2,0.234135806561,0.195917218924,38706,39308,165.0,11,0.00358006311581,0.000309074617689,0.0103024877608,35,-0.00157310627401,-0.000234378501773,-0.000198919326067,0.000627029687166,0.00282231718302,-0.000302003696561,0.000515008345246,-0.00101448409259,0.00244568753988,0.000832736492157,0.000545910559595,0.00439161471324
x,3,0.277913033962,0.234135806561,38616,38225,-165.0,0,0.00360739324242,0.000203808915103,-0.00679363077506,36,-0.0014397315681,0.000147837679833,0.000525862909853,-2.5313347578e-05,-0.000831532757729,-0.00075363740325,0.000913667492568,0.000521300826222,-0.000316055491567,0.000464878976345,-0.00138690322638,0.00264146143833
x,3,0.277913033962,0.234135806561,21190,20430,-135.0,1,0.00490026827902,0.000731393171009,-0.0243797730654,37,-0.00160309299827,-0.000256402418017,-0.000441836193204,0.000900322571397,-0.00185267999768,-0.000846359878778,0.000632002949715,-1.83843076229e-06,0.00104610435665,-0.000177366659045,0.00318675674498,0.00441257752908
x,3,0.277913033962,0.234135806561,23289,22171,-105.0,2,0.00468760542572,0.000985035323538,-0.0328345112503,38,0.00275945849717,0.000907547771931,0.000391405075788,0.00191856734455,-0.00106005370617,-0.00387861952186,-0.0005714148283,-0.00162391364574,-0.000360105186701,-0.000852577388287,-0.000134125351906,0.00568136603235
x,3,0.277913033962,0.234135806561,20101,18977,-75.0,3,0.00505490927026,0.00115205545444,-0.0384018495679,39,-0.000349540263414,-0.00109177082777,0.000121619552374,0.000828936696053,-0.0032401047647,-0.000340294092894,-0.000575263053179,0.00105493888259,0.000538643449545,-0.00211499258876,0.000324156135321,0.00435228439974
x,3,0.277913033962,0.234135806561,10657,10110,-45.0,4,0.00693496735767,0.0010550012812,-0.0351667106152,40,-0.00192124769092,-0.000658333301544,-0.000853262841702,-0.00519269704819,0.00144061073661,-0.00255426391959,-0.000783659517765,0.000994261354208,0.00373456627131,-0.000396192073822,0.00212000310421,0.00778571919855
x,3,0.277913033962,0.234135806561,4590,4469,-15.0,5,0.0105048734695,0.000534988590516,-0.0178329534829,41,-0.000481463968754,0.000150995329022,0.00319854170084,0.00382961053401,0.00527609139681,0.00041089951992,-0.000671364367008,0.00414834916592,-0.00249739829451,0.0017715357244,0.000221569091082,0.00895774149447
x,3,0.277913033962,0.234135806561,4312,4457,15.0,6,0.0106762591749,0.000662303937133,0.0220767986029,42,-0.00452013127506,0.000714082270861,0.000251086428761,-0.00464147701859,-0.005251057446,-0.00149117037654,0.00210939906538,0.000893741846085,0.000433141365647,0.00153031013906,-9.93888825178e-05,0.00895168836332
x,3,0.277913033962,0.234135806561,10336,10539,45.0,7,0.00692070182413,0.000389501365134,0.0129833789542,43,-0.000964185222983,-0.000315770506859,-0.000806638039649,0.000204809941351,0.00499455817044,0.00181845761836,0.000508038327098,-0.000945064239204,-0.00231627002358,0.000324280932546,-0.00188808888197,0.00633725252405
x,3,0.277913033962,0.234135806561,18840,20132,75.0,8,0.00506055122241,0.00132785062306,0.0442616902292,44,0.0020384863019,-0.00124628096819,-0.00041414424777,0.000309109687805,-0.000479005277157,0.000783763825893,0.000807955861092,0.00086548179388,0.0027545876801,0.00022454559803,0.00165951624513,0.00431433173179
x,3,0.277913033962,0.234135806561,22177,23409,105.0,9,0.00468059815466,0.00108247692697,0.0360825657845,45,-0.00156458094716,-8.93697142601e-05,0.000311885029078,-0.000403810292482,-0.00213826820254,0.00282984972,-0.00143359228969,3.60421836376e-05,0.00136299431324,0.000331938266754,0.000566702336073,0.00443193521998
x,3,0.277913033962,0.234135806561,20494,21233,135.0,10,0.00489406799898,0.000709359999746,0.0236453339458,46,0.000599781051278,-0.000430166721344,-4.12594527006e-05,-0.000597815960646,0.00217624381185,0.00237587839365,0.000707829371095,0.00183407776058,-0.000488039106131,0.00141469761729,-0.00300079025328,0.00513749545644
x,3,0.277913033962,0.234135806561,38254,38569,165.0,11,0.00360784493387,0.000164232333191,0.0054744114168,47,-0.00157221942209,-0.00111294025555,0.000509527977556,0.000701625831425,0.00197176728398,-0.000253661070019,-0.000268786214292,0.0031638010405,-0.000652236398309,-0.000843304209411,0.000268086325377,0.00443902526362
x,4,0.338090509176,0.277913033962,37888,37231,-165.0,0,0.00364834163338,0.000350312009687,-0.0116770667955,48,-0.000380519777536,-0.000403834506869,0.000196980312467,0.000226768665016,-0.00103335175663,0.00138629134744,-3.46582382917e-05,-0.000917670316994,0.000413274392486,-0.00098134111613,0.00253047700971,0.00343047845708
x,4,0.338090509176,0.277913033962,22537,21833,-135.0,1,0.00474632857367,0.000635510368738,-0.0211836788803,49,-0.000956950709224,-0.000237297266722,2.99513339996e-05,0.000768270343542,-0.000266585499048,-0.000123219564557,0.000395350158215,0.00015464425087,-0.00364985875785,0.000324483960867,-0.00101851113141,0.00403655698029
x,4,0.338090509176,0.277913033962,21974,21027,-105.0,2,0.00482028722763,0.000882085761987,-0.029402859509,50,-0.000821279361844,-0.000302212312818,0.000286232680082,-0.0038135536015,0.000607464462519,-0.00181451998651,-0.000117607414722,0.000538909807801,-0.00224688649178,0.000631870701909,0.000143067911267,0.00498246237804
x,4,0.338090509176,0.277913033962,20380,19287,-75.0,3,0.00501754460856,0.00110364716966,-0.0367882400751,51,-0.000397451221943,-0.000753786414862,-0.000205781310797,-0.00176282227039,-0.00243895873427,-0.000552631914616,0.00154768675566,-0.000231396406889,-0.0015767775476,-0.000406973063946,-0.000280749052763,0.00391273876067
x,4,0.338090509176,0.277913033962,10666,10671,-45.0,4,0.00684594316408,9.38590346777e-06,0.00031286344165,52,-0.00385427824222,0.00163656799123,-0.000690815446433,0.000470769562526,-0.000580471358262,-0.00142563891131,-0.000365453888662,0.000572327757254,-0.00308005511761,0.00257990253158,0.00159672065638,0.00630518262103
x,4,0.338090509176,0.277913033962,4830,4652,-15.0,5,0.0102662909776,0.000751898915041,-0.02506329678,53,-0.00127205252647,-0.000166814774275,-0.00241878069937,-0.00157990306616,-0.00737684033811,0.00308347120881,-0.000171586871147,-0.00189818441868,-0.00023203343153,0.000310599803925,-0.00107518769801,0.00888014600769
x,4,0.338090509176,0.277913033962,4640,4747,15.0,6,0.0103201568127,0.000456558453152,0.0152186155319,54,0.00740537978709,0.0016201781109,0.000368944369256,0.00344138592482,0.00257189851254,0.00188637338579,-0.000802746042609,-0.00257095787674,-0.00102577731013,-0.00397930014879,-0.00363172031939,0.010814232164
x,4,0.338090509176,0.277913033962,10456,10973,45.0,7,0.00682768737897,0.000966335763223,0.0322111919522,55,0.000913396477699,0.00165874511003,0.000703789293766,-0.00498171523213,-0.0013095587492,0.00192711129785,0.00165855512023,-0.000263765454292,0.00237190537155,-0.000400066375732,-0.00172398984432,0.00677537770483
x,4,0.338090509176,0.277913033962,19156,20324,75.0,8,0.00502889277413,0.00118496397045,0.0394987985492,56,-0.00030779093504,-0.00101243704557,7.51353800297e-05,-0.00305003300309,0.00484584644437,-0.0014686845243,-0.000127628445625,1.78813934326e-07,-0.00122024863958,-0.000999320298433,-0.00322044640779,0.00699589769718
x,4,0.338090509176,0.277913033962,21068,21826,105.0,9,0.0048270393163,0.000707802479155,0.0235934164375,57,0.000352710485458,-0.000256065279245,2.5974586606e-05,0.000720432028174,-0.000658536329865,0.00150764361024,0.00134306028485,0.000151850283146,0.000469548627734,-0.000532142817974,-0.00174788013101,0.00296680581359
x,4,0.338090509176,0.277913033962,22071,22599,135.0,10,0.00473083648831,0.000473431777209,0.0157810598612,58,-0.000518064014614,0.00087552331388,0.00019458681345,0.000425651669502,0.00283623114228,0.000190043821931,0.000623336061835,0.00119486264884,0.00305183883756,0.000767797231674,0.00249237753451,0.00522165890923
x,4,0.338090509176,0.277913033962,37353,37552,165.0,11,0.00365377566777,0.000106409817818,0.00354699394666,59,-9.27646178752e-05,0.000545158516616,-1.5368219465e-05,-0.000496478984132,0.000635822070763,0.000215090345591,0.000267310068011,-0.000208631390706,-0.000255732564256,-0.000907998532057,0.000511904247105,0.00150663611245
x,5,0.601937830448,0.338090509176,36463,36501,-165.0,0,0.00370207801461,2.08600031328e-05,0.000695333466865,60,-1.10676628537e-05,1.89851270989e-05,1.88203412108e-05,-0.000928739784285,0.000463632051833,0.00224456377327,0.000477118242998,-0.000491414917633,-0.00210798112676,0.000441457610577,0.00137194048148,0.0036202536249
x,5,0.601937830448,0.338090509176,23830,23015,-135.0,1,0.00461903447285,0.00069684110349,-0.0232280381024,61,-0.00168111920357,1.40611082315e-05,-1.98949128389e-05,-0.00280745327473,0.00146057642996,0.000420378521085,-0.000110045075417,-0.000658536329865,0.00015913695097,-0.00160114467144,0.00111236050725,0.00415820460535
x,5,0.601937830448,0.338090509176,21298,19955,-105.0,2,0.00491882767528,0.00130394683219,-0.0434648953378,62,2.11708247662e-05,-0.000370312482119,-0.000190328806639,0.000694807618856,-0.0012803375721,0.000242374837399,0.000440038740635,-0.00101254880428,-0.000484570860863,-0.00164510682225,0.00580097734928,0.006337663989
x,5,0.601937830448,0.338090509176,20395,19546,-75.0,3,0.00500167626888,0.000851389253512,-0.0283796433359,63,-0.000385943800211,-0.000163681805134,-1.27647072077e-05,0.000682475045323,-0.00140632502735,0.00145956873894,-0.000435639172792,-0.000391965731978,0.000480357557535,0.00132874771953,-0.00038355961442,0.00269009682887
x,5,0.601937830448,0.338090509176,11589,11019,-45.0,4,0.00664695492014,0.00100983888842,-0.0336612984538,64,0.000556368380785,8.54842364788e-05,-8.74102115631e-05,0.00157238543034,0.000429023057222,0.000242844223976,0.000746428966522,-0.000551339238882,-0.00163035839796,0.000262122601271,0.000552661716938,0.0026331097229
x,5,0.601937830448,0.338090509176,5093,5003,-15.0,5,0.00995163805783,0.000357052922482,-0.0119017641991,65,0.00329506956041,-0.000148065388203,0.000110032968223,0.00161701254547,-0.000845213420689,5.40995970368e-05,0.000544097274542,0.000282723456621,-0.00284549593925,0.000724569894373,-0.000156253576279,0.0048213892537
x,5,0.601937830448,0.338090509176,4881,4848,15.0,6,0.0101382136345,0.000135857975692,-0.00452859932557,66,-0.00188485253602,-0.000558020081371,-0.000142311211675,-0.00465125311166,0.00156432646327,0.00439111609012,-0.00086182449013,9.31564718485e-05,-0.000392471905798,0.00214941706508,0.000297414197121,0.00727058346938
x,5,0.601937830448,0.338090509176,11040,11371,45.0,7,0.006678591948,0.000591570045799,0.0197190027684,67,0.000750394538045,-3.25068831444e-05,-0.000334983691573,-0.00197874382138,0.00184697285295,-3.45893204212e-06,-0.000774092972279,0.00173901580274,0.00201816484332,0.000500774011016,-0.00285386666656,0.004908648013
x,5,0.601937830448,0.338090509176,19413,20335,75.0,8,0.00501341884956,0.000929084199015,0.0309694744647,68,0.000416554510593,6.24973326921e-05,0.00035479106009,0.000774124637246,0.00112936273217,0.00119670853019,0.00139206834137,0.000240748748183,0.00194137915969,0.000496428459883,0.000690031796694,0.00317765528007
x,5,0.601937830448,0.338090509176,19951,21194,105.0,9,0.00492592621595,0.0012100226013,0.0403340868652,69,-0.000365246087313,-0.000151634216309,-0.000263802707195,-0.00106822699308,0.00248438492417,0.000825423747301,0.000234700739384,0.000883281230927,-0.00301125645638,0.000135280191898,0.00111003220081,0.00440159051528
x,5,0.601937830448,0.338090509176,22884,23787,135.0,10,0.0046273409389,0.000774961430579,0.025832047686,70,-0.00237033702433,-5.10942190886e-05,-0.000157250091434,-0.00235230103135,0.00188678316772,0.0014944858849,0.000367287546396,0.000774029642344,-0.00060461461544,-0.00110594369471,-0.00126473605633,0.00457108787422
x,5,0.601937830448,0.338090509176,35719,36524,165.0,11,0.00372009514831,0.000446312973509,0.0148770995438,71,0.000955024734139,5.31459227204e-05,-0.000121382065117,-0.000156874768436,-0.000617582350969,0.00201913621277,-0.000147289596498,-0.000232896767557,-0.00125060416758,4.85498458147e-05,0.000493788160384,0.0027016085551
z,0,0.280005296071,0.121260158718,39386,39240,-165.0,0,0.00356628117152,7.43748460081e-05,-0.00247916160151,0,-1.81612558663e-05,0.000397302675992,-0.000194576336071,0.000739368842915,0.00222974503413,-8.13908409327e-05,2.21126247197e-05,0.000389572000131,0.0,-0.000502989627421,-0.0026387036778,0.00361788665469
z,0,0.280005296071,0.121260158718,22064,21628,-135.0,1,0.00478366203606,0.000399690645281,-0.0133230220526,1,0.00162752065808,-0.000375213101506,-0.000514408573508,-0.000248341821134,0.0013614166528,-0.000487138517201,-0.0024732882157,-0.000417610630393,0.0,-0.000792845152318,0.00167501159012,0.00386425645386
z,0,0.280005296071,0.121260158718,28160,26773,-105.0,2,0.00426418893039,0.00101130595431,-0.0337102003396,2,-0.000662855803967,9.0453773737e-05,-0.000479314476252,-9.04574990273e-05,0.00138122215867,-0.00279379636049,-0.000508397817612,-0.00229926407337,0.0,-0.000602677464485,0.00271459668875,0.00486578835469
z,0,0.280005296071,0.121260158718,18273,17615,-75.0,3,0.00527709862217,0.000734371889848,-0.0244790632278,3,0.00227472931147,-0.000386722385883,0.000550637021661,0.00113373808563,0.00374714843929,-0.00140733085573,-0.00111221335828,-0.00113902799785,0.0,-0.00153007358313,0.0039331484586,0.00657870790395
z,0,0.280005296071,0.121260158718,18419,17922,-45.0,4,0.00524480268359,0.00054777081823,-0.0182590279728,4,-0.00209634192288,-0.000304913148284,-0.00211117975414,-0.000169290229678,-0.0027240999043,-0.00306607596576,-0.000902084633708,0.00230376422405,0.0,0.000459853559732,-0.00305979326367,0.00644125679797
z,0,0.280005296071,0.121260158718,11159,11158,-15.0,5,0.00669394433498,1.79474852757e-06,-5.9824953496e-05,5,0.000750227947719,0.000297657621559,0.00114192056935,-0.000470068742288,0.00135773839429,0.00124134973157,-0.00222124229185,-0.00455813016742,0.0,-0.00140699243639,0.000442243879661,0.00578329207746
z,0,0.280005296071,0.121260158718,10968,11051,15.0,6,0.00673900404945,0.000150980165927,0.0050326725468,6,0.000323364511132,0.00202515022829,-0.000810198718682,-0.000270193442702,0.00620709871873,0.00257393019274,-0.000945359002799,-0.000938399927691,0.0,-0.000730691943318,0.000178336631507,0.00724074777867
z,0,0.280005296071,0.121260158718,17381,18153,45.0,7,0.00530267693102,0.000870187068358,0.0290062371641,7,0.000169973820448,-1.14124268293e-05,0.000276021659374,-0.000515725463629,-0.00198186375201,0.00108783133328,0.000535223633051,0.00219539925456,0.0,0.000694977119565,0.00168207101524,0.00372839661462
z,0,0.280005296071,0.121260158718,17608,18204,75.0,8,0.00528297387064,0.0006665874389,0.0222195815295,8,-0.00102557241917,-0.000788981094956,0.000336676836014,0.000325763598084,-0.00213612057269,0.00239138118923,0.000632561743259,-0.0013869497925,0.0,-0.001659816131,-0.00179552659392,0.00452527874128
z,0,0.280005296071,0.121260158718,26791,27781,105.0,9,0.00427944678813,0.000726615660824,0.0242205224931,9,0.00105115957558,0.000237854197621,0.000244630500674,0.000159358605742,-0.000793823972344,0.00197227299213,5.19305467606e-06,0.00106903910637,0.0,-0.000435635447502,-0.00171967595816,0.0031712304863
z,0,0.280005296071,0.121260158718,21452,21879,135.0,10,0.00480355834588,0.000394701288315,0.0131567101926,10,-2.5125220418e-05,-0.000398938544095,0.000563390552998,0.000704979524016,0.000562815926969,0.00216353684664,0.00013664085418,0.00109102856368,0.0,0.000423895195127,0.000275493599474,0.00272698361696
z,0,0.280005296071,0.121260158718,40003,40149,165.0,11,0.00353216961958,7.2958842793e-05,0.00243196147494,11,0.000405508792028,-0.000103109981865,0.000356879318133,0.000197783811018,0.00248104846105,-0.00049555732403,0.000599003513344,0.00036012311466,0.0,-0.000221412163228,0.00144640984945,0.00306142900051
z,1,0.359575500091,0.280005296071,40004,39291,-165.0,0,0.00355096021667,0.000360149773769,-0.0120049929246,12,0.000382075086236,-0.000228404998779,0.000619266182184,-0.000586474314332,0.000586710870266,4.30466607213e-05,0.000113864429295,-0.000293192453682,0.0,0.00116642564535,-0.00112703442574,0.00200033944798
z,1,0.359575500091,0.280005296071,22242,21547,-135.0,1,0.00477771228179,0.000635710253846,-0.021190341562,13,0.000756954774261,-0.00213744305074,0.00105029530823,-0.00134725682437,0.00410943105817,-0.0026373192668,0.000157678499818,-0.00096189416945,0.0,-0.0010920073837,8.83359462023e-05,0.00583550574634
z,1,0.359575500091,0.280005296071,30392,28835,-105.0,2,0.00410650623962,0.0010529513238,-0.0350983776152,14,-0.00067450106144,-0.000129263848066,-0.000177294015884,0.0010868050158,0.00116480514407,-0.00108388066292,-0.000298261642456,0.000253777951002,0.0,-0.00239153951406,0.00123792514205,0.00340897207531
z,1,0.359575500091,0.280005296071,20616,19672,-75.0,3,0.00497965794057,0.000938503129873,-0.0312834382057,15,0.00197884999216,-0.000911183655262,7.25127756596e-05,0.00172843597829,-0.00117401406169,0.000933866947889,-0.00161136314273,-2.9856339097e-05,0.0,-0.000338166952133,0.00149957835674,0.00386648977581
z,1,0.359575500091,0.280005296071,17036,16290,-45.0,4,0.00547538138926,0.000896592449863,-0.0298864152282,16,0.00096326507628,-0.0014376938343,-0.000426774844527,7.60946422815e-05,-0.00291992537677,-0.00468936376274,-0.000337887555361,0.000961160287261,0.0,0.000457772985101,-0.0024136826396,0.00638531785619
z,1,0.359575500091,0.280005296071,7807,7606,-15.0,5,0.00805361010134,0.000522334012203,-0.0174111332744,17,0.00120138004422,-1.92858278751e-05,0.000327210873365,-0.000961944460869,0.00264701992273,0.00191434565932,-0.000652385875583,0.00229558069259,0.0,-0.00050419382751,0.00206083618104,0.0048315710755
z,1,0.359575500091,0.280005296071,7698,7818,15.0,6,0.00802762247622,0.000309771101456,0.0103257037699,18,-0.0017715441063,-0.00443713925779,-4.85293567181e-05,-0.00241885054857,-0.00272906152532,0.00157043803483,0.000990422442555,0.000137493014336,0.0,-0.000932573340833,-0.000707087107003,0.00640025975841
z,1,0.359575500091,0.280005296071,16532,16990,45.0,7,0.00546088209376,0.000547236413695,0.0182412136346,19,-0.000734578818083,0.000711979344487,0.000281872227788,-0.00076099857688,0.00127331539989,0.00178880058229,0.00209332816303,0.00152246281505,0.0,-0.000522214919329,-0.00138661079109,0.00392702747301
z,1,0.359575500091,0.280005296071,19492,20642,75.0,8,0.00498799188063,0.00114769057836,0.03825635463,20,-0.00344370305538,-0.000360049307346,-0.000236116349697,-0.00226696580648,-0.000968649983406,0.00352369248867,0.00138089433312,0.00132665410638,0.0,0.000363264232874,-0.000771015882492,0.00591029689203
z,1,0.359575500091,0.280005296071,29365,30265,105.0,9,0.00409429753199,0.000604528991971,0.0201509669423,21,-0.00262716598809,-0.000616237521172,-0.000434692949057,-0.000233551487327,-0.000891292467713,0.00348279811442,-0.000335074961185,-0.000180840492249,0.0,0.000739781185985,0.00395979359746,0.00606809352996
z,1,0.359575500091,0.280005296071,21525,22344,135.0,10,0.00477294204757,0.000747765763663,0.0249255262315,22,3.57404351234e-05,-0.000159326940775,-0.000307528302073,0.000483820214868,0.002322409302,0.00327002070844,0.00126889906824,0.00162244774401,0.0,0.000469205901027,-0.001246124506,0.00473891976074
z,1,0.359575500091,0.280005296071,39388,39775,165.0,11,0.00355409970507,0.00019580697699,0.00652689952403,23,-0.000765431206673,0.000190201215446,-0.000181271694601,0.000543205533177,-0.000689230393618,0.00165645731613,-0.000588088762015,-0.000147763174027,0.0,-0.000651506707072,0.00109090143815,0.00248013946652
z,2,0.431132227182,0.359575500091,42446,41910,-165.0,0,0.00344291562214,0.000254500249866,-0.00848334189504,24,-0.000927714630961,-0.000105047598481,-0.000306859612465,0.000121324323118,-0.000347839668393,-5.71422278881e-05,0.000231884419918,0.000183843076229,0.0,-0.000220792368054,0.00212659174576,0.002400737366
z,2,0.431132227182,0.359575500091,22238,21357,-135.0,1,0.00478766253218,0.000809428747743,-0.026980958879,25,-0.00215916521847,0.000214587897062,0.000358674675226,0.00106121972203,0.000118164345622,0.000615952536464,-7.5027346611e-05,0.000936036929488,0.0,-0.000481627881527,-0.00164005719125,0.00318744173437
z,2,0.431132227182,0.359575500091,30297,29222,-105.0,2,0.00409775413573,0.000723422854207,-0.0241140965372,26,0.000522557646036,0.000500438734889,0.000627480447292,0.000428684055805,-0.00107249245048,-0.00152505934238,-0.00140808522701,-0.00241962820292,0.0,0.000701500102878,0.00120554119349,0.00378943133158
z,2,0.431132227182,0.359575500091,22102,20898,-75.0,3,0.00481905741617,0.00112149526831,-0.0373831763864,27,0.00145333260298,0.000455155968666,0.000489354133606,0.000589936971664,0.00145456194878,-0.00119608640671,-0.000250961631536,-0.00134488195181,0.0,0.000919837504625,0.00154443830252,0.00339945418773
z,2,0.431132227182,0.359575500091,14752,14275,-45.0,4,0.00586805772036,0.000658196629956,-0.0219398885965,28,-0.000293105840683,0.001220183447,-0.000135144218802,0.00101599656045,-0.0014568194747,-0.00132030434906,-0.000561079010367,0.00238540396094,0.0,0.00149772875011,-0.000545499846339,0.00387769537341
z,2,0.431132227182,0.359575500091,6053,6036,-15.0,5,0.00909502804279,5.63245775993e-05,-0.00187748600729,29,-0.000670498120598,0.000634959083982,-0.000913072726689,0.00138519087341,0.00441111344844,0.000956453382969,0.000603937078267,-0.00083538563922,0.0,0.00413587410003,0.00253622955643,0.0069698239111
z,2,0.431132227182,0.359575500091,5902,6150,15.0,6,0.00910555571318,0.000824198825285,0.0274732951075,30,-0.00219320133328,-0.000796498730779,-7.1294605732e-05,-0.00178753770888,-0.010898694396,0.000567987561226,0.00240885652602,0.00127070210874,0.0,0.0025445073843,0.00489656999707,0.0128692367638
z,2,0.431132227182,0.359575500091,14856,15163,45.0,7,0.00577113730833,0.000409620377468,0.0136540131643,31,-0.0023746797815,-0.0012325309217,-0.001589987427,-0.00280403718352,-0.00111194700003,0.00152039341629,0.00143169611692,-0.000720306299627,0.0,-4.03998419642e-05,9.17399302125e-05,0.00486575653438
z,2,0.431132227182,0.359575500091,20672,21593,75.0,8,0.00486211990938,0.00087280687876,0.0290935635567,32,0.00105174072087,0.000489681959152,-0.000116258859634,-0.000390961766243,-0.000702641904354,-3.03536653519e-05,0.00102513097227,0.000542296096683,0.0,0.000143764540553,-0.000629784539342,0.00194144702653
z,2,0.431132227182,0.359575500091,29305,30407,105.0,9,0.0040910737589,0.000739195675123,0.0246398560703,33,-0.000202978029847,0.00102439709008,-0.000250557437539,0.000108059495687,-0.00054519996047,0.00150454416871,0.000983068719506,-3.53306531906e-05,0.0,-0.000634405761957,0.00211745686829,0.00309511035951
z,2,0.431132227182,0.359575500091,21922,22251,135.0,10,0.00475773308426,0.00029831728898,0.0099439099431,34,0.00138150155544,0.000616395846009,0.000920237973332,-0.00148012209684,0.00375405978411,0.00291926041245,-0.00107693485916,0.00374497845769,0.0,0.000295738689601,-0.00281827524304,0.00715233703147
z,2,0.431132227182,0.359575500091,41217,42280,165.0,11,0.00346020492725,0.000509919715114,0.0169973243028,35,0.000718001276255,-0.000785078853369,-0.000176588073373,0.000486897304654,-0.000954195857048,0.000222800299525,-0.000203929841518,0.000660460442305,0.0,-0.000217212364078,0.00188185833395,0.00253507870785
z,3,0.507446467876,0.431132227182,44545,44484,-165.0,0,0.00335146021098,2.74433896266e-05,-0.000914779666346,36,0.00181044614874,0.000177964218892,0.000641078338958,-0.00137048680335,0.00306796981022,0.000131435022922,-0.000471622799523,0.000448314385721,0.0,7.81720736995e-05,0.00285859988071,0.00486101161918
z,3,0.507446467876,0.431132227182,22618,22149,-135.0,1,0.00472583482042,0.00041961815441,-0.0139872720465,37,-0.00033285934478,-0.00029556453228,0.000386682339013,0.000283467583358,-0.00150051992387,0.000714521855116,0.000914587639272,-0.00150365754962,0.0,-0.00194124784321,-0.00103546399623,0.00333589835191
z,3,0.507446467876,0.431132227182,29449,28332,-105.0,2,0.00415874971077,0.000774296873715,-0.0258098971099,38,0.000653302296996,-8.3277001977e-05,-0.000565497204661,-0.000797180458903,-0.00254674069583,-0.00208726525307,-0.000333750620484,-0.000487623736262,0.0,-0.00020382925868,-0.00201740674675,0.00408561254461
z,3,0.507446467876,0.431132227182,22891,21951,-75.0,3,0.00472049321979,0.000839619082399,-0.0279873032123,39,0.000105792656541,3.86890023947e-05,-0.000715674832463,-0.000373870134354,-0.00657516904175,0.000915609300137,0.00012681633234,-0.00122433528304,0.0,0.000679390504956,-0.0025644376874,0.0072999204081
z,3,0.507446467876,0.431132227182,13036,12403,-45.0,4,0.00626628566533,0.000996651011519,-0.0332216992974,40,-0.00404311344028,-0.000599041581154,-0.000434070825577,-0.00215584412217,0.000143602490425,0.000390361994505,-0.00116825848818,0.000228218734264,0.0,-0.000290311872959,0.00128930062056,0.00498780426533
z,3,0.507446467876,0.431132227182,5025,5028,-15.0,5,0.00997360423207,1.19526721392e-05,0.000398422416765,41,0.0017151030479,0.000132281129481,0.000650596688502,0.000831427052617,-0.00554011296481,-0.0039186142385,-0.000251015007962,-0.000928736058995,0.0,-0.000857729231939,-0.00128862389829,0.0073105282407
z,3,0.507446467876,0.431132227182,5061,4954,15.0,6,0.00999149214476,0.000427929539001,-0.0142643181607,42,-0.000756420195103,-0.00131219252944,0.00128696393222,0.00208654161543,0.00137938093394,-0.00160510931164,0.00209673028439,0.0044187521562,0.0,-0.00587524753064,-0.000382482074201,0.00844804681992
z,3,0.507446467876,0.431132227182,12827,13285,45.0,7,0.00618672510609,0.000702529796399,0.0234176609665,43,-0.00334331765771,-0.00174226611853,-0.000877123326063,-0.00114473700523,-0.000199925154448,0.000918060541153,0.000227104872465,0.00315559655428,0.0,6.90296292305e-05,0.000680221244693,0.00525858058994
z,3,0.507446467876,0.431132227182,21450,22664,75.0,8,0.00475793424994,0.0011022540275,0.0367418006063,44,0.00230955705047,0.000262681394815,-1.72853469849e-06,0.000749606639147,0.00686768442392,-0.000733159482479,5.3383409977e-05,0.000918410718441,0.0,-0.000122155994177,-0.00119735300541,0.00748080777068
z,3,0.507446467876,0.431132227182,27858,29228,105.0,9,0.00418323371559,0.000961236772127,0.0320412255824,45,-0.00117836520076,-0.000274308025837,-0.000683518126607,-0.000471018254757,0.000894779339433,0.000690460205078,0.000171177089214,0.00098592415452,0.0,-9.3899667263e-05,-0.00203834660351,0.0029317626241
z,3,0.507446467876,0.431132227182,22129,22722,135.0,10,0.00472113350406,0.000529568293132,0.0176522769034,46,0.000267527997494,-0.000468708574772,-0.000126492232084,-0.00153579376638,-0.000974052585661,0.000591147691011,0.0003418084234,0.000968785956502,0.0,8.04383307695e-05,-0.00334018282592,0.00402278841487
z,3,0.507446467876,0.431132227182,44399,44794,165.0,11,0.00334832048975,0.000177380439709,0.00591268157586,47,-0.000682076904923,-0.00119489198551,-0.00017447816208,1.4700461179e-05,0.00198898324743,0.000395335257053,-3.05944122374e-05,0.000148569699377,0.0,0.000436860602349,0.000757398083806,0.00261218430337
z,4,0.604066153367,0.507446467876,47632,47629,-165.0,0,0.00323998066597,1.26137888401e-06,-4.20459618908e-05,48,-0.00104503636248,-6.2124687247e-05,0.00015010513016,-0.00098645046819,-0.000128151106765,0.000204895666684,-0.000180199247552,-0.00163150683511,0.0045995991677,-0.000386823783629,0.00114233221393,0.00523976486536
z,4,0.604066153367,0.507446467876,23621,23185,-135.0,1,0.00462184799835,0.000373099232092,-0.0124366413802,49,-0.00164230633527,-0.00123412813991,-0.000763695687056,0.000836802646518,-0.000973677262664,0.00054622720927,0.000689786858857,0.0012341234833,-0.0012015113607,0.000273326411843,-0.000725483521819,0.00328536963105
z,4,0.604066153367,0.507446467876,27998,26636,-105.0,2,0.00427590264007,0.000998512492515,-0.0332837514579,50,0.00124828517437,0.000185653567314,-0.000425398349762,-0.000154685229063,-0.000139243900776,0.000888712704182,-0.000323317945004,7.10412859917e-05,0.00184448063374,0.000136785209179,0.0014593154192,0.00287520006024
z,4,0.604066153367,0.507446467876,23158,22107,-75.0,3,0.00469796685502,0.000929992820602,-0.0309997610748,51,-0.00132006779313,-0.000664569437504,0.000436736270785,-0.00234683044255,-0.00329153612256,-0.00193380750716,0.00164317339659,-0.000510094687343,0.00228321924806,1.67638063431e-07,-0.00290963798761,0.00625265571705
z,4,0.604066153367,0.507446467876,11480,10824,-45.0,4,0.00669073034078,0.00117804121692,-0.0392680428922,52,0.000251870602369,0.000851824879646,0.000170696526766,0.00052185356617,0.00441176816821,-0.00093911215663,0.000267811119556,0.000891529023647,-0.000863056629896,0.000753663480282,0.00339503958821,0.00592805692252
z,4,0.604066153367,0.507446467876,4392,4123,-15.0,5,0.0108273215592,0.00126533955336,-0.0421779863536,53,0.00407841801643,-3.21008265018e-05,-0.000296071171761,0.0061934441328,-0.00426689907908,0.00348776578903,-0.000661548227072,-0.00239507108927,-0.000552944839001,-0.00147711485624,-0.00499723851681,0.0109126482103
z,4,0.604066153367,0.507446467876,4256,4271,15.0,6,0.0108293071389,7.04586709617e-05,0.00234862230718,54,0.00191113515757,0.00335800414905,2.12683808059e-05,0.000348640605807,-4.78373840451e-05,0.00162212003488,-0.000867042690516,0.00288160261698,-0.0121634807438,-0.00149986613542,-0.00235168379731,0.0135081408593
z,4,0.604066153367,0.507446467876,10750,11200,45.0,7,0.00674714427441,0.00082114036195,0.0273713469505,55,-0.000507770106196,0.00182801671326,0.000203758478165,-0.000468151643872,0.00264709442854,0.000665217638016,-0.000618828460574,0.000569028779864,-0.00217729993165,0.000398140400648,-0.00223901122808,0.00468282467638
z,4,0.604066153367,0.507446467876,21825,22557,75.0,8,0.00474560121074,0.000660607707687,0.0220202580094,56,-0.000427724793553,-0.000912202522159,-0.00110608153045,7.27046281099e-05,-0.000906500965357,0.000771600753069,0.00095553509891,0.00104728341103,0.00115273892879,0.000531867146492,-0.000910671427846,0.00284811130312
z,4,0.604066153367,0.507446467876,26297,27993,105.0,9,0.00428807130083,0.00125125388149,0.0417084619403,57,0.00136189907789,-0.000509310513735,0.000338461250067,-0.000749729573727,0.00044172629714,0.00133269280195,0.000539265573025,0.00142830982804,-0.00492089241743,0.000164978206158,0.0024427883327,0.00610757727165
z,4,0.604066153367,0.507446467876,23266,23711,135.0,10,0.00461341626942,0.00037941467599,0.0126471566036,58,-0.00130846071988,-0.000118024647236,-0.00103785470128,0.000425645150244,0.00021352339536,3.99881973863e-05,0.000451808795333,0.000188049860299,0.000960320234299,-0.00121153146029,0.00128240510821,0.00270288493554
z,4,0.604066153367,0.507446467876,46808,47376,165.0,11,0.00325834727846,0.000241551970248,0.00805173255503,59,-0.000700631644577,0.000538229010999,-0.000426184851676,0.000522860325873,-0.00128275016323,0.000769677571952,0.000398091506213,0.00125834066421,-0.00169583316892,0.000404036603868,-0.0027633854188,0.00398631859305
z,5,0.893083631992,0.604066153367,54313,53110,-165.0,0,0.00305072311312,0.000448546808911,-0.0149515606463,60,-0.00236139539629,-0.000402047298849,-0.000483538024127,0.000263446010649,-0.00123059004545,-3.34037467837e-05,0.000422450713813,-0.000585678964853,-0.00314928311855,-0.000577095896006,-0.00104768760502,0.00440756943755
z,5,0.893083631992,0.604066153367,26985,25505,-135.0,1,0.0043616797775,0.00112933956552,-0.0376446545124,61,0.000525660812855,0.000368230044842,0.00179617851973,-0.00026148557663,0.00296031683683,0.000259324908257,-0.00142892450094,-0.00054969266057,0.0104342252016,2.95825302601e-05,-0.00198082253337,0.0112995064345
z,5,0.893083631992,0.604066153367,25059,23985,-105.0,2,0.00451358221471,0.000877117563505,-0.0292372535914,62,0.00150846131146,0.000221071764827,0.000280417501926,0.000724133104086,0.00183516740799,-0.000369768589735,0.00156793743372,0.0012482739985,-0.00292589701712,-6.18100166321e-05,-0.00184210389853,0.00473355633576
z,5,0.893083631992,0.604066153367,20881,19948,-75.0,3,0.00494667561725,0.000915276468731,-0.0305092167109,63,-0.000198997557163,-0.000245483592153,0.00254094973207,-8.69836658239e-05,-0.0022595692426,-0.00121185556054,0.000865546986461,-0.000650005415082,-0.00373937375844,-0.000815263018012,0.00154464319348,0.005598506238
z,5,0.893083631992,0.604066153367,7962,7727,-45.0,4,0.00798206962645,0.000599945778958,-0.0199981927872,64,-0.00560623593628,0.000102203339338,4.97698783875e-05,-0.00492470897734,0.00495213828981,0.00037213973701,0.00180401094258,-0.00238200463355,-0.00536028388888,-0.000775240361691,-0.00251312367618,0.0111774575476
z,5,0.893083631992,0.604066153367,3620,3486,-15.0,5,0.011859045364,0.000755299173761,-0.0251766406,65,-0.00577173568308,-0.00189513340592,0.00241842865944,-0.000618882477283,-0.00704240053892,-0.000569326803088,-0.00128281489015,0.00189318135381,-4.43626195192e-05,0.00311986543238,-0.00316813401878,0.0108654574539
z,5,0.893083631992,0.604066153367,3447,3494,15.0,6,0.0120024867356,0.000271215947578,0.00904053170234,66,0.00409577880055,0.00194130651653,0.00125955697149,-0.00444615352899,0.00505748949945,-0.000256109051406,0.00167464883998,-0.000940091907978,0.0132666025311,0.000257157720625,0.00158994924277,0.0158059376426
z,5,0.893083631992,0.604066153367,7388,7777,45.0,7,0.00811566226184,0.00102741667069,0.0342472232878,67,-0.00229467451572,0.0016252361238,0.00116717070341,-0.00195804983377,0.0049465559423,-0.000826630741358,0.00127080082893,-0.00134675949812,0.0038142260164,0.00069696828723,-0.00398015417159,0.00851817540828
z,5,0.893083631992,0.604066153367,19598,20776,75.0,8,0.00497301016003,0.00116864580195,0.0389548614621,68,0.00147360935807,-0.00103215873241,0.00159786269069,-5.31561672688e-05,0.00230107083917,0.000391993671656,0.000649098306894,-0.000168051570654,-0.00235165283084,0.000325825065374,-0.000897400081158,0.00425826054265
z,5,0.893083631992,0.604066153367,23992,25385,105.0,9,0.0044970670715,0.00112996727694,0.0376655757427,69,-0.00275397673249,0.000532072037458,-0.000893965363503,0.000170707702637,-0.00117237120867,0.000447556376457,0.000479031354189,-0.000688895583153,-0.0162287391722,0.00124769285321,-0.00234895199537,0.0167756043368
z,5,0.893083631992,0.604066153367,25623,26288,135.0,10,0.00438840547577,0.00051309959963,0.0171033199877,70,-0.000349629670382,-0.000471092760563,7.3766335845e-05,-0.000661605969071,-0.000928850844502,-0.000272473320365,-0.000119090080261,0.000145524740219,-0.0064876396209,-3.13986092806e-05,0.00229498185217,0.00700835887709
z,5,0.893083631992,0.604066153367,52960,53728,165.0,11,0.00306141446345,0.000288326846203,0.00961089506745,71,-0.000191008672118,-0.00057558901608,-0.000188948586583,0.000374182127416,0.00254582241178,-3.47150489688e-05,-0.000771895982325,0.000481343828142,0.00827825628221,-0.000438709743321,-0.00176251027733,0.00892647012133
pt,0,0.253585904837,0.000284209789243,37507,36898,-165.0,0,0.00366583582945,0.000327834481141,-0.0109278159216,0,0.00185868795961,0.00152361299843,-0.000166920013726,-9.21227037907e-05,0.00216409005225,0.00191516336054,0.000656605698168,0.000168452039361,-0.00127849448472,0.00053387042135,0.00121756270528,0.00424560180463
pt,0,0.253585904837,0.000284209789243,24498,23958,-135.0,1,0.00454232422635,0.000446360354545,-0.0148786790669,1,-0.000304903835058,-0.000183013267815,0.000995530746877,-0.0018118629232,0.00262711010873,-0.00110071152449,-0.000272022560239,0.000925114378333,0.0012126956135,8.89413058758e-06,-0.00201562326401,0.0043562532174
pt,0,0.253585904837,0.000284209789243,19682,18899,-105.0,2,0.00508924992755,0.000812882382888,-0.0270960796624,2,4.96637076139e-05,-5.79282641411e-07,-0.000607617199421,0.0015282612294,-0.00286737270653,-0.000353531911969,-0.00141036696732,0.000325113534927,2.21822410822e-05,0.000115321949124,-0.000776803120971,0.00371027047563
pt,0,0.253585904837,0.000284209789243,19059,18177,-75.0,3,0.00517965946347,0.000948735221755,-0.031624507159,3,-0.00131734088063,-0.000853378325701,0.000417666509748,-0.00058189034462,0.00115029141307,-0.00125792995095,-0.000122502446175,-0.000699829310179,-0.000487321987748,6.11133873463e-05,-0.00152868404984,0.0029941779754
pt,0,0.253585904837,0.000284209789243,10807,10559,-45.0,4,0.00684047490358,0.000464908895083,-0.0154969636351,4,-0.00122109614313,-0.000499558635056,-0.0011202134192,0.00110493786633,0.000776575878263,-0.003019108437,-9.89995896816e-07,-0.000706074759364,0.000947400927544,0.00217081978917,0.00251531414688,0.00513515931015
pt,0,0.253585904837,0.000284209789243,7005,6847,-15.0,5,0.00849558692425,0.000456860929262,-0.0152286980301,5,0.00398989021778,-0.000902520492673,0.00122051779181,0.00297816935927,-0.00413822289556,8.83955508471e-05,1.4497898519e-05,0.000604811124504,-0.000820636749268,-0.000787627883255,-0.00535529572517,0.00863508120721
pt,0,0.253585904837,0.000284209789243,6650,6673,15.0,6,0.00866358913481,6.91457098583e-05,0.00230485713109,6,0.00309560261667,-7.18357041478e-05,-0.000286305206828,-0.0018176252488,0.0014502548147,0.00311456806958,-0.00125650083646,-0.00240706885234,0.00219970522448,0.0016367805656,-9.93232242763e-05,0.00629903286562
pt,0,0.253585904837,0.000284209789243,10348,10692,45.0,7,0.00689245015383,0.000654865521938,0.0218288507313,7,0.00166711211205,0.00121089629829,0.00048734806478,-0.00150178745389,-0.00271484255791,0.00106997974217,4.37833368778e-05,-0.00054695084691,0.00101709738374,0.000587081536651,-0.0039787646383,0.00572402176536
pt,0,0.253585904837,0.000284209789243,18256,18904,75.0,8,0.00518614193425,0.000698455492966,0.0232818499207,8,-0.00178198702633,-0.00106143578887,4.57745045424e-05,0.000552017241716,0.00257049873471,-0.00027765147388,9.44491475821e-05,0.000316603109241,0.000333080068231,0.000145668163896,0.0018200725317,0.0038532427719
pt,0,0.253585904837,0.000284209789243,18732,19476,105.0,9,0.00511418050155,0.00077993440209,0.025997813791,9,-0.00374816916883,0.000207440927625,-0.00134485960007,-0.00208718888462,-0.00181800499558,0.000741273164749,-0.000767594203353,0.00016281940043,-0.00050906278193,0.000467861071229,0.00470968522131,0.00688377233131
pt,0,0.253585904837,0.000284209789243,23668,24059,135.0,10,0.00457711610943,0.00032813459984,0.0109378201887,10,-0.0015436084941,-0.000144328922033,-0.00109084416181,-0.000202431343496,-0.000691175460815,0.000755083747208,0.000888608396053,0.00139256007969,0.00131725985557,-0.000256306491792,0.00226399954408,0.00378652365309
pt,0,0.253585904837,0.000284209789243,37086,37105,165.0,11,0.00367133785039,1.02575068013e-05,0.000341916893376,11,-0.000230248624575,0.00124592822976,0.000114349648356,-0.000796233711299,-0.000220170477405,0.000583214801736,-0.000119789736345,0.000436371512478,-0.00087240897119,0.000479289417854,0.00262521812692,0.00327542146034
pt,1,0.34494125843,0.253585904837,40755,40118,-165.0,0,0.00351620512083,0.000315482495353,-0.0105160837993,12,7.39190727472e-06,-0.00116511806846,0.000475015491247,-0.000230863690376,0.000445733778179,-0.00132599379867,-0.000797347165644,-0.000620113685727,-0.000282302498817,-0.0009925076738,-0.00284233316779,0.00370909128699
pt,1,0.34494125843,0.253585904837,21504,20423,-135.0,1,0.00488085206598,0.00103269319516,-0.034423109144,13,-0.00217502564192,-0.000396739691496,0.00115158036351,0.00143902003765,0.000897988677025,0.000243287533522,-0.00149618461728,-0.000109769403934,0.00011545047164,-0.000568866729736,-0.000545397400856,0.00346924222846
pt,1,0.34494125843,0.253585904837,21849,20730,-105.0,2,0.0048432261683,0.00105262582656,-0.0350875295699,14,-0.00308498367667,0.000791974365711,-0.000678494572639,-0.0011734738946,0.000898472964764,-0.00171751901507,-0.000868041068316,-0.00259752944112,0.00242968276143,-0.00119812041521,0.00244836136699,0.00604754888454
pt,1,0.34494125843,0.253585904837,22368,21599,-75.0,3,0.00476780114695,0.00070054968819,-0.023351656273,15,0.000547904521227,-0.000749204307795,0.000658713281155,0.00143500976264,-3.50959599018e-05,0.00123025663197,0.00104162096977,-0.00135008990765,0.00308309495449,-0.000204786658287,5.48493117094e-05,0.00416263898218
pt,1,0.34494125843,0.253585904837,10102,9744,-45.0,4,0.00709639070556,0.000722519238479,-0.0240839757025,16,-0.00413903594017,-0.000787351280451,-0.00180410407484,-0.000166963785887,-0.002849875018,-0.00245061703026,0.000487038865685,0.000465296208858,-0.00103891827166,0.000612547621131,0.00414226017892,0.00736397399443
pt,1,0.34494125843,0.253585904837,1816,1867,-15.0,5,0.0164749808609,0.00055463577155,0.0184878595173,17,0.003274070099,-0.00051311403513,0.00027141533792,0.00136865489185,0.0124370083213,-0.0112337348983,-0.00169285386801,-0.00174429640174,0.0,0.00258673168719,0.00572033040226,0.0184154110506
pt,1,0.34494125843,0.253585904837,1756,1785,15.0,6,0.0168039388955,0.000328028429067,0.0109342811629,18,0.000294592231512,0.00145483575761,0.000526478979737,0.000634545460343,-0.012827062048,-0.00945167243481,0.00391320278868,0.0125023564324,0.0,0.00677527114749,-0.0111685059965,0.0244747357506
pt,1,0.34494125843,0.253585904837,9638,9942,45.0,7,0.00714496849105,0.000621871033218,0.0207290351391,19,-0.000117277726531,3.44291329384e-05,0.00103724002838,-0.000206457450986,-0.000167768448591,0.00265487283468,0.00219698250294,0.00548647344112,0.000603782013059,0.000644767656922,-0.00257096067071,0.00710831673225
pt,1,0.34494125843,0.253585904837,21188,22347,75.0,8,0.00478967698291,0.00106631207746,0.0355437360704,20,0.00226297229528,-8.76188278198e-06,-0.000945325940847,-0.000296894460917,0.00234602764249,0.000983908772469,0.00144468992949,0.000785581767559,7.49751925468e-05,0.00032490119338,-0.00163727253675,0.004250992959
pt,1,0.34494125843,0.253585904837,20808,21777,105.0,9,0.00484363222495,0.000911394774448,0.030379826203,21,0.00139337033033,0.000518120825291,0.000432964414358,0.00147792138159,-0.000407434999943,0.00425269268453,0.0,0.000751743093133,0.000200713053346,0.00119832716882,0.000202557072043,0.00499153873955
pt,1,0.34494125843,0.253585904837,20943,21209,135.0,10,0.00487052183598,0.000252756814007,0.00842522736639,22,0.000537797808647,-0.000575367361307,0.000633764080703,-0.000274144113064,0.000679645687342,0.00203293329105,0.000241573899984,0.00148717314005,0.000546283088624,0.000437879003584,-0.00248273555189,0.00382308814537
pt,1,0.34494125843,0.253585904837,40402,41024,165.0,11,0.0035042562522,0.000305961439153,0.0101987151429,23,-0.000994577072561,-0.000811470672488,-0.00114085711539,0.000194326043129,-1.34576112032e-05,-0.000978335738182,-0.000924805179238,0.000130074098706,0.000478871166706,-0.000249795615673,0.000117420218885,0.00226318239227
pt,2,0.422322869301,0.34494125843,39288,38880,-165.0,0,0.00357663771138,0.000209059813642,-0.00696866074577,24,-0.000130839645863,0.000180456321687,0.000241828151047,-0.00104136159644,-0.000235467217863,0.000811635982245,0.0004863133654,-0.000272223260254,-0.000893727410585,1.34096480906e-05,0.00273231370375,0.00323757146269
pt,2,0.422322869301,0.34494125843,19018,18329,-135.0,1,0.00517297489569,0.000738929375075,-0.0246309805661,25,0.000646689906716,-0.000601274892688,0.000397186726332,-0.00160407088697,0.00084325671196,-0.00178389437497,0.000819008797407,-0.000895511358976,-0.00225118547678,-0.000651065260172,-0.00138132087886,0.00403440038418
pt,2,0.422322869301,0.34494125843,24117,22928,-105.0,2,0.00460782367736,0.0010122966487,-0.0337432213128,26,-0.000108025968075,-0.000272020697594,0.000775739550591,0.000297624617815,-0.00231939926744,0.0005237236619,-0.000622358173132,-0.000454545021057,0.000528287142515,-0.00126745551825,-0.000874027609825,0.00311019492946
pt,2,0.422322869301,0.34494125843,21925,20737,-75.0,3,0.00483814673498,0.00111535890028,-0.0371786318719,27,0.000302087515593,-6.59786164761e-05,0.000316716730595,-0.00063968077302,-0.00555466115475,0.000662874430418,-0.000806484371424,-0.000399217009544,-0.000878550112247,-0.00116113945842,-0.000192034989595,0.00590470472752
pt,2,0.422322869301,0.34494125843,10898,10395,-45.0,4,0.00684960372746,0.000946173036937,-0.0315391011536,28,-0.000476807355881,-0.000165671110153,0.000173790380359,-0.000200062990189,1.06114894152e-05,-0.00162036530674,-0.000753419473767,0.00297881476581,-0.00276538170874,-8.2902610302e-05,0.000787723809481,0.00454603263836
pt,2,0.422322869301,0.34494125843,3395,3267,-15.0,5,0.0122477058321,0.000769564008806,-0.025652134791,29,-0.00492620095611,0.000308042392135,0.00208198465407,0.000283567234874,-0.00246717222035,0.00256801955402,-0.00255870260298,0.00134892016649,0.0,0.00115589238703,-0.00540299154818,0.00896404089419
pt,2,0.422322869301,0.34494125843,3437,3432,15.0,6,0.0120657142252,2.91551914415e-05,-0.000971839763224,30,0.000992855289951,-0.00393757596612,-0.000810706755146,0.00017072976334,-0.00338236289099,0.00312554975972,0.00225995993242,-0.00276965368539,0.0,-0.00175152288284,-0.000967453699559,0.00742753658628
pt,2,0.422322869301,0.34494125843,10409,10831,45.0,7,0.00685914373025,0.000795787898824,0.0265262648463,31,-0.00403201393783,-0.000650700181723,-0.00167514197528,-0.00385732389987,0.00511484965682,0.000366985797882,0.000214351341128,0.000527517870069,0.00191261991858,-0.000725252553821,-0.00141724012792,0.00819627100672
pt,2,0.422322869301,0.34494125843,20222,21363,75.0,8,0.00490049598739,0.00109897635411,0.0366325452924,32,8.62404704094e-06,-0.00105454027653,0.000666670501232,-0.00121917575598,-0.00321386381984,0.00219913944602,-2.50563025475e-05,0.0019303560257,0.00435210391879,0.00080194696784,0.00123555213213,0.00656090865203
pt,2,0.422322869301,0.34494125843,22983,24251,105.0,9,0.00459825992584,0.00107523647603,0.0358412154019,33,-0.00127488747239,-0.000530049204826,-0.000551041215658,-0.00104764476418,-0.0031067840755,0.0015904456377,0.00037020072341,0.00145355239511,0.00443579256535,3.77893447876e-05,0.00160829350352,0.00632481427949
pt,2,0.422322869301,0.34494125843,18600,19047,135.0,10,0.00515323830768,0.000475572305731,0.0158524103463,34,-0.00130886491388,-0.00049468036741,0.000766398385167,0.000115322880447,0.00247984193265,0.00210224371403,-0.000527862459421,0.00212760083377,-0.00500188395381,-0.000737477093935,-0.00408420339227,0.00775733868728
pt,2,0.422322869301,0.34494125843,38636,39276,165.0,11,0.0035823804792,0.000329014495946,0.0109671503305,35,0.000186041928828,7.48774036765e-05,-0.000179152935743,0.000976773910224,0.00145940668881,0.000700759701431,-0.000646642409265,0.000211851671338,0.000560091808438,0.000373312272131,-0.00190173555166,0.00286007409771
pt,3,0.503969490528,0.422322869301,38474,38121,-165.0,0,0.00361319631338,0.000184592339792,-0.00615307828411,36,-0.00199804408476,-0.000631254632026,0.000897305086255,-0.000435604248196,0.000873879063874,0.000554786063731,0.000392016489059,-0.000862557440996,0.00122778303921,-0.000309472437948,0.000304259359837,0.00300840533418
pt,3,0.503969490528,0.422322869301,18162,17331,-135.0,1,0.00530537823215,0.000937773031183,-0.0312591008842,37,-0.00167056173086,-0.000943969935179,0.000868352130055,0.00158318690956,0.0041684396565,-0.000637587159872,-0.000992968678474,-0.00202056765556,-0.00171415321529,9.70717519522e-05,-0.000272355973721,0.00572847107856
pt,3,0.503969490528,0.422322869301,26214,25150,-105.0,2,0.00441066874191,0.000829702185001,-0.0276567395777,38,0.00310645438731,0.000968549400568,0.00131300836802,0.00170842185616,0.00274419598281,-0.0023549683392,0.000697752460837,0.000781990587711,-0.000335829332471,-0.000457558780909,-0.000214533880353,0.00545654326711
pt,3,0.503969490528,0.422322869301,19669,18681,-75.0,3,0.00510340742767,0.0010318843415,-0.0343961454928,39,0.000755373388529,0.000298921018839,0.000136714428663,-0.000525500625372,-0.00527656450868,-0.00130308791995,0.00151806697249,6.39259815216e-05,-3.87132167816e-05,0.00105015560985,-0.00195539370179,0.00614259387607
pt,3,0.503969490528,0.422322869301,11073,10704,-45.0,4,0.0067746960558,0.000678684213199,-0.0226228069514,40,0.000785643234849,-0.000458715483546,0.000383941456676,-4.70634549856e-05,-0.00268894806504,-0.000599753111601,0.000616451725364,0.000953638926148,-0.000237366184592,-0.000458374619484,-0.00353381410241,0.00475511921287
pt,3,0.503969490528,0.422322869301,4678,4584,-15.0,5,0.010389813222,0.000406501814723,-0.0135500608012,41,-0.000575781799853,0.000352780334651,-0.000312118791044,0.00213031005114,-0.00793758127838,0.00290548894554,-0.000732745975256,-0.00277700927109,-0.000104954466224,-0.0043737674132,0.00349605455995,0.0107773202481
pt,3,0.503969490528,0.422322869301,4589,4557,15.0,6,0.0104563394561,0.000140138741699,-0.00467129144818,42,-0.000699024181813,0.000211411621422,0.00214122515172,-0.00273134955205,0.0110909901559,0.00389690697193,0.00259327562526,0.0046899211593,0.000892901327461,0.00187409634236,-0.00299783889204,0.0138849335125
pt,3,0.503969490528,0.422322869301,10730,11230,45.0,7,0.00674501759931,0.000911962706596,0.0303987581283,43,-0.00359594263136,-0.000157402828336,-0.000472513958812,-0.0020760577172,0.00422419607639,0.00331314280629,-0.000214625149965,0.0013672132045,0.00180717743933,0.000576306134462,-0.00451551377773,0.00849781333802
pt,3,0.503969490528,0.422322869301,18424,19277,75.0,8,0.00514784362167,0.000906224013306,0.0302074681967,44,-0.000103820115328,0.000781785696745,-0.000547470524907,0.00051069073379,0.00174934789538,0.000781040638685,0.00115903280675,0.000883331522346,6.65653496981e-05,4.34853136539e-05,-0.00136134587228,0.00297253345807
pt,3,0.503969490528,0.422322869301,25038,26294,105.0,9,0.00441137561575,0.00098003342282,0.0326677821577,45,-0.000921782106161,0.00141770765185,0.00032165274024,0.000315524637699,0.000806253403425,0.00232295319438,-2.82488763332e-05,0.000293631106615,-0.000165786594152,4.29525971413e-06,-0.000420926138759,0.00306601521484
pt,3,0.503969490528,0.422322869301,17735,18368,135.0,10,0.0052614971064,0.000702263030689,0.0234087686986,46,-0.00136974640191,-0.000851029530168,-0.00041425973177,-0.00193124823272,0.0028786379844,0.00236071273685,0.000700557604432,-0.000302707776427,-0.00330026075244,0.00106919184327,0.00224369764328,0.00616545155694
pt,3,0.503969490528,0.422322869301,37892,38635,165.0,11,0.00361456605606,0.000388878135709,0.0129626048729,47,0.000123570673168,-0.0010511148721,0.000310558825731,-0.000202081166208,0.00056535564363,0.00133801158518,0.00024232827127,0.000322909094393,-0.00298150163144,-0.000727281905711,-0.000109480693936,0.00360007889063
pt,4,0.61112511158,0.503969490528,37987,37753,-165.0,0,0.00363357109018,0.000123745645396,-0.00412485515699,48,-0.00220893975347,-0.00033971760422,-0.0003742412664,-0.00113730411977,2.95354984701e-05,-0.000220215879381,0.000820330809802,0.00104813789949,-0.00171627383679,-0.000267477007583,5.86803071201e-05,0.00335705620378
pt,4,0.61112511158,0.503969490528,17931,17356,-135.0,1,0.00532218301669,0.000652668299153,-0.0217556096613,49,-0.0020433422178,-0.000427521765232,-0.00144951976836,0.000798903405666,-0.000802725553513,0.00200793892145,-0.000216780230403,-0.000268422067165,-0.00331568717957,-0.00152134150267,-0.00188280828297,0.00536151434402
pt,4,0.61112511158,0.503969490528,27938,26513,-105.0,2,0.00428283959627,0.00104821030982,-0.0349403433502,50,0.000558651983738,-0.00022741034627,-0.00133197009563,-0.000324804335833,-0.00275393202901,-0.0012156739831,6.5341591835e-05,0.000583007931709,-0.0039380621165,-3.49804759026e-05,-0.000529151409864,0.00523824211011
pt,4,0.61112511158,0.503969490528,16656,15880,-75.0,3,0.0055411211215,0.000955293886364,-0.0318431295455,51,0.000507242977619,0.00119299255311,8.91536474228e-05,-0.000390637665987,-0.00025388225913,-0.00165171921253,0.000334572046995,-0.00126823782921,0.00219514966011,-0.000289931893349,0.00253813713789,0.00420701244323
pt,4,0.61112511158,0.503969490528,12217,11474,-45.0,4,0.00649123359472,0.00125615962315,-0.0418719872832,52,-0.00375336036086,-0.000695958733559,1.09970569611e-05,-0.00168488919735,0.00272800028324,-0.00497967004776,-0.00122294947505,0.00134124234319,0.00342562794685,-0.000399496406317,-0.00405895709991,0.00901744630255
pt,4,0.61112511158,0.503969490528,5537,5445,-15.0,5,0.00954183936119,0.000335541146342,-0.0111847054213,53,-0.00168090406805,-3.53809446096e-05,-0.00211743824184,-0.000344417989254,-0.00140302907676,-0.00124799273908,-0.000632791779935,-0.00685092993081,0.000975721515715,0.00131686776876,0.00463820062578,0.00908237743208
pt,4,0.61112511158,0.503969490528,5353,5478,15.0,6,0.00960758328438,0.000462254218291,0.0154084740207,54,-0.00492987129837,0.000434585846961,0.00116381514817,-0.000665213912725,-0.00802701339126,0.00198958814144,0.00173345673829,-0.00230710394681,-0.000865585170686,-0.00488283578306,0.00249990168959,0.0115693261859
pt,4,0.61112511158,0.503969490528,12133,12414,45.0,7,0.00638190098107,0.000458508438896,0.0152836153284,55,-0.00409412570298,-0.000541849061847,-0.00212254747748,-9.29795205593e-05,-0.00231986586004,-0.000210747122765,0.00210165884346,0.00165190733969,-0.00124754477292,-0.000360766425729,0.00209447182715,0.0063414991117
pt,4,0.61112511158,0.503969490528,15610,16572,75.0,8,0.00556989945471,0.00119729572907,0.0399098582566,56,0.00256857648492,0.0011748559773,-8.9019536972e-05,0.000429067760706,0.00180942565203,-6.30393624306e-05,-0.000358309596777,0.00115279853344,-0.00240622460842,0.000166423618793,0.000550057739019,0.00436181131276
pt,4,0.61112511158,0.503969490528,26818,28091,105.0,9,0.0042655011639,0.000928590656258,0.0309530217201,57,-0.00159671343863,-0.000569902360439,0.00018291734159,-0.000423820689321,-0.00034224241972,0.000603893771768,-9.27858054638e-05,0.00095184519887,-0.00304387323558,0.000172682106495,0.00356281176209,0.0051451348206
pt,4,0.61112511158,0.503969490528,17485,17955,135.0,10,0.00531110726297,0.000531182275154,0.0177060756832,58,0.00272452645004,0.00114522129297,0.00100417248905,-0.000581778585911,0.00171440653503,0.00143720582128,0.00161684677005,0.00125985965133,0.00471954606473,-0.0017472114414,-1.44504010677e-05,0.00667942113875
pt,4,0.61112511158,0.503969490528,36995,38141,165.0,11,0.00364742102101,0.000610908260569,0.0203636083752,59,-0.000220695510507,-9.36519354582e-05,-7.88383185863e-05,0.000460358336568,0.0018558781594,0.0010644402355,0.000620290637016,0.00136924162507,0.00191368535161,0.00125304795802,0.000330578535795,0.00352904028172
pt,5,1.19308447838,0.61112511158,36652,36227,-165.0,0,0.0037041248288,0.000233574770391,-0.00778582599014,60,0.00018432829529,6.96983188391e-05,-5.07314689457e-05,0.000937683042139,-0.00143410824239,-0.00103555759415,-0.00119880540296,-0.000164208002388,0.00100972317159,0.000865290872753,0.0019246796146,0.00331458344081
pt,5,1.19308447838,0.61112511158,18429,18277,-135.0,1,0.00521945115179,0.000165861623827,-0.00552872102708,61,0.00138714583591,-0.00128019088879,0.000170073937625,-0.00051094731316,-0.000350821297616,-0.00129318330437,0.001270679757,0.000370176974684,-0.00354518485256,-0.00192433595657,-0.00159010943025,0.00511859001822
pt,5,1.19308447838,0.61112511158,28965,28092,-105.0,2,0.00418557273224,0.000612836622167,-0.0204278882593,62,0.000122686848044,-7.73444771767e-05,-0.000191709026694,-0.000590434297919,0.00199071876705,-0.000694986432791,0.000322312116623,-0.00134267099202,-0.00304961018264,0.000630605965853,0.00144721567631,0.00430711463168
pt,5,1.19308447838,0.61112511158,13343,12607,-75.0,3,0.00620325654745,0.00113600399345,-0.0378668010235,63,0.00256043300033,-0.00132203474641,0.000747177749872,-0.000148445367813,-0.00108179822564,-0.00319968163967,-0.00383134931326,-0.00186001136899,-0.000346690416336,0.00049053132534,-0.000560898333788,0.00625351546356
pt,5,1.19308447838,0.61112511158,13961,13256,-45.0,4,0.0060578705743,0.00103750044946,-0.0345833487809,64,0.00146102160215,0.00252708420157,0.000446565449238,-0.00154903903604,0.00312614440918,0.000161997973919,-0.00166089832783,-0.000206705182791,-0.000211670994759,0.00113333016634,-0.00080856308341,0.00506981557394
pt,5,1.19308447838,0.61112511158,6808,6671,-15.0,5,0.00861253868788,0.000407101149904,-0.0135700386018,65,-0.00032215565443,0.00128014665097,0.000954196788371,-0.000865488313138,0.00184851605445,0.00128335878253,-5.88782131672e-05,0.00388932600617,-0.00377945415676,0.00412438251078,-0.00323762744665,0.00808538819977
pt,5,1.19308447838,0.61112511158,6976,7120,15.0,6,0.00842193048447,0.000409172120271,0.013639071025,66,0.00178700871766,-0.000571640208364,-7.06156715751e-05,-0.000243175774813,-0.00394332315773,-0.00201717112213,0.000774936750531,0.00386277586222,-0.00753067899495,-0.00037907063961,0.0039219558239,0.0105338118963
pt,5,1.19308447838,0.61112511158,13736,14130,45.0,7,0.00598942721263,0.000566318864003,0.0188772957772,67,-0.00053272023797,0.000404169782996,0.000806797295809,-0.00074684433639,-0.00048559345305,0.00111739523709,0.00132976844907,-0.000411493703723,0.00214804895222,-0.000312894582748,0.00168446451426,0.00355348627962
pt,5,1.19308447838,0.61112511158,12544,13160,75.0,8,0.00623414944857,0.000959885481279,0.0319961830974,68,-0.00380831025541,-0.00228597037494,0.000445544719696,-0.00201053358614,0.00205783173442,0.00122808292508,0.00332267396152,-0.00146840326488,-0.004713203758,-0.000765562057495,-0.00483787059784,0.00944003386252
pt,5,1.19308447838,0.61112511158,27576,28770,105.0,9,0.00421109050512,0.000848751747981,0.0282917246222,69,0.000162933021784,9.14875417948e-05,-0.00107388570905,-0.000179853290319,0.000812774524093,0.00169676914811,0.00129810906947,-0.00137580931187,-0.00300711393356,-0.000331278890371,-0.00339592061937,0.00538728299011
pt,5,1.19308447838,0.61112511158,18190,18765,135.0,10,0.00520079396665,0.000623209460173,0.0207736492157,70,0.0016307272017,-0.000174956396222,-0.00049184076488,-0.00103786960244,0.000147497281432,-0.00108718685806,-0.00161429867148,0.00301208533347,-0.000668779015541,0.00132940150797,-0.00264414772391,0.00510856158745
pt,5,1.19308447838,0.61112511158,35825,35777,165.0,11,0.00373712182045,2.68506919383e-05,-0.000895023113117,71,0.000116334529594,-0.00110212620348,0.000252963392995,0.00141973840073,0.000180162780453,-0.00018682287191,-1.62735814229e-05,0.000344049796695,0.00199274928309,-0.00117421383038,-0.00260239862837,0.00395172955129
q2,0,1.26076292992,1.00000059605,39364,39030,-165.0,0,0.00357150728814,0.000170648723724,-0.00568829104304,0,-0.000362535938621,7.72131606936e-05,-0.000511820893735,-0.000354629941285,0.00211415207013,-0.000528233125806,-0.000655535142869,0.000469086226076,0.00221052579582,0.000272457487881,0.00240373890847,0.00408193247619
q2,0,1.26076292992,1.00000059605,14829,14188,-135.0,1,0.00586792780086,0.000884799635969,-0.029493322596,1,0.00328710861504,-0.00174111686647,0.00424546934664,0.000190826132894,0.0064437482506,-0.00275893509388,-0.00250571779907,0.000194976106286,-0.00443315319717,-0.00053939037025,-0.00646805390716,0.0122117467179
q2,0,1.26076292992,1.00000059605,28963,28052,-105.0,2,0.00418703490868,0.000639983336441,-0.0213327780366,2,-0.00147874467075,0.000752119347453,-0.000969160348177,0.00114470720291,0.00156964175403,-0.000277075916529,-0.000210167840123,0.0017994120717,-0.00029836781323,-0.000729892402887,-0.00178948789835,0.00382735280702
q2,0,1.26076292992,1.00000059605,15666,15410,-75.0,3,0.00567232584581,0.000329954666086,-0.0109984893352,3,0.00383941223845,0.000938110053539,0.00239073950797,-0.000577672384679,0.0111950729042,0.000906845554709,0.000664994120598,-0.000942841172218,0.0023361062631,-0.00111907720566,0.00350760668516,0.0129679104469
q2,0,1.26076292992,1.00000059605,13267,12464,-45.0,4,0.00622865650803,0.00124996621162,-0.0416655428708,4,-0.00112225487828,-0.000759791582823,8.76076519489e-05,-0.000465676188469,-0.00162952020764,-0.00229876488447,-0.000263933092356,-0.00268991291523,0.00133487582207,0.000872477889061,-0.00603165104985,0.00749867604706
q2,0,1.26076292992,1.00000059605,5540,5565,-15.0,5,0.0094894003123,9.01697494555e-05,0.00300565827638,5,0.000168153084815,0.00239385361783,-0.00105714879464,0.00146455387585,-0.00299783609807,-0.00178013020195,-0.000564471585676,-0.00555927120149,-0.00344681786373,0.00561139173806,-0.00187041319441,0.00996333366118
q2,0,1.26076292992,1.00000059605,5770,5761,15.0,6,0.00931250024587,3.12618722091e-05,-0.00104206241667,6,0.00133465975523,0.0017103709979,0.00335278059356,-0.000127146835439,-0.0121547617018,-0.00105537159834,0.00173179572448,0.00300864223391,-0.0133320307359,-0.00466790562496,0.00301251304336,0.0196335095361
q2,0,1.26076292992,1.00000059605,12932,13456,45.0,7,0.006153809838,0.000795360887423,0.0265120305121,7,-0.00555466115475,-0.000216221436858,0.000399896875024,-0.00018154270947,-0.00129255652428,0.000727955251932,0.00188185460865,0.00227115675807,0.00131477229297,0.000781506299973,-0.000394498929381,0.00667001096022
q2,0,1.26076292992,1.00000059605,15295,15629,75.0,8,0.00568600185215,0.000432603701483,0.0144201237708,8,-0.00643735565245,-0.00183202046901,-0.000189275480807,0.00016619078815,-0.00842295587063,-0.000313150696456,0.00236786250025,0.00231819879264,-0.00283314101398,0.00142232421786,-0.00233809277415,0.011933177733
q2,0,1.26076292992,1.00000059605,27588,29043,105.0,9,0.00419969018549,0.00102907780092,0.0343025922775,9,-0.00105584412813,0.00127174705267,-0.00071769207716,6.23017549515e-05,-0.00225710682571,0.00320475548506,0.000392608344555,-0.00103079155087,-0.00413813441992,-3.92943620682e-05,0.00227590277791,0.00649139478611
q2,0,1.26076292992,1.00000059605,14677,14834,135.0,10,0.00582099286839,0.000213086124859,0.00710287084803,10,0.00300890766084,-8.92770476639e-05,-0.000252075027674,0.000296013895422,0.000531843397766,0.00268137361854,-0.000493112951517,0.000929636880755,-0.000709221232682,-0.000415698625147,0.00251973234117,0.00498171857079
q2,0,1.26076292992,1.00000059605,38976,39469,165.0,11,0.00357027840801,0.000251721940003,0.00839073117822,11,-0.000183107331395,-0.000994837842882,-0.00135944550857,0.00018822774291,-0.00106322206557,0.00141562148929,-0.000355932861567,-0.0007697744295,-0.00234767701477,0.000837140716612,-0.00306891649961,0.00473191917355
q2,1,1.45991635323,1.26076292992,39092,38532,-165.0,0,0.00358906947076,0.000288955809083,-0.00963186006993,12,-0.00138828996569,-0.000386657193303,0.000613573938608,-0.00122757442296,0.000843955203891,-0.00184261053801,0.000700870528817,6.43245875835e-05,-0.00400152476504,0.000393304973841,-0.000986617989838,0.00506985208791
q2,1,1.45991635323,1.26076292992,18157,17657,-135.0,1,0.00528321322054,0.00055918644648,-0.0186395477504,13,-0.00282074697316,-0.000895345583558,-0.00141205079854,0.000629633665085,0.0037528462708,0.000327562913299,-0.00204914622009,0.000916009768844,0.000449256971478,-0.00122197717428,-0.00595899671316,0.00822085833725
q2,1,1.45991635323,1.26076292992,25716,24959,-105.0,2,0.00444136746228,0.000598331040237,-0.0199443679303,14,0.00359383784235,0.00105498544872,0.00106367282569,0.000603200867772,0.00272785127163,0.000147264450788,0.000928858295083,-0.00128502957523,0.000411834567785,-0.000723205506802,-0.00164215825498,0.00537495782978
q2,1,1.45991635323,1.26076292992,18813,17812,-75.0,3,0.0052218195051,0.00109470193274,-0.0364900641143,15,-0.000549133867025,9.32589173317e-05,0.000572994351387,-0.000578720122576,-0.00817113369703,-0.00243121385574,-0.00155656784773,-0.00231242924929,-0.00517522543669,0.00228198245168,0.000304274260998,0.0106538692031
q2,1,1.45991635323,1.26076292992,11880,11292,-45.0,4,0.00656551588327,0.00101637328044,-0.033879108727,16,-0.00279906392097,-0.0010227188468,-0.00235218554735,-0.00160746276379,-0.00125661864877,-0.00227689743042,-0.00289284810424,0.00192009657621,0.000609047710896,-4.80487942696e-05,0.000715546309948,0.00605816587221
q2,1,1.45991635323,1.26076292992,4730,4703,-15.0,5,0.0102960802615,0.000114644535643,-0.00382148451172,17,-0.00204523000866,-0.00114144547842,0.00563107337803,0.00564812263474,-0.00122245016973,-0.000968716922216,-0.00148761016317,-0.000462770927697,0.00219254032709,0.00343833630905,6.65332190692e-05,0.00951787236758
q2,1,1.45991635323,1.26076292992,4621,4770,15.0,6,0.0103168385103,0.000635497504845,0.0211832504719,18,-0.00338598154485,-0.00479970499873,-0.00274538621306,-0.000395843759179,0.0106656812131,-0.0036036465317,0.000987792387605,-0.00208082608879,0.00585804786533,0.00538585521281,0.00311771407723,0.0157254180914
q2,1,1.45991635323,1.26076292992,11467,11881,45.0,7,0.00654264586046,0.000710215419531,0.0236738473177,19,-0.00384315289557,0.000543219968677,-0.00259443931282,0.000305470079184,0.00792905129492,0.00201947800815,-0.000828256830573,0.000741375610232,0.000530816614628,-0.00204765424132,-0.00156760960817,0.00984912110394
q2,1,1.45991635323,1.26076292992,17520,18514,75.0,8,0.00526440190151,0.00110487546772,0.0368291847408,20,0.0015764310956,-2.60509550571e-05,-0.00105682015419,0.000779114663601,0.00074490904808,0.00129316002131,-0.000213086605072,0.00215522199869,0.00243360549212,0.000491820275784,0.00221145153046,0.00470978587526
q2,1,1.45991635323,1.26076292992,24391,25549,105.0,9,0.00447267666459,0.00092875136761,0.0309583786875,21,-0.00194978900254,-2.8882175684e-05,-0.000768970698118,-7.83335417509e-05,-0.000937640666962,0.00132787786424,1.65216624737e-06,0.00250124186277,-0.00196004100144,-7.50310719013e-05,0.000331465154886,0.00415401807642
q2,1,1.45991635323,1.26076292992,17764,17927,135.0,10,0.00529312994331,0.000182923002285,0.00609743362293,22,0.0012794402428,-0.00241995579563,0.00137657811865,-0.00064936792478,-0.00159946968779,-0.00100414967164,-0.00141578540206,0.000813389662653,-0.000497505068779,-0.000129588879645,-0.00288155581802,0.00496086069175
q2,1,1.45991635323,1.26076292992,38703,39102,165.0,11,0.0035849744454,0.000205402073334,0.00684673571959,23,-0.000835379585624,-0.000817214604467,-0.000208579469472,0.000206848606467,0.00492256693542,-0.000220278277993,0.000350406393409,0.00173671683297,0.000680114608258,0.000770943704993,-0.000353331677616,0.00548205268178
q2,2,1.68655955791,1.45991635323,38567,38270,-165.0,0,0.0036075222306,0.000154819426825,-0.00516064791009,24,0.000526554416865,-0.000364635139704,0.00110841216519,0.000692294444889,8.80565494299e-07,0.000750729814172,-0.00027411384508,-0.000669487286359,0.00317113799974,5.27338124812e-05,0.00210521509871,0.00420664269954
q2,2,1.68655955791,1.45991635323,19683,19171,-135.0,1,0.00507241627201,0.000527805183083,-0.0175935067236,25,0.000704793259501,-0.00148780457675,0.000326568260789,0.000828310847282,-0.000778021290898,-0.000795889645815,0.00172415934503,-0.00079851783812,0.000557288527489,0.000172503292561,0.00341155100614,0.00450900914664
q2,2,1.68655955791,1.45991635323,24416,23175,-105.0,2,0.00458114687353,0.00104444695171,-0.0348148979247,26,0.000336423516273,0.000194359570742,-3.45595180988e-05,0.000486616045237,1.46590173244e-05,-0.00287988781929,-0.00144940987229,-0.000353381037712,-0.000933285802603,4.90732491016e-05,-0.00138598680496,0.00370175253517
q2,2,1.68655955791,1.45991635323,19387,18472,-75.0,3,0.00513675902039,0.00096803571796,-0.032267857343,27,0.00145212188363,-0.00129215046763,0.000912386924028,-0.00140111520886,-0.000177159905434,-0.0026414077729,0.000201728194952,-0.00201494991779,0.00266792625189,0.000280253589153,-0.00428510271013,0.0065758269754
q2,2,1.68655955791,1.45991635323,11416,11030,-45.0,4,0.00667292159051,0.000688791507855,-0.0229597166181,28,-0.00271644629538,0.000999128445983,0.000860957428813,-0.000679841265082,-0.00213302113116,-0.0004200655967,9.56170260906e-05,0.000751910731196,-0.00132359191775,0.00196832977235,0.00131977535784,0.00471694193675
q2,2,1.68655955791,1.45991635323,4782,4667,-15.0,5,0.0102860759944,0.000487473938847,-0.0162491314113,29,-0.00205175019801,0.00106432288885,-0.00161269959062,-0.00352396629751,0.00163536705077,0.00322309602052,-0.000551633536816,0.00210784189403,-0.000273920595646,-0.00404992513359,-0.00307619012892,0.00800696838194
q2,2,1.68655955791,1.45991635323,4762,4741,15.0,6,0.0102581195533,8.85111512616e-05,-0.00295037170872,30,0.0032395652961,0.00150322634727,0.000825516181067,-0.00014264928177,-0.00197303993627,0.00196196394973,-7.32673797756e-05,0.00307952379808,0.00750436028466,0.0020382697694,-0.00463436776772,0.0106129474768
q2,2,1.68655955791,1.45991635323,11083,11556,45.0,7,0.0066435826011,0.000836841703858,0.0278947241604,31,-0.000174578279257,0.000354351475835,0.000399896875024,-0.000724913552403,-0.00309406034648,0.00117461942136,0.00295012630522,0.000442454591393,0.00224847532809,0.000278884544969,-0.00235454551876,0.00560095649853
q2,2,1.68655955791,1.45991635323,18157,19056,75.0,8,0.00518115563318,0.000967619067524,0.0322539694607,32,0.00399363040924,-0.000781960785389,0.000292036682367,0.00120629370213,0.00142509862781,9.5508992672e-05,0.000712543725967,0.000859800726175,-0.000990848988295,0.000240441411734,0.00122537463903,0.00489173968523
q2,2,1.68655955791,1.45991635323,23249,24254,105.0,9,0.00458633899689,0.000847392191645,0.0282464064658,33,-0.000107215717435,-8.27107578516e-05,0.000323675572872,0.000690879300237,-4.86448407173e-05,0.00100613385439,0.000330124050379,-0.00165966711938,0.0037204567343,0.000520166009665,-7.33118504286e-05,0.00431234396467
q2,2,1.68655955791,1.45991635323,19494,19940,135.0,10,0.0050351805985,0.000453005486634,0.0151001829654,34,-0.00130910333246,0.000248092226684,-0.00105572212487,0.000809578225017,0.00112970545888,0.000811284407973,0.000386834144592,0.00150732323527,0.00261679664254,0.000199713744223,-0.00183389801532,0.00426052113942
q2,2,1.68655955791,1.45991635323,37823,38592,165.0,11,0.0036171914544,0.000403076177463,0.013435873203,35,-0.000754048116505,-0.000253056176007,0.000923460349441,0.00112192425877,3.3987686038e-05,-0.000250642187893,-0.000431383959949,2.45859846473e-05,0.00360422674567,-0.000114007852972,-6.79939985275e-05,0.00400035794884
q2,3,1.9857698679,1.68655955791,38407,37524,-165.0,0,0.00362859177403,0.000465780176455,-0.0155260059983,36,-0.00168493576348,0.000165712088346,-0.000140212476254,-5.27463853359e-05,-2.02488154173e-05,5.63208013773e-05,-0.000282611697912,0.000605413690209,-0.00156345032156,-0.00074724201113,-0.0026316056028,0.0036423870577
q2,3,1.9857698679,1.68655955791,20945,20368,-135.0,1,0.00491904839873,0.000559407752007,-0.0186469256878,37,-0.00153357163072,-0.000491619110107,0.000296968966722,0.000975729897618,6.37322664261e-05,0.00237181410193,0.0011523514986,-0.000890051946044,0.00024045817554,-0.00063668563962,-0.00091308914125,0.0035609495353
q2,3,1.9857698679,1.68655955791,23869,22832,-105.0,2,0.00462536467239,0.000889389484655,-0.0296463165432,38,0.000749291852117,-7.99261033535e-05,-0.000161441043019,0.000164717435837,0.0,-0.000741751864552,-0.000186817720532,-0.000977883115411,0.00170258618891,0.000576226040721,0.00347886048257,0.00418278376446
q2,3,1.9857698679,1.68655955791,19651,18333,-75.0,3,0.00512546300888,0.00138980592601,-0.0463268645108,39,0.000807911157608,-0.000117104500532,-0.000403720885515,0.00172081962228,-3.63662838936e-05,-0.00266090035439,0.000341441482306,-0.000150140374899,0.0029789544642,-0.00116711854935,0.000978987663984,0.00471234914913
q2,3,1.9857698679,1.68655955791,11235,10895,-45.0,4,0.00672075245529,0.000615370809101,-0.0205123610795,40,0.000437818467617,0.000482140108943,-0.000835340470076,-0.00010734796524,-6.12623989582e-05,-0.00424600578845,-0.000180082395673,0.00397232361138,-0.000795494765043,-0.000378731638193,-0.000450305640697,0.00599638131765
q2,3,1.9857698679,1.68655955791,4826,4714,-15.0,5,0.0102369943634,0.000470228609629,-0.0156742874533,41,0.00439163763076,-0.00118570216,0.0006541935727,0.00372480880469,0.0,0.00104459933937,-0.000999696552753,-0.000295467674732,0.000109286978841,-0.0030325660482,-0.000394962728024,0.0068217899935
q2,3,1.9857698679,1.68655955791,4774,4757,15.0,6,0.0102430554107,7.14413909009e-05,-0.0023813797161,42,0.00223662052304,-0.00170169491321,-4.71016392112e-06,0.00118207721971,0.00013984600082,0.00636052899063,0.00132917752489,0.0013245966984,0.00277577433735,-0.000470656785183,0.00343695376068,0.00854586526139
q2,3,1.9857698679,1.68655955791,10801,11132,45.0,7,0.00675091752782,0.000604462518822,0.0201487503946,43,-3.34531068802e-05,-9.94224101305e-05,-8.66577029228e-05,-0.00199847668409,0.0,0.00360953621566,0.00129391252995,0.00112828426063,-0.00126118957996,0.000323031097651,-0.000264504924417,0.004664045491
q2,3,1.9857698679,1.68655955791,17966,19176,75.0,8,0.00518389465287,0.00130484672263,0.0434948913753,44,-0.00126918777823,-0.000695746392012,-0.000233788043261,-0.00268423557281,7.42375850677e-05,0.00187103077769,0.00117526948452,-0.00169815868139,0.00116654112935,-0.000886373221874,-0.00217134132981,0.00489766736743
q2,3,1.9857698679,1.68655955791,22722,23826,105.0,9,0.00463267276064,0.000949964742176,0.0316654928029,45,-0.00163929723203,-3.61315906048e-05,-0.00053590349853,-0.00146954506636,-5.60097396374e-05,0.00209539756179,-0.00138577073812,0.00140892714262,0.00113099999726,0.00114339403808,0.00220413506031,0.00456939194177
q2,3,1.9857698679,1.68655955791,20621,20926,135.0,10,0.00490579381585,0.00029403535882,0.00980117917061,46,-0.00129215046763,8.49021598697e-05,-0.000243996270001,-0.00207033008337,0.0,0.00355942826718,0.00169136468321,0.00290202721953,-0.00294898077846,-0.000621599145234,-0.00207148492336,0.00658396468871
q2,3,1.9857698679,1.68655955791,37385,38076,165.0,11,0.00364004075527,0.000366770924302,0.0122256977484,47,0.000561139546335,0.000362866558135,-2.92826443911e-05,0.000705734826624,5.45401126146e-05,0.00135086663067,-0.000778824090958,-0.000875414349139,0.00126773305237,-0.000467132776976,0.000318148173392,0.00246430106865
q2,4,2.4455165863,1.9857698679,37876,37411,-165.0,0,0.00364439329132,0.000247384421527,-0.00824614800513,48,0.000813501421362,0.000101562589407,-3.26428562403e-06,-0.000174314714968,-5.29270619154e-05,0.000689554493874,0.000684847123921,-0.00015162024647,0.000721539370716,-0.000127022154629,-0.00119509454817,0.00190729951084
q2,4,2.4455165863,1.9857698679,22474,21470,-135.0,1,0.00476812990382,0.000915110460483,-0.0305036827922,49,-0.001304641366,-4.49791550636e-05,4.41391021013e-05,-9.50172543526e-05,-0.000500859692693,0.000698855146766,-0.000491727143526,-0.00076006911695,-0.00102080032229,-0.000889739021659,0.000360602512956,0.00228856971674
q2,4,2.4455165863,1.9857698679,23127,21856,-105.0,2,0.00471157999709,0.00113171362318,-0.0377237871289,50,-5.50411641598e-05,-0.000113472342491,-6.77555799484e-05,-0.000981107354164,-2.01910734177e-05,-0.00278326496482,-0.00041277334094,-0.00151049345732,-0.00439991801977,0.000288233160973,-0.00130803138018,0.00568641493808
q2,4,2.4455165863,1.9857698679,19481,18372,-75.0,3,0.00513590918854,0.00117346644402,-0.0391155481339,51,-0.000557623803616,-8.91424715519e-05,-8.25896859169e-06,-0.00191925093532,-1.61305069923e-05,0.000883229076862,-0.000316068530083,0.00175771862268,-0.000469923019409,-0.00200435146689,-0.00129989534616,0.00372830943935
q2,4,2.4455165863,1.9857698679,10870,10389,-45.0,4,0.00685536116362,0.000906236702576,-0.0302078910172,52,-0.0011712051928,0.000108636915684,0.00017848983407,-0.0021317563951,0.000424198806286,-0.00231520272791,3.98047268391e-05,0.00132794491947,0.00276118516922,-0.000872705131769,0.0012747514993,0.00482448413063
q2,4,2.4455165863,1.9857698679,4975,4762,-15.0,5,0.0101298289374,0.000876181118656,-0.0292060375214,53,0.00190765969455,0.000262264162302,-0.000706747174263,-0.00103687308729,0.00100017152727,-2.20984220505e-05,-0.000845562666655,0.0031974427402,-0.00479023717344,-0.000624818727374,-0.0015735141933,0.00656008465107
q2,4,2.4455165863,1.9857698679,4603,4780,15.0,6,0.0103202769533,0.000755563494749,0.0251854509115,54,-0.000805746763945,1.07418745756e-05,0.000440033152699,-0.00349621847272,-0.00107044167817,0.00264415331185,0.000874890014529,-0.000545755028725,-0.00172010436654,-0.00100218318403,-0.000832634046674,0.00518879551086
q2,4,2.4455165863,1.9857698679,10622,10830,45.0,7,0.00682699680328,0.000388360407669,0.0129453474656,55,0.00113117136061,4.78141009808e-06,1.2069940567e-06,-0.00416052062064,3.38759273291e-05,0.000877273268998,-0.000454963184893,0.00130676664412,-0.00151197053492,6.75553455949e-05,0.000373683869839,0.00486879344264
q2,4,2.4455165863,1.9857698679,18284,19260,75.0,8,0.00515784136951,0.00104123482015,0.0347078293562,56,4.51169908047e-05,1.85631215572e-05,4.76017594337e-05,-0.000925824046135,0.000170808285475,0.000236138701439,-0.000352773815393,0.000567104667425,0.00145534053445,1.51768326759e-05,-0.0011735111475,0.00221091950789
q2,4,2.4455165863,1.9857698679,22493,23403,105.0,9,0.00466616777703,0.000794156279881,0.0264718774706,57,-0.000286219641566,1.03730708361e-05,-2.27577984333e-05,-0.0015482287854,-0.000126980245113,0.00153648294508,0.000900495797396,-0.000532399863005,0.000673066824675,-0.00106780417264,0.00187697447836,0.00332671964337
q2,4,2.4455165863,1.9857698679,21404,22230,135.0,10,0.00478573609143,0.000758218578994,0.0252739526331,58,-0.000908406451344,-0.000131594017148,-4.84175980091e-05,-0.000671388581395,-0.00010116584599,-9.84780490398e-06,0.000605963170528,-0.00017935782671,-0.00270399823785,0.00183597393334,0.000669907778502,0.0035828063644
q2,4,2.4455165863,1.9857698679,37313,37365,165.0,11,0.00365934590809,2.78901006823e-05,0.000929670059122,59,-7.88953038864e-05,-0.000106511230115,-0.000160526367836,-0.000472593819723,0.000147159385961,-0.00127292028628,0.000114733935334,0.00243967096321,-0.000529151409864,0.000140577438287,0.00135370856151,0.00316324407362
q2,5,4.73682165146,2.4455165863,37357,37229,-165.0,0,0.00366159412079,6.87372375978e-05,-0.00229124119505,60,-0.000243477290496,-1.81754585356e-05,1.76860485226e-05,-0.00099165760912,-0.000201098970138,0.00163266935851,0.000153596512973,-0.00121422065422,-0.00218736566603,-0.00013241940178,0.00348942587152,0.00471439065331
q2,5,4.73682165146,2.4455165863,23454,22820,-135.0,1,0.00464792177081,0.000548771640752,-0.0182923879474,61,-0.00114720314741,0.000169122591615,-3.00351530313e-05,-0.00226546637714,0.00174884311855,-0.00292583927512,0.000230146571994,-0.000534564256668,-0.00203534960747,-0.00120379775763,-0.00038637407124,0.00491698013255
q2,5,4.73682165146,2.4455165863,22674,21438,-105.0,2,0.00475792447105,0.00112227979116,-0.0374093279243,62,-0.000350471585989,-3.45036387444e-05,-1.6987323761e-06,-0.000999376177788,-0.00171826779842,0.000418327748775,0.000184666365385,-0.000633522868156,-0.000199269503355,-0.00126478821039,0.00509345158935,0.0056805209561
q2,5,4.73682165146,2.4455165863,20022,19282,-75.0,3,0.00504248216748,0.00075410946738,-0.0251369830221,63,-0.000321142375469,-6.92214816809e-05,0.0,0.00139844417572,-0.00209021382034,0.00184577703476,0.000187806785107,-0.0012559928,-0.000810893252492,0.00131611712277,-0.000377863645554,0.00373961752226
q2,5,4.73682165146,2.4455165863,10390,10062,-45.0,4,0.00699089094996,0.000642358558252,-0.0214119516313,64,-0.000606125220656,0.000126346945763,-2.09361314774e-06,0.00220357999206,0.00061041302979,-0.00055200047791,0.000225892290473,3.02065163851e-05,-0.00363275036216,0.00137732177973,0.0024684984237,0.0052111173274
q2,5,4.73682165146,2.4455165863,4386,4270,-15.0,5,0.0107466187328,0.000536760024261,-0.0178920011967,65,-0.000231711193919,0.0,-4.13320958614e-06,-0.00185797549784,-0.000831278041005,-0.000923957675695,0.00146192125976,-0.001583725214,9.26274806261e-05,0.00236837007105,0.00229552201927,0.0045368577658
q2,5,4.73682165146,2.4455165863,4231,4236,15.0,6,0.0108676366508,2.36526539084e-05,0.00078842183575,66,-0.00158096221276,0.00031555496389,-0.000157572561875,-0.00289891962893,-9.18369914871e-06,0.000418641779106,0.00141538283788,-0.000168324666447,-0.00339898699895,-0.00169995939359,-0.00436258735135,0.00683445027697
q2,5,4.73682165146,2.4455165863,10089,10383,45.0,7,0.00698779243976,0.000575210084207,0.0191736705601,67,-0.00119013339281,6.61499798298e-05,0.000132294371724,-0.00236961431801,0.00207883864641,-0.000566281378269,0.000967873260379,0.00138779170811,0.00352373346686,0.000832455232739,-0.00325410440564,0.00618524300757
q2,5,4.73682165146,2.4455165863,19022,19988,75.0,8,0.00506028020754,0.000991837703623,0.0330612584949,68,9.13217663765e-05,7.18347728252e-05,0.0,0.000434573739767,0.00223128125072,0.00181088596582,0.00141962617636,0.000323437154293,0.000865288078785,-3.04616987705e-05,-0.000928398221731,0.00349167623668
q2,5,4.73682165146,2.4455165863,21512,22583,105.0,9,0.00475967023522,0.000972835870925,0.0324278622866,69,-0.000179126858711,-8.71531665325e-05,3.39522957802e-05,0.000440694391727,0.000715896487236,0.00148189812899,0.0009386241436,0.00154948979616,-0.00164010003209,0.000893756747246,-0.00190323591232,0.00365192364983
q2,5,4.73682165146,2.4455165863,22661,23546,135.0,10,0.00465054763481,0.000767140532844,0.0255713518709,70,-0.000969810411334,6.11022114754e-05,3.31923365593e-06,-0.000538008287549,0.00201123207808,0.00167567096651,-0.000376336276531,0.00232213921845,0.0032878164202,-0.000950496643782,-0.000206949189305,0.00503752176188
q2,5,4.73682165146,2.4455165863,36636,37354,165.0,11,0.00367601285689,0.00038867877447,0.0129559598863,71,0.000111532397568,1.40257179737e-06,-1.68196856976e-05,0.000245243310928,-0.000611359253526,0.0014681937173,0.000204966403544,0.000279080122709,-0.00229139439762,-0.00122046284378,0.000519812107086,0.0031196700084
